amount,amount_ratio,new_device,unusual_location,night_transaction,transaction_type,fraud
1487.2991152886025,1.1313299923591142,0,0,0,TRANSFER,1
387.616284868837,1.876458903610908,1,1,0,PAYMENT,0
2322.620134694596,0.3567965915746362,0,0,0,PAYMENT,0
2808.946318520047,0.8189692728903459,0,0,0,TRANSFER,0
155.86103537062542,1.7867660444570872,1,0,0,PAYMENT,0
298.2167267477645,1.0469907570739312,0,0,0,PAYMENT,0
1246.1828063684475,2.793048546926819,0,0,0,WITHDRAWAL,0
799.3168358527449,0.33182540042641967,0,0,0,TRANSFER,0
1078.3623670175973,0.3063579046207081,1,0,0,PAYMENT,0
467.2928142523232,1.7139155729423725,0,0,0,TRANSFER,0
2642.281360981003,1.8332036238735443,0,0,0,TRANSFER,0
2386.9983507986817,0.8734756686694668,1,0,0,WITHDRAWAL,0
1171.4888000605963,1.3234951524876162,0,0,0,TRANSFER,0
3385.446922690393,1.684796667375239,0,0,0,PAYMENT,0
1750.2419985661818,0.5656927209229021,0,0,0,TRANSFER,1
464.38202216686847,0.6096965756502092,0,0,0,TRANSFER,0
1585.6517239191685,1.1420310790452632,0,0,0,PAYMENT,0
420.3624852486433,1.8829925099127551,0,0,0,TRANSFER,0
2639.778526930997,0.4421218091979989,0,0,0,PAYMENT,0
1043.2270169779447,0.8706081031554166,0,0,0,WITHDRAWAL,0
911.5419685554417,0.8428505314699503,0,0,0,WITHDRAWAL,0
555.056802633135,1.3398683642860145,0,0,0,PAYMENT,0
3723.954196113508,0.9939296405297489,0,0,0,PAYMENT,0
939.615282855884,0.6824141764222064,0,0,0,PAYMENT,0
714.5637222850002,2.3964681433278674,0,0,0,PAYMENT,0
771.1373087815809,0.6855867506090991,1,0,0,PAYMENT,0
1867.4127310494755,0.8150812690270653,1,0,0,PAYMENT,1
1580.4170776210112,0.3282274896020492,0,0,0,PAYMENT,0
1656.9479613559004,0.6068108725672517,1,0,0,TRANSFER,1
1687.1921947665,1.4351268656716,0,0,0,PAYMENT,0
9336.134690547977,1.2515982936145453,0,0,0,PAYMENT,0
730.3946347457164,1.521447056815722,0,1,0,PAYMENT,1
657.048128618359,1.4706251759786442,0,0,1,PAYMENT,0
486.00906294039316,4.311991340649914,0,0,0,PAYMENT,0
2030.382387605841,0.5924426646296177,0,0,0,WITHDRAWAL,0
3391.3124970666786,0.32187351524548014,0,0,0,PAYMENT,0
978.5310732589213,0.4793198796512732,0,0,1,WITHDRAWAL,0
473.3540000433592,0.6110623463997643,1,0,0,PAYMENT,1
480.8324075351356,0.5055901816050591,0,1,0,PAYMENT,0
2101.8911957032415,1.0677595698718048,0,1,0,WITHDRAWAL,0
2305.96418896152,2.403337590268108,0,1,1,PAYMENT,1
1887.7751933653994,2.9380948205655533,0,0,0,PAYMENT,0
563.6820169173758,1.4233538475862502,0,0,0,PAYMENT,0
1383.2088368748023,4.476719621249497,0,0,0,WITHDRAWAL,0
1232.359383745519,0.7792205610663343,0,0,0,PAYMENT,0
1364.6982170000692,0.31893647645346335,0,0,0,PAYMENT,0
2621.3081812083483,2.0901266192644044,0,0,0,WITHDRAWAL,0
1371.4111823375367,0.2760933973743156,0,1,0,TRANSFER,0
2162.269326028799,0.5894872923531723,0,0,0,TRANSFER,0
1173.304105453475,1.4391872761491626,0,0,0,PAYMENT,0
1464.2806818060938,0.9308407806560047,1,0,0,TRANSFER,1
2061.704250532964,0.8748814093248137,0,0,0,TRANSFER,0
255.40338063619546,0.43755493166534676,0,0,0,PAYMENT,0
796.580971759546,0.9924668449176202,0,0,0,TRANSFER,0
685.1428424911549,2.018922073728315,0,0,0,WITHDRAWAL,0
578.8956007655621,1.0140756841402698,0,0,0,PAYMENT,0
832.8534936883165,0.5592503147813083,0,0,0,PAYMENT,0
4889.9693337593435,0.4175809244658414,1,0,0,PAYMENT,0
461.35549484141166,0.5673855590245069,0,0,0,TRANSFER,0
2887.8811744680515,1.3160484215143937,0,0,0,TRANSFER,0
203.79818773603512,1.271912386046993,0,1,0,PAYMENT,1
784.5536599414639,0.5710063375122993,0,0,0,PAYMENT,0
1290.4587639525805,0.21277253485242428,0,0,0,PAYMENT,0
1970.8541991040604,1.3417958919834303,0,0,0,PAYMENT,0
2233.2798748560785,0.5334472015617094,0,0,0,TRANSFER,0
2424.4191167670733,1.6198664949289918,0,0,0,PAYMENT,0
773.7701980423167,0.5890308325073926,0,0,0,PAYMENT,0
690.6603765344029,0.5008090854094048,0,0,0,PAYMENT,0
2586.280135671102,1.113179499956322,1,0,0,PAYMENT,0
905.6887238674335,5.209008137794754,0,0,0,TRANSFER,0
306.2230250965243,1.689311405913465,0,0,0,TRANSFER,0
353.0863999311734,1.1000476636363652,1,0,0,TRANSFER,0
437.2686272903432,1.2855621268146724,0,0,0,PAYMENT,1
1802.9162000408467,0.29352833488149455,0,0,0,TRANSFER,1
1264.491995690444,0.4558286719267881,0,0,0,PAYMENT,0
2187.4359855779153,0.1724496092401744,0,1,1,PAYMENT,0
715.3324170927335,3.3565435065870446,0,0,0,TRANSFER,0
1285.0330168895634,2.9129613809596164,1,0,0,PAYMENT,0
2049.9904097839426,1.3164950873527763,0,1,0,PAYMENT,1
804.8480165522564,1.0991977242989124,0,0,1,PAYMENT,0
1731.5551902169636,0.3375259098304169,0,0,1,TRANSFER,0
565.7057456088817,0.8576922110989413,0,0,1,PAYMENT,0
762.7620743046149,3.5066961096096603,0,0,0,WITHDRAWAL,0
748.6429038931738,1.0963551727281373,0,0,1,PAYMENT,0
331.6765856119419,0.6735099387669458,0,0,0,PAYMENT,0
1784.640870162823,0.29210280638932634,0,0,0,PAYMENT,0
685.8079688835057,2.6279761084066178,0,0,0,TRANSFER,1
1110.4205747646176,0.9521252757067099,0,0,0,TRANSFER,0
1773.5645294256094,0.2923762737998998,0,0,0,PAYMENT,0
1713.90757825084,0.5236216081069226,0,0,0,TRANSFER,0
2133.214143688378,0.4089032873487555,0,0,0,PAYMENT,0
993.7786696260723,0.9119040817137833,0,0,0,DEPOSIT,0
718.1666807197973,1.1561982808044116,0,1,0,PAYMENT,0
1012.6052954640671,0.7031029563884778,0,0,0,PAYMENT,0
202.89032579838832,1.7227685477184258,0,0,0,TRANSFER,0
257.9814098748518,1.0567113319698167,0,0,0,PAYMENT,0
292.1596465564384,2.1035337522788446,0,0,0,TRANSFER,0
404.541032902608,0.7787728599374336,0,0,0,PAYMENT,0
1635.6151101236069,8.429419550366152,0,1,1,PAYMENT,0
443.4215708074347,0.6735843117842404,0,0,0,PAYMENT,0
751.3243474621894,0.5313517783965284,0,0,0,PAYMENT,0
4020.768360436169,0.48752661992190094,1,0,0,PAYMENT,0
767.9587562749032,0.8627256780537518,0,0,0,PAYMENT,0
2292.7690735308597,0.3000892754968554,0,0,0,TRANSFER,0
431.1182092885469,1.228991593786204,1,0,0,PAYMENT,0
892.9784443616567,0.2634971732676233,0,0,1,PAYMENT,1
424.1036763729577,1.1198218910804858,0,0,0,WITHDRAWAL,0
781.3060356413947,0.388339150914307,0,1,1,PAYMENT,1
2540.9876866925383,0.7657455189231273,0,0,0,WITHDRAWAL,0
194.93761353935835,1.5268064698343784,1,0,0,PAYMENT,0
1693.2815039727138,5.016971068104672,0,0,0,WITHDRAWAL,0
1390.9407591402207,0.47019848517290436,1,0,0,TRANSFER,1
605.3761765957723,0.900124479561046,0,1,0,PAYMENT,0
258.2536252386914,0.602522016520108,0,0,0,PAYMENT,0
1178.6553192546357,0.543943865541909,0,0,0,PAYMENT,0
645.8112580789727,0.6062387879656858,0,0,0,PAYMENT,0
1383.9212182874303,1.780415088573456,0,0,0,PAYMENT,0
1120.8606935244013,0.7106046121173283,1,0,0,TRANSFER,0
5441.330522685851,4.828418053154646,0,0,1,TRANSFER,0
863.198237850688,1.3380127343689299,0,0,1,PAYMENT,0
394.05973417127774,0.49311766460328066,0,1,0,TRANSFER,1
1311.95757775925,0.7736051888167848,0,0,0,PAYMENT,0
1366.4845293994524,0.5704710288356066,0,0,1,PAYMENT,0
4269.224933057324,1.7507566344958194,0,0,0,PAYMENT,0
2527.81670300317,0.3175418178382204,0,1,1,PAYMENT,0
1566.9260656596396,0.39114929379729774,1,0,0,PAYMENT,1
4737.680226592376,0.6609465642800079,0,1,0,PAYMENT,0
334.0320497395548,1.6129467009953178,0,0,0,PAYMENT,0
578.3900495266474,2.3705978776328234,0,0,0,WITHDRAWAL,0
434.16474489080974,2.6284111378670594,0,0,0,TRANSFER,0
742.624250074132,1.4489817436202375,0,0,0,WITHDRAWAL,0
276.80515647223797,0.9436285499916177,0,0,0,PAYMENT,0
2069.6834395567344,1.744098962831668,0,1,0,WITHDRAWAL,0
878.1147702362475,0.4488123388356806,0,0,0,PAYMENT,0
251.940690712895,0.2749241450873408,0,0,0,PAYMENT,0
397.1924479578314,1.3575020790869463,1,0,0,PAYMENT,0
1500.4402551353971,0.4946153486112507,0,0,0,PAYMENT,0
2535.450387493068,0.9553144625780052,1,0,0,PAYMENT,0
8076.637320550027,1.08734496305646,0,0,1,TRANSFER,0
20208.57838987304,1.1896792005668548,0,1,0,TRANSFER,1
1659.7286983686452,1.9279438589596596,0,0,0,PAYMENT,0
407.6715721284191,1.790424301673569,1,0,1,TRANSFER,0
130.05451637341307,1.1462549316696733,0,0,1,PAYMENT,0
1433.2666122597184,0.7338793065886976,0,0,0,PAYMENT,0
486.4134121968587,1.0783514740597047,0,0,0,PAYMENT,0
723.8923835415789,0.6587920872048094,0,0,0,PAYMENT,0
594.6084971183989,0.8715341361188899,0,0,0,PAYMENT,0
952.6133605152673,6.250874640931402,0,1,0,PAYMENT,1
3184.276013256377,1.1360221184982997,0,1,1,PAYMENT,0
1283.1183016843067,1.370494346926087,1,0,0,WITHDRAWAL,0
935.7657358697239,0.6102805836817637,0,1,0,WITHDRAWAL,0
389.2984399058692,2.042248468846236,0,0,1,DEPOSIT,1
205.47349659857022,1.7026582322936197,0,0,1,PAYMENT,0
674.3114464651624,1.7111177094680565,0,1,0,PAYMENT,0
1039.211414453928,1.1623268169645808,0,1,0,TRANSFER,0
6424.858676075067,2.0625293450669657,0,0,0,TRANSFER,0
1249.21985752093,2.4355671315368137,0,0,0,PAYMENT,0
2929.94670088978,1.2191687127963782,0,0,0,TRANSFER,0
665.6103248365606,0.9229052987628509,0,0,0,DEPOSIT,0
335.3102536679271,1.8704886241666119,0,0,0,PAYMENT,0
417.75002936453643,0.5310560463693917,1,0,0,WITHDRAWAL,0
531.0063264897332,0.6049725484577612,0,0,0,PAYMENT,0
9213.911425684462,0.9633772108176715,0,0,0,PAYMENT,0
482.3226655944074,0.2955403367975604,0,0,0,PAYMENT,0
2536.3699994111375,1.7848184323641143,0,0,0,TRANSFER,0
444.5545732631103,0.5096455875415876,0,0,1,PAYMENT,0
2783.802319131698,0.7188923063310125,0,0,0,PAYMENT,0
1611.5487725444148,0.8613143719535865,0,0,0,PAYMENT,0
937.6362703690944,1.0278824118179692,0,0,0,PAYMENT,0
1052.8304403554741,0.7861896006069016,0,0,0,TRANSFER,1
569.7583391754617,0.9539350104606149,0,1,0,PAYMENT,1
1713.121118791277,0.9591197495828634,0,0,0,PAYMENT,0
695.7681727077555,0.7313071933700119,1,0,1,DEPOSIT,0
321.949350385579,0.5820283504363561,0,0,0,WITHDRAWAL,0
305.53441561787014,2.1319386861507033,1,0,1,DEPOSIT,0
1303.2128501813133,0.22921748921280136,1,0,0,PAYMENT,0
5319.269476238713,0.8658872187364387,0,0,0,PAYMENT,0
1286.9001403671052,0.7201976215062734,0,0,1,TRANSFER,0
973.9516618206608,1.3406492890930695,0,0,0,WITHDRAWAL,0
1459.4663579033095,0.3613150604776127,0,0,0,PAYMENT,0
4048.0952535542765,0.7047939849027693,1,0,0,DEPOSIT,0
1365.6455160475973,0.9308549502468421,0,0,0,PAYMENT,0
727.1063617967353,2.1149930517310978,0,0,0,TRANSFER,0
3315.2513111888647,1.2617876392181915,0,0,1,PAYMENT,0
1683.7124708717406,0.4367292908366223,1,0,0,PAYMENT,0
5093.680801911009,0.7108927509485965,0,1,1,PAYMENT,1
1317.1616525453978,1.8593667018335873,0,0,0,PAYMENT,0
322.3155286134252,0.43147642448190865,0,0,0,TRANSFER,0
279.17555148911543,0.9464368899309408,0,0,0,TRANSFER,1
5715.447822097912,0.9936360196807802,0,0,0,PAYMENT,0
6146.669815855723,0.7633427446481854,0,1,1,TRANSFER,1
916.4255093919572,6.599713559133245,0,0,0,PAYMENT,0
747.5585865611702,0.7490781051869669,0,0,0,PAYMENT,0
4728.882956798925,1.370034074676618,0,0,0,PAYMENT,0
362.4745692194719,0.5848436197493667,1,0,0,PAYMENT,0
448.2149789496812,1.44690037277746,0,0,0,PAYMENT,0
2086.674218875814,1.8396058151921564,0,0,0,WITHDRAWAL,1
739.0716540996405,0.6626059391715303,0,1,0,WITHDRAWAL,0
1091.0307092967137,0.9624325716979217,1,0,0,PAYMENT,0
931.2773156223311,0.5343544805903548,0,0,1,PAYMENT,0
1536.979719818935,0.4488427530810391,0,0,0,TRANSFER,0
4480.46386486591,2.066294285578225,0,0,0,PAYMENT,0
1200.6098402587795,0.6785475900228108,0,0,0,PAYMENT,0
2087.9516514045736,0.1846065214715893,0,0,0,DEPOSIT,1
141.1506696552255,3.4409558960572393,0,1,0,WITHDRAWAL,0
1044.4874839080119,0.5703718706979062,0,0,0,WITHDRAWAL,0
471.9012415586354,0.8415910002933789,1,0,0,PAYMENT,0
324.14370116393223,3.15388351012379,0,0,0,PAYMENT,0
455.70589442712526,0.9055439501676572,1,0,0,TRANSFER,0
785.1513951878418,0.891958545139172,1,0,0,PAYMENT,0
2740.518848867123,0.4232801054817648,0,0,0,TRANSFER,0
291.0826601286888,0.31842013474740627,0,0,0,PAYMENT,0
1130.7444415140446,0.8900564554149029,0,0,0,WITHDRAWAL,0
675.7549880737007,1.289129058427561,0,1,1,PAYMENT,1
790.232262676124,1.2384589020505314,0,0,0,PAYMENT,0
2989.190294826079,0.7139925461031768,0,0,0,WITHDRAWAL,0
1878.2869375668838,1.0142814791961863,1,1,0,TRANSFER,1
4177.206946009951,0.27636108295525197,0,0,0,PAYMENT,0
939.637648614482,1.380046113908907,0,0,0,DEPOSIT,0
546.7859383874006,1.1196141212454365,0,0,0,TRANSFER,0
876.6792439567388,3.9811177673248763,0,0,0,TRANSFER,0
1397.5790815105915,1.0052494830051715,0,0,0,PAYMENT,0
1308.4170914653887,0.516919280873229,0,0,0,WITHDRAWAL,0
370.7811245634252,0.9651167564113172,0,0,0,TRANSFER,0
1200.4956373507898,0.7949628777985218,0,0,0,TRANSFER,0
1377.7793703272264,1.3556696083069637,0,0,0,WITHDRAWAL,0
13595.226772844953,1.0190027400611004,1,0,0,PAYMENT,0
7164.149357352957,0.41396961948462796,0,0,0,TRANSFER,1
467.1996346157132,0.31821745735808976,0,0,0,WITHDRAWAL,0
822.7205877294103,1.202058786125052,0,0,0,PAYMENT,0
253.802904220248,2.6331482374236117,0,0,0,TRANSFER,0
607.4640436383738,1.057115020486833,0,0,0,WITHDRAWAL,0
1503.5811929389374,1.7670440949866166,0,0,0,PAYMENT,0
3662.325550353928,2.03189002753179,0,0,0,PAYMENT,0
528.9617707620131,1.2053310892391298,0,0,0,PAYMENT,0
570.1238169350333,0.5654439854318366,0,0,0,PAYMENT,0
128.08716007358305,1.1465021052236604,1,0,0,PAYMENT,1
932.0011787659207,2.327863796082851,0,0,0,TRANSFER,0
379.0187166411248,1.4490720480727908,0,0,0,TRANSFER,1
645.8456689159411,1.6883837999706437,0,0,0,PAYMENT,0
456.2948593070968,0.723407661049018,0,0,0,PAYMENT,0
997.984201222159,0.8679270324770976,0,0,0,TRANSFER,0
189.099174198124,0.9202507261628893,0,0,0,WITHDRAWAL,0
252.89003617226246,0.9647014519034102,0,0,0,WITHDRAWAL,0
9221.076917192326,2.264991081067386,0,0,0,TRANSFER,1
302.65011996693454,0.1933947949268568,0,0,1,PAYMENT,0
366.2127400650805,1.021606934104002,0,0,0,WITHDRAWAL,0
6883.713431859182,0.9458725321974233,0,0,0,WITHDRAWAL,0
20031.61729911824,0.382873435889249,0,0,0,WITHDRAWAL,1
339.8258808116876,1.6003735193769761,1,0,0,TRANSFER,1
758.8097166108738,0.6022093513793012,0,0,0,PAYMENT,0
1543.1106348709834,0.778860866327992,0,0,0,PAYMENT,0
6177.677337213672,3.6478842260481947,0,0,0,PAYMENT,0
408.7660230525669,2.0278610237895074,1,0,0,PAYMENT,0
858.1012968001555,1.495021902746046,0,0,0,PAYMENT,0
2385.914042090059,1.3054448373857184,0,1,0,WITHDRAWAL,1
1693.8614352047532,0.8911201467972956,0,1,0,PAYMENT,0
752.8333802674881,4.053432632660368,0,0,1,PAYMENT,0
959.274275430014,1.7533308855531164,0,0,0,TRANSFER,0
277.301175479489,0.5917417692954595,1,0,0,PAYMENT,0
864.2190407200237,0.37528422950808366,0,0,0,PAYMENT,0
840.1769378816068,1.4870385642308763,0,0,0,TRANSFER,0
1383.2206862664088,0.9616464697564893,0,0,0,PAYMENT,0
629.3407111416475,0.3677850124368366,0,0,0,PAYMENT,0
1757.3082652064438,1.3498727327887334,1,0,0,PAYMENT,0
3019.105329050469,0.8283504111760825,0,0,0,PAYMENT,0
1281.042306712191,1.4498577495613887,0,0,0,PAYMENT,1
1558.932246305605,1.3623595371032957,0,0,0,PAYMENT,0
1156.502157922734,0.6532568980302702,0,0,1,DEPOSIT,0
1096.7257105961721,1.5573588399199432,1,0,0,PAYMENT,0
532.9576507237776,0.7057222321096811,0,0,0,PAYMENT,0
1504.9188593453396,0.7385863104247702,1,0,0,PAYMENT,0
994.97081153391,0.6889476540653511,0,0,0,TRANSFER,0
8894.321415934033,2.207105877162426,1,0,1,PAYMENT,0
5288.843614035661,0.8216829436628096,0,1,0,TRANSFER,0
1612.9927002741917,2.613552028048147,0,1,0,WITHDRAWAL,0
511.29298921458275,3.4849002081691074,0,0,1,PAYMENT,0
360.53481563168236,0.5962451352050486,0,0,0,WITHDRAWAL,0
3608.8446302863704,0.12941943431484976,0,0,0,PAYMENT,0
1426.172020445255,2.0774822011831326,0,1,0,WITHDRAWAL,0
1772.4949394937182,0.7871154632679067,0,0,0,TRANSFER,0
191.60079466054933,0.5453483636334204,1,0,0,TRANSFER,1
2772.316362152006,0.6622562758570141,0,0,0,PAYMENT,0
1727.482349484231,0.7479870043993694,1,0,0,PAYMENT,0
361.24966626254957,2.4794460380845766,0,0,0,PAYMENT,0
684.3539075762768,1.1184433668285634,0,0,1,PAYMENT,0
1427.5531936756884,2.455963235897367,0,0,0,TRANSFER,0
1155.7061233480333,1.4133377187992593,0,0,0,PAYMENT,0
818.7909608330376,0.8053635353735684,0,0,0,PAYMENT,0
988.8194253948374,0.7609025060687415,0,0,0,PAYMENT,0
852.371633937111,1.481605245784386,1,0,0,WITHDRAWAL,0
1277.3750538670267,1.7758833134635719,0,0,1,PAYMENT,0
4776.636768834757,2.0092366624014932,0,0,0,TRANSFER,0
84.21234780978534,0.8327040700621405,0,1,0,DEPOSIT,1
865.3635740898053,1.1304820102108968,0,0,1,PAYMENT,0
1308.3373627760009,1.5050532603006133,0,0,0,PAYMENT,0
1474.3816929775994,0.7643148111902891,1,1,0,WITHDRAWAL,1
756.0332968626109,0.45182604760198086,0,0,1,TRANSFER,0
189.28961894130728,0.5687070962703034,0,1,0,PAYMENT,0
1522.3271818969963,0.844741335954035,0,0,0,PAYMENT,0
6169.358953427337,1.5896994885451408,1,0,1,PAYMENT,0
236.54503084792972,2.413997885880393,0,0,1,TRANSFER,0
2601.4597628269853,0.3870377497583755,0,0,1,PAYMENT,0
789.559169858884,0.6582690703413671,0,0,0,WITHDRAWAL,0
1031.403375318022,0.7784085625763602,0,0,0,PAYMENT,0
382.6426363696051,1.7442103340735802,0,1,0,PAYMENT,0
784.8901939220191,0.6909572149104098,0,0,0,PAYMENT,0
4024.05184120153,0.7402164508071886,0,0,0,PAYMENT,0
1963.8365098410743,0.372173623406814,0,0,0,WITHDRAWAL,0
6200.043613289313,1.402680601407229,1,0,0,PAYMENT,0
3559.630011096268,0.8931691018868967,1,0,1,TRANSFER,1
1701.1957734590767,0.6326540539463431,0,0,0,PAYMENT,0
6272.5266451800435,0.8338854325211094,0,0,0,PAYMENT,0
1701.036684744062,2.2009670926714406,1,0,0,PAYMENT,1
2509.8748662441044,0.49488946923412264,0,0,0,PAYMENT,0
815.1963842347033,0.5547921489525609,1,0,0,DEPOSIT,0
1172.0924108295246,2.4026606157697388,0,1,0,PAYMENT,0
545.9766322213937,1.054474332386771,0,0,0,PAYMENT,0
2950.0692823334657,1.5981198870230335,0,0,0,PAYMENT,0
337.5441703583841,1.3247534107232886,1,0,0,TRANSFER,1
2397.9040982965435,0.9755691969256537,0,0,0,PAYMENT,0
906.2805740611228,0.7836369942435153,0,0,0,DEPOSIT,0
3537.753122542775,1.7897762566206694,0,1,0,TRANSFER,1
2323.5907116898584,2.2560953492198803,1,0,0,TRANSFER,0
6772.6394044586705,2.1359934250033694,0,0,0,PAYMENT,0
2277.365772670905,0.43612335839449345,1,0,0,PAYMENT,0
227.68423716541463,2.4928776165224287,0,0,0,WITHDRAWAL,0
1025.614092800164,0.778368919242406,0,0,0,PAYMENT,0
339.67619881532573,0.5894763513397646,0,1,0,TRANSFER,1
653.0934041968786,0.8882257123287897,0,1,0,TRANSFER,0
4970.264978568152,1.7892381320112831,0,0,0,WITHDRAWAL,0
2074.621094432517,1.4598372090014506,0,0,0,PAYMENT,0
545.1546802794112,0.8362978175079526,0,0,0,WITHDRAWAL,0
397.9325957618623,1.7974448107694916,0,0,0,PAYMENT,0
1133.178837596835,1.1028551483972031,0,0,0,TRANSFER,1
324.87479131895583,0.6695964738483502,0,0,1,TRANSFER,0
560.5170843514848,0.6091902284434694,0,0,0,PAYMENT,0
1498.184725984984,1.3326432701563025,1,1,0,PAYMENT,0
3481.8256111080564,0.9438741710776597,0,0,1,PAYMENT,0
2015.7799515650197,0.3818018174872265,0,0,0,PAYMENT,0
110.90904948155519,1.8094321108728617,0,0,0,PAYMENT,0
1486.7781302355759,0.7144855397917501,0,0,0,PAYMENT,0
1178.542250991621,3.047994256865532,0,0,0,PAYMENT,1
1658.867277316648,0.37452639809334626,0,0,0,PAYMENT,0
5520.422530108493,0.8811776588503387,0,0,0,PAYMENT,0
139.31836685838178,0.6126359640302318,0,0,1,TRANSFER,0
607.2232857938096,0.5052025887735213,1,0,0,PAYMENT,1
1980.107317135673,0.7112342046007779,1,1,0,TRANSFER,1
225.51926790467823,3.4535314849397847,0,0,0,WITHDRAWAL,0
4797.974113199101,1.1055678772856237,0,0,0,WITHDRAWAL,0
1585.0268285540596,0.5745342150992523,0,0,0,PAYMENT,0
2556.984685027884,0.2780262105348977,0,0,0,PAYMENT,0
619.5889897658574,0.29970585086528767,0,1,0,PAYMENT,0
2474.425903627922,0.6869290955565073,0,0,0,PAYMENT,0
3192.2189704728494,0.6417338732393633,0,0,0,PAYMENT,0
1384.2005339267464,0.8548446740180325,0,0,0,PAYMENT,0
1386.3101008325955,0.2038178328498163,0,0,0,WITHDRAWAL,0
1437.0436182142537,0.9378388780495407,0,0,0,PAYMENT,0
462.5037824829813,2.0532231826046297,0,0,0,PAYMENT,0
946.2164229220535,3.1142516205654083,0,0,1,PAYMENT,0
941.5029369671645,0.265507469883369,0,0,0,PAYMENT,0
1609.0413797661163,0.5706524455344429,0,0,0,PAYMENT,0
2980.434120502153,0.5499303183548878,0,0,1,PAYMENT,0
380.4915304381666,1.1073890078484758,0,0,0,TRANSFER,0
967.7666263033055,0.4257764960668608,0,0,0,WITHDRAWAL,0
4824.467030437482,3.24652201505303,0,0,0,TRANSFER,0
521.3448751295773,1.030934559501631,0,0,0,WITHDRAWAL,0
481.90643777565,0.9174085266392674,0,0,0,TRANSFER,0
1342.523313316596,3.0492620595232043,0,0,1,PAYMENT,0
2551.3685755721376,0.9888295214803448,0,0,0,WITHDRAWAL,0
1109.2352085844645,1.3234108545094583,0,0,1,PAYMENT,0
4142.109965269902,0.5912249007118227,0,0,0,TRANSFER,0
2583.225220221055,0.38314129340892067,0,0,1,PAYMENT,0
2544.8323864890904,0.6522984071682686,0,0,0,PAYMENT,0
1908.583268027859,4.622256876679213,0,0,0,PAYMENT,0
11244.710287019867,1.5575509188113947,0,0,1,PAYMENT,1
893.2248234161495,1.2118818337374997,0,0,0,TRANSFER,1
147.89132417672684,0.5048664333379885,1,0,0,WITHDRAWAL,0
5454.817060096206,1.8924561973817555,0,0,0,WITHDRAWAL,0
693.881064516795,0.386592043926646,0,0,0,WITHDRAWAL,0
1221.555645045066,0.3338913912523773,0,0,0,WITHDRAWAL,0
4062.4872365490955,0.6762307019967604,0,0,0,WITHDRAWAL,0
220.90670408869317,3.928052038020455,0,0,0,TRANSFER,0
313.6735470131172,3.7754740941689895,0,0,0,TRANSFER,0
221.12365344156478,0.729157260217098,1,0,0,PAYMENT,1
495.64686626063514,0.6237913679588944,1,0,0,DEPOSIT,0
1702.1315643807054,0.3171902814040342,0,0,0,PAYMENT,0
1852.3082495774174,1.0561407980300386,0,0,0,PAYMENT,0
1445.5919625593972,1.1200898736205722,0,0,0,PAYMENT,1
266.99611723610366,1.7379206640132956,0,0,0,WITHDRAWAL,0
108.84192098334152,1.8917366305489076,0,0,0,TRANSFER,0
1157.8887531081,0.870928545885881,0,0,0,PAYMENT,0
684.1820015471213,1.4758284783292497,0,0,0,PAYMENT,0
1736.081379504983,0.6123524843226238,0,0,0,TRANSFER,0
2212.6664954272046,1.4563448559629468,0,1,1,TRANSFER,1
1259.2120309523423,0.7011296529785286,0,0,0,PAYMENT,0
2345.2166985536924,1.3793618451674903,0,0,1,TRANSFER,0
1379.1344539819936,1.303367014991542,0,0,0,TRANSFER,0
1863.2260608190402,1.0493411992698882,0,0,0,PAYMENT,0
542.0329197439273,1.7439938562908033,0,0,0,PAYMENT,0
916.3410183521238,0.3331110537171821,0,0,0,PAYMENT,0
1335.1195223232678,0.4745248208793839,0,0,1,TRANSFER,0
2491.2216096037646,0.8277519295435024,0,0,0,DEPOSIT,0
739.710451429469,0.3641154208461058,0,0,0,DEPOSIT,0
1846.7216328881107,0.7521607909102119,0,0,0,TRANSFER,1
840.6380678646909,0.7693254349885703,0,0,0,PAYMENT,0
975.0198528342897,2.5012200946106655,0,0,0,PAYMENT,0
2513.720088908871,1.1049207264246204,0,0,0,TRANSFER,0
149.4466733122916,2.0556676860791496,0,0,1,PAYMENT,0
299.9235689185491,1.2351251527032225,0,0,0,TRANSFER,0
249.0900811074859,0.6873118979478745,0,0,0,DEPOSIT,0
106.31260737521302,1.0981223485401246,0,0,0,PAYMENT,0
556.5380598518383,1.666288059653712,0,0,1,PAYMENT,0
2320.2585437614853,2.3056921849108267,0,0,1,TRANSFER,0
824.7793810121528,0.9115425140891296,0,0,1,PAYMENT,0
1336.4740004668802,0.3156070188053419,0,0,0,PAYMENT,0
3259.136287298464,0.3004537099815692,0,0,0,TRANSFER,1
4136.834381855799,0.7957351878389634,0,0,0,PAYMENT,0
1023.3758162209418,0.19465411769341803,0,0,0,PAYMENT,0
4245.3769337815465,3.5133609888938166,0,0,0,DEPOSIT,0
1202.4623099768398,1.518697807341593,0,0,1,PAYMENT,0
474.6614324838814,0.6408454834065196,0,0,0,PAYMENT,0
605.2246114952718,0.4598967294926128,0,1,0,WITHDRAWAL,0
249.5011407773389,2.0537828126437416,0,0,0,PAYMENT,1
451.17989772024424,0.45861417077670025,0,0,0,PAYMENT,0
766.6139207997835,0.49028975077993175,0,0,1,DEPOSIT,0
2449.3672855211626,0.5849890452355551,0,1,0,TRANSFER,0
6128.895487223365,1.08313670725194,0,1,0,PAYMENT,0
275.2881823058559,1.5442806564608151,0,0,0,TRANSFER,0
1624.2922610972366,2.3045157402785486,0,0,0,PAYMENT,0
387.39934524402474,2.078153812157247,0,1,0,WITHDRAWAL,1
1762.8676143639213,1.0005417431541652,0,0,0,TRANSFER,0
961.9027454143653,2.0428898153884236,0,0,0,TRANSFER,0
175.75556142638388,0.6251899660277519,1,0,0,PAYMENT,0
2774.6974454463198,0.27954102697649763,0,0,0,PAYMENT,0
598.8428963623172,0.6251324384352068,0,0,0,PAYMENT,0
642.9710896909614,0.5687112971534377,0,0,1,TRANSFER,0
376.2476569658138,0.6424984014320086,0,0,0,TRANSFER,0
570.0458084564095,0.5109097542858653,0,0,0,PAYMENT,0
1682.2550108018756,0.7241355326626719,1,0,0,PAYMENT,0
907.5563510785476,1.5434374662183172,0,0,0,PAYMENT,0
1523.3421794506505,3.3223752765500456,1,0,0,PAYMENT,0
1574.8603078990986,0.2988712106543467,0,1,0,WITHDRAWAL,1
4107.877108880864,0.40599507953306946,0,0,1,WITHDRAWAL,0
778.3792312136368,0.5746395058706516,0,0,0,TRANSFER,0
250.42066985272632,1.7091895558249541,1,0,0,WITHDRAWAL,0
3188.233933380586,0.8663526726454839,0,0,1,TRANSFER,0
787.2232087021727,0.6023741854986548,0,0,0,PAYMENT,0
3342.8948915721935,1.651548124659874,0,0,0,TRANSFER,0
1609.014426664527,1.9532080730493522,0,0,0,PAYMENT,0
961.8538055136363,0.9869538765464669,1,0,0,PAYMENT,0
1554.2927438566714,0.5647605411569239,0,0,1,TRANSFER,0
7715.70051776492,1.208277385685318,0,0,0,PAYMENT,0
8751.501188653861,0.8493467571879076,0,0,0,WITHDRAWAL,0
1175.4203827343279,0.8447544626046414,0,0,0,PAYMENT,0
1287.1562329048913,0.6985977600042519,0,0,1,PAYMENT,0
3217.1146244834495,1.9107355509337176,0,1,0,PAYMENT,0
470.75555473937754,1.19114634484458,0,0,1,PAYMENT,1
1530.0724598103855,2.064711727351833,1,0,0,PAYMENT,0
1068.634722073615,2.5483046676032113,1,0,1,PAYMENT,1
1501.0320914590147,1.378900632006674,1,0,0,PAYMENT,0
476.5779002777376,0.7015002799125964,0,0,1,PAYMENT,0
223.72833075804974,2.071407571770473,0,0,0,PAYMENT,0
137.96728116082517,1.385367284149335,1,0,0,PAYMENT,0
358.746455544751,6.186425422770164,0,0,0,WITHDRAWAL,0
693.2042681975006,1.2424335814001466,0,0,0,WITHDRAWAL,0
817.9558919695007,1.6296766604349617,0,0,0,PAYMENT,0
7610.096735691342,1.2254360304730425,0,0,0,TRANSFER,0
3314.272328934238,0.93298233271797,0,0,0,DEPOSIT,0
419.01590710742727,0.8343067948695637,0,0,0,PAYMENT,0
1552.634512320657,1.2287171913161024,0,0,0,WITHDRAWAL,0
729.9103830415553,1.440259097568547,0,0,0,TRANSFER,0
825.2085662499313,2.2435771402982922,0,0,0,PAYMENT,0
1319.9189991475353,1.2413449026957473,0,0,0,PAYMENT,1
2036.8731003777898,0.723234025267817,0,0,0,WITHDRAWAL,0
781.1299428705452,0.7954893670879353,0,0,0,PAYMENT,0
3177.504860532521,0.3961129583549206,0,0,1,PAYMENT,0
350.045019676087,3.1990365632857714,0,0,0,PAYMENT,0
1103.606864434469,0.6846677947909109,1,0,0,PAYMENT,0
14730.47456610432,1.9683749859026913,0,0,0,PAYMENT,0
1370.7039824210342,1.213593265943532,0,0,0,PAYMENT,0
4597.2542707792445,1.2369049874243296,0,0,0,TRANSFER,0
1201.7332614204865,0.9210752764394662,1,0,0,PAYMENT,1
1960.1515983487263,0.576108526461271,0,0,0,WITHDRAWAL,0
1036.0977851827902,0.5076440427066288,0,0,0,DEPOSIT,0
924.8137989676189,3.3532357398766197,0,0,1,PAYMENT,0
502.96350021129814,1.0830409242752992,0,0,1,DEPOSIT,0
1686.315683137478,2.1983067882452967,0,0,1,TRANSFER,1
467.9974329786421,2.6364540629820055,1,0,0,PAYMENT,1
2133.641100883456,0.7500669190220077,0,0,0,PAYMENT,0
3246.3514192028174,1.3450807334866137,0,0,1,PAYMENT,1
1582.1364674807191,1.0320091598503291,0,0,0,WITHDRAWAL,0
823.6545993167082,0.44483597418048465,0,0,0,PAYMENT,0
1726.6969401009126,0.8782394651937884,0,0,1,TRANSFER,0
805.3902515265803,1.5087094449495564,0,0,0,WITHDRAWAL,0
2794.887475218425,0.705167103152645,0,0,0,DEPOSIT,0
175.66766022461837,0.7966098551773811,0,0,0,WITHDRAWAL,0
783.9871515455452,0.8857178801576876,0,0,0,PAYMENT,0
149.7830636396569,4.384477804313259,0,0,0,PAYMENT,0
245.90349685826797,0.27697327544886396,1,0,0,PAYMENT,1
4289.228804081714,1.4207008544421786,0,0,0,PAYMENT,0
2684.326082540709,0.8374972037650281,0,0,0,WITHDRAWAL,0
534.0661815219569,0.6386118542820153,0,0,0,TRANSFER,1
244.0801229066832,0.8232354802342206,0,0,1,WITHDRAWAL,0
56.56956739973587,1.5954620338495373,1,0,0,PAYMENT,1
636.8311132397358,1.6605792973767064,0,0,0,PAYMENT,0
12337.701454583379,1.139069824251677,0,0,0,PAYMENT,0
1694.0616563723147,2.1488201445202715,0,0,0,PAYMENT,0
626.6747800438197,2.430709272791384,0,0,0,TRANSFER,0
1745.9955880394994,1.7708562016383949,0,0,0,TRANSFER,0
230.22144429399196,0.682266649552865,0,0,0,TRANSFER,0
814.5832536970629,1.4135568044728972,0,0,0,WITHDRAWAL,0
1211.3339544176854,1.4182737476214067,0,0,0,PAYMENT,0
1006.1629827054229,0.5649929625637854,0,0,0,PAYMENT,0
2418.26621351962,0.3333350209476484,0,0,0,TRANSFER,0
1547.8857186083458,0.2426966583564553,1,0,0,PAYMENT,0
2139.496966728434,1.0501141190555827,0,1,0,PAYMENT,0
550.9409958070727,1.2319863683594892,0,0,1,PAYMENT,0
2691.396299605045,0.4372513383048132,0,1,1,WITHDRAWAL,1
5591.131426930455,2.0796978792149763,1,0,0,WITHDRAWAL,0
415.652876462363,1.1124365553214284,0,0,0,PAYMENT,0
451.3776471812264,2.5718277436647208,0,0,0,TRANSFER,0
4170.47132640371,1.296119899877673,1,0,0,PAYMENT,0
905.6528033225691,0.4740542557094772,0,0,0,PAYMENT,0
4464.0932450300015,1.3782255649679989,0,0,0,PAYMENT,0
704.4830617474438,1.5985188574442293,0,0,0,PAYMENT,0
4698.720780408033,0.6815835009444144,0,0,0,DEPOSIT,0
1250.7339485242492,0.3644138531040157,0,0,0,PAYMENT,0
1419.739699133745,1.0727304762618957,0,0,0,PAYMENT,0
5243.3611979786765,0.49629178713049166,1,0,0,WITHDRAWAL,0
763.741608014586,2.1915769739893634,0,0,0,PAYMENT,0
427.89502810999153,0.7519964496161103,0,0,0,TRANSFER,0
700.2488640773784,3.3441775019664233,0,0,0,PAYMENT,0
1723.8819090439142,0.22606989281825438,0,1,0,PAYMENT,1
229.11886449490945,1.0989519170325344,0,0,1,PAYMENT,0
2074.4905877621754,2.7198448767389642,0,0,0,WITHDRAWAL,0
639.8467422111559,0.5362187845191555,0,0,0,PAYMENT,0
3455.8117596047364,0.8945444766246792,0,0,0,PAYMENT,0
100.05696713125408,0.7541794061736877,1,0,0,PAYMENT,1
499.4134075968255,0.6196271520448884,0,0,1,WITHDRAWAL,0
203.06616233355962,1.186770614419005,0,0,1,TRANSFER,0
479.9925263305569,0.4038163350111393,0,1,0,DEPOSIT,1
1404.8220249474782,0.9252621770961863,0,0,0,TRANSFER,0
916.693683576053,1.435044653830277,0,0,0,PAYMENT,0
851.1789862292617,0.8602212993850166,0,0,0,PAYMENT,0
935.2511741058088,0.49651432696586434,0,0,1,PAYMENT,0
1343.976775258193,2.056755577819258,0,0,0,PAYMENT,0
399.9997643796334,1.667257186865868,0,0,0,PAYMENT,0
2223.526306269159,0.4824726614996858,0,0,0,TRANSFER,0
2127.4215178406125,0.40418794632815197,0,0,0,PAYMENT,0
1611.6889375345422,0.5135812207702695,0,0,1,DEPOSIT,0
1913.2017810850352,1.46475972069665,0,0,0,PAYMENT,0
1475.0069797677552,1.212762759568249,0,1,0,TRANSFER,0
8392.328575512469,1.7385612419077099,0,0,0,PAYMENT,0
1005.163836849619,0.7958813574824664,0,0,0,TRANSFER,0
806.6717093032206,0.5234498942456789,0,0,0,DEPOSIT,0
516.1887120466764,1.9025451490228042,0,0,0,PAYMENT,0
390.62082382368993,0.6788100369510073,0,0,0,PAYMENT,0
315.9323828599283,1.1394932420947108,0,0,0,TRANSFER,1
450.8806574100156,0.3379195642603933,0,0,0,WITHDRAWAL,0
1021.7985300919254,0.6710797497234301,0,0,1,TRANSFER,0
1531.9475730951535,2.027041669850807,0,0,0,PAYMENT,0
1154.1761270918375,0.6056868372682859,0,0,0,TRANSFER,0
510.0275391379837,1.768537042244094,0,0,0,TRANSFER,0
2697.780195480764,0.1955940800697049,0,0,1,PAYMENT,0
2297.1228229820363,0.6759919158920635,0,1,0,TRANSFER,1
934.8178454212671,0.886966334161731,0,0,0,PAYMENT,0
570.8256693005386,3.3864365804801713,0,0,0,PAYMENT,0
1897.7569608324682,0.44116160650209746,1,0,0,PAYMENT,0
1323.4186943588768,1.5995067601499262,0,0,0,TRANSFER,0
257.7197464847005,2.0956258563475725,0,0,0,PAYMENT,0
1024.561242687302,0.6034797742618736,0,0,0,PAYMENT,0
1425.1549335265584,0.7699214640004184,0,0,0,TRANSFER,0
445.99387266760374,1.1042210360943165,0,0,1,PAYMENT,0
1325.8955446079513,0.35450264315305646,0,0,0,PAYMENT,0
256.0000179872385,0.7271865380643411,0,1,0,DEPOSIT,0
4172.147206992372,2.4431261509501283,0,0,1,TRANSFER,0
3819.787168741823,1.4417510295420897,0,0,0,PAYMENT,0
851.9115149104572,0.8960797147243599,1,1,0,PAYMENT,1
1577.2756062120188,1.082367371988753,0,0,0,PAYMENT,0
98.50211639591149,1.5017539963463415,0,0,0,TRANSFER,0
345.0372353418744,1.7171863417354,0,0,0,PAYMENT,0
817.4756201235487,0.6774023271663755,0,0,0,PAYMENT,0
375.353023289068,2.927956268294533,0,0,0,WITHDRAWAL,0
2240.3703872493834,2.5129157713857655,0,0,0,TRANSFER,0
8081.207074355124,1.6065360529529769,0,0,0,WITHDRAWAL,0
338.11473162763616,0.5542874266587406,0,0,0,TRANSFER,0
474.63049493764686,0.48960480449021215,0,0,0,WITHDRAWAL,0
1387.7629876517362,0.7956287012981588,0,0,0,PAYMENT,0
5492.375564652491,1.0434531696223264,0,0,1,PAYMENT,0
322.9913967632705,0.28997971524144805,0,0,0,PAYMENT,0
1406.7482612490057,1.4138057665159398,0,0,0,PAYMENT,0
6777.061302830267,2.462614485837179,0,0,0,WITHDRAWAL,0
210.2381323464038,1.4971029858311349,0,0,0,TRANSFER,0
304.5790907480105,0.6229824305461072,0,0,0,PAYMENT,0
717.9453080676125,0.5734512340607172,0,0,1,PAYMENT,0
651.5874310287463,1.233550554719264,1,0,0,TRANSFER,1
2471.5512965312164,0.8982448371000017,0,0,0,PAYMENT,0
1396.4096974590882,1.363600764567359,1,0,0,TRANSFER,1
185.86822229905084,1.5237965650038885,1,0,0,WITHDRAWAL,0
1836.1208710171381,2.14754079290154,0,0,0,TRANSFER,0
615.5161060114343,0.4527177571841375,0,0,0,PAYMENT,0
3922.35382030422,1.1678135776541965,0,0,0,TRANSFER,0
585.4685480923654,0.7753563857306265,0,0,0,TRANSFER,0
580.206872631813,0.9332851192620811,1,0,0,WITHDRAWAL,0
1883.9607296882155,1.8314100638941244,0,0,0,PAYMENT,0
2351.776978219297,1.9762243120677376,1,0,0,TRANSFER,0
1716.5974159217128,2.661555044748431,0,0,0,TRANSFER,0
203.2430762414955,1.3470448259822694,0,1,0,PAYMENT,0
1878.1348079787713,0.9258789711971518,0,0,0,PAYMENT,0
389.8226719153914,0.8377672777242657,0,0,0,PAYMENT,0
1387.5239567369654,0.2969093214810101,0,0,0,WITHDRAWAL,0
264.0835590449317,2.5543927685308807,0,1,0,PAYMENT,1
1713.5493601833002,0.7982536382220721,0,0,0,PAYMENT,0
489.50814227466765,1.4249374841723768,1,0,0,PAYMENT,1
304.10266242423285,1.6084927622854415,0,0,0,PAYMENT,0
2239.0795304319286,0.41823121379469463,0,0,0,TRANSFER,0
1396.3884747845757,0.5239586684783577,0,0,0,PAYMENT,0
593.4916818930963,2.9532726695067493,0,0,0,PAYMENT,0
4680.5871901455575,1.2254460019739148,0,0,0,PAYMENT,0
705.8110579886816,0.6660370595572869,0,1,0,PAYMENT,1
1132.4148580157387,0.9153553689058208,0,0,0,TRANSFER,0
1434.990413492824,2.1390586164248724,0,1,0,WITHDRAWAL,0
590.1248152938164,1.9232570630660983,0,0,0,PAYMENT,0
1756.6015667419474,0.358345657890204,0,0,0,PAYMENT,0
643.259135291297,3.139296375488872,0,0,0,PAYMENT,0
726.5895065161681,1.9665950015682716,0,0,0,PAYMENT,0
4284.000892081835,0.898765903888446,0,0,0,PAYMENT,0
387.3830309014393,0.43421924042627996,0,0,0,WITHDRAWAL,0
98.22096339160811,2.091342173297286,0,1,0,PAYMENT,0
5491.391674550483,1.3958439999459977,0,0,0,PAYMENT,0
14035.259141980034,0.3604295138575117,0,0,1,DEPOSIT,0
731.2319646757779,0.8500546369907995,1,0,0,TRANSFER,0
158.0895997595826,8.920224014009248,0,0,0,PAYMENT,0
803.9330735042712,1.0116182032749663,0,0,0,TRANSFER,0
823.6758364659598,0.5948896123950389,0,1,0,TRANSFER,0
906.939875931252,0.49364056012499,0,0,0,WITHDRAWAL,0
360.1829000320448,3.4572355246558013,0,0,0,PAYMENT,0
1957.769594915203,1.8101896932817416,0,0,0,PAYMENT,0
1852.9002167850836,2.678367265944372,0,0,0,TRANSFER,1
246.06466818354707,1.1897339359200476,0,0,1,DEPOSIT,0
2206.5748082051364,2.4056339481648106,0,0,0,TRANSFER,0
8541.440778217115,0.5522114344147503,0,0,1,PAYMENT,0
1302.3952295634085,1.1205433332415848,0,0,1,DEPOSIT,1
782.6415791987486,1.2225483118489862,0,0,0,PAYMENT,0
951.4591804373548,2.6319179851299497,1,1,0,PAYMENT,0
2028.915650425971,1.2500582223360304,0,0,0,PAYMENT,0
194.2854354505538,0.6454172841395512,1,0,0,WITHDRAWAL,0
1292.5737994555018,1.0458727321382328,0,0,0,PAYMENT,0
742.1386240159893,0.3092858831182414,1,0,0,DEPOSIT,0
6959.236248915888,0.196975068657854,1,0,0,PAYMENT,0
921.3382808841291,1.7895048457074598,0,0,0,PAYMENT,0
5813.206617561743,0.7692642653854663,0,0,0,TRANSFER,0
363.6745237891622,0.8327747268982056,0,0,0,PAYMENT,0
1972.8987103193783,1.7890105033035888,0,0,0,PAYMENT,0
1509.298517303418,2.6588860836220864,0,0,0,WITHDRAWAL,0
459.87409805277423,1.4537429399218036,0,0,0,DEPOSIT,0
1309.4940426910243,3.8560794514009973,0,0,0,TRANSFER,0
3686.8172716369954,1.421741308350337,0,0,0,PAYMENT,0
793.3054225456699,1.2355910325959847,1,0,0,TRANSFER,0
201.95347535126677,1.1832586211305598,0,0,0,TRANSFER,0
1077.541324581787,0.40663191296640344,0,0,0,PAYMENT,0
444.77872228713477,1.9526726500578366,0,0,0,PAYMENT,0
778.7258522982285,0.18053579438799666,0,0,0,PAYMENT,0
1010.713938896586,0.6634001010863392,0,0,0,PAYMENT,0
199.20765716289506,1.0161807586585614,1,0,0,PAYMENT,0
217.96656090495023,0.575317264277688,1,0,0,PAYMENT,0
1775.9074940740218,0.7288924081400358,0,0,0,WITHDRAWAL,0
650.2008426340726,3.6239438580731287,0,0,0,WITHDRAWAL,0
84.37369295587982,2.1658582864366087,0,0,0,PAYMENT,0
2403.8911997132172,0.618734276855509,0,1,0,WITHDRAWAL,0
1439.9587628845013,0.7198614200278947,0,0,1,TRANSFER,0
537.0682470775248,0.409056183670372,0,0,0,WITHDRAWAL,0
293.8794910560244,1.6380322112155712,0,0,0,WITHDRAWAL,0
2529.578321064551,0.8396083756800714,0,0,0,PAYMENT,0
1555.1862969665067,0.2524539231163649,0,0,0,WITHDRAWAL,0
11879.889394952042,1.0730966286642984,0,0,0,PAYMENT,0
1669.3483150213838,1.359728732588989,0,0,0,DEPOSIT,0
1615.990145954498,1.9624597898626102,0,0,0,TRANSFER,0
928.0374335886332,0.9499476927146979,0,0,0,TRANSFER,1
2481.89054977806,0.7703812059728351,0,0,0,PAYMENT,0
2048.955031109429,4.016397177755134,1,0,0,PAYMENT,0
3834.2342068883136,1.004620953096292,0,0,0,PAYMENT,0
651.1090120155341,1.6548217218969983,1,0,0,PAYMENT,0
709.522725972449,0.685451351528354,0,0,0,PAYMENT,0
679.1872271466303,1.6208273943979483,0,1,0,PAYMENT,0
2418.255571935742,0.360977267089665,0,1,0,WITHDRAWAL,0
4906.786080105948,0.7236501063009219,0,0,0,WITHDRAWAL,0
693.0897546207619,0.4292172973778064,0,0,0,PAYMENT,0
717.1078675755684,0.6547634030567363,0,0,0,WITHDRAWAL,0
1501.2858059534963,2.3996647213601383,0,0,0,TRANSFER,0
857.6863729626966,0.6514021259303676,0,1,1,WITHDRAWAL,0
2841.4042214765523,1.653309915294229,0,0,0,TRANSFER,0
115.37904010610687,2.8923971658001446,0,0,0,TRANSFER,1
479.76430549247414,0.9808810118132418,0,0,0,PAYMENT,0
501.489999505949,2.004985790175985,0,0,0,TRANSFER,0
107.7317119195481,1.4502851187119394,0,0,1,TRANSFER,0
418.3680534008845,1.0849195658729667,0,0,0,PAYMENT,0
439.15124885257023,1.6908323331585846,1,0,0,PAYMENT,0
896.8560281851098,3.6253711272394584,0,0,0,WITHDRAWAL,0
3337.4619158437827,0.6401272855341846,0,0,0,DEPOSIT,0
858.2876921393081,0.5109719257440228,0,1,0,TRANSFER,0
391.1872242300929,0.4903969165713379,0,0,0,PAYMENT,0
1035.9202683301307,2.0059135217514275,0,0,0,PAYMENT,0
3131.2063400587317,2.20462480110195,0,0,0,PAYMENT,0
413.2452258263497,0.6866532442037556,0,0,0,WITHDRAWAL,1
441.1677180031611,0.22420163301967833,0,0,0,PAYMENT,0
1917.06175950501,0.6235478840921828,0,0,0,PAYMENT,0
878.717874492815,1.4674085067877196,0,0,0,TRANSFER,0
2095.368455647081,0.9543677522377455,0,0,0,TRANSFER,0
1081.7692868005431,1.134558311952068,0,1,0,WITHDRAWAL,0
2212.0249635503815,0.6932662927403546,0,0,0,PAYMENT,0
389.52259969823103,2.033711374869658,1,0,0,PAYMENT,0
1083.4604835635894,1.2715469895934997,0,0,0,PAYMENT,0
888.3004102713883,1.5076082137947555,0,0,0,TRANSFER,0
325.09227850701023,1.1177815679264294,0,0,1,PAYMENT,1
229.64210967376255,1.4434812265482062,0,0,0,TRANSFER,0
2177.100087786031,1.3785058314050096,0,0,0,PAYMENT,0
772.0486898439575,0.5222273551305864,0,1,0,PAYMENT,0
394.539680042767,1.298414840205186,0,0,0,PAYMENT,0
996.0735129828992,1.7402968817412112,0,0,0,WITHDRAWAL,0
3388.080640703775,2.244760931774173,0,0,0,TRANSFER,0
112.08552036727751,1.3381325248825109,0,0,0,PAYMENT,0
245.5158015911575,0.5088126712336838,0,0,0,PAYMENT,0
435.769554155511,0.5667017483315653,0,0,0,PAYMENT,0
4727.62795713408,0.737415586076053,0,0,0,PAYMENT,0
1454.7465658957701,1.1418214330974288,0,0,0,WITHDRAWAL,0
2362.125764976725,0.9179932228407486,0,1,0,PAYMENT,0
350.66771033786085,0.4553848260565086,0,0,0,PAYMENT,0
357.97534837048687,0.4534800398210797,0,0,0,WITHDRAWAL,0
1716.1071446788058,0.23016352545772706,0,0,0,TRANSFER,0
1162.4374515962213,0.11263165817527296,1,0,0,PAYMENT,1
1898.347061467033,0.9118796356529435,0,0,0,PAYMENT,0
908.9853787563013,5.0741613629856115,0,0,0,PAYMENT,0
1448.2970927547506,3.51748296354916,0,0,0,TRANSFER,0
1284.4926377233155,0.5042102231328768,0,0,1,WITHDRAWAL,0
2386.939759435085,1.110635426870379,0,0,0,PAYMENT,0
2457.766480983135,0.35872268397576124,0,0,0,PAYMENT,0
217.05005727139093,0.39912657907992305,0,0,0,PAYMENT,0
115.90042817171836,0.4324749737954022,0,0,0,PAYMENT,0
2986.165487368959,0.8539786554627214,0,0,1,TRANSFER,1
3596.5311600474383,0.8800982525226895,0,1,0,PAYMENT,0
395.19407781941106,1.1935014474395496,0,0,0,WITHDRAWAL,0
170.7438693319043,1.5908229688387132,0,0,0,PAYMENT,0
1210.7978736671155,0.7899254963575035,0,0,0,TRANSFER,1
2781.757570021957,1.0256652018024197,0,0,0,TRANSFER,0
6618.304659711638,0.4650228407618597,0,0,0,PAYMENT,0
1837.750543693372,0.39017968430275646,1,0,0,WITHDRAWAL,0
756.1829191151533,0.35018957011249635,0,1,0,TRANSFER,1
448.93107960222164,1.5753436843992867,0,0,1,TRANSFER,0
1109.2632017194167,0.7893578646036845,0,0,0,TRANSFER,0
813.0034036860411,0.26987829416025577,0,0,1,TRANSFER,0
397.3955348996724,0.9567986881393494,0,0,0,PAYMENT,0
8507.944481594337,0.4172061010127243,0,1,0,TRANSFER,1
6536.57366069251,3.1971672177141657,1,0,0,WITHDRAWAL,0
3415.395860887067,0.6668599633488806,0,0,0,TRANSFER,0
436.6577040285003,1.611320759278602,0,0,0,WITHDRAWAL,0
2578.644943637617,2.143144448807127,0,0,0,DEPOSIT,0
2078.966989151409,0.5125023837351116,0,0,0,PAYMENT,0
1707.0903050948205,1.0546753371707591,0,0,1,TRANSFER,0
3826.3448033448303,1.4731861893788663,0,0,0,WITHDRAWAL,0
2070.139225847732,1.0842432960528139,0,0,0,PAYMENT,0
2298.505105107604,1.287587782117309,0,0,1,PAYMENT,0
2073.3196209887205,0.39426162173384893,0,0,1,PAYMENT,0
1541.9319281837224,1.4737723730664751,0,0,0,WITHDRAWAL,0
184.26756708801926,0.7115461960151781,1,0,0,DEPOSIT,0
1192.278042326648,1.2771306172799344,0,0,1,WITHDRAWAL,0
628.7967302710612,1.9040671276873888,0,0,0,PAYMENT,0
304.95341961183397,1.5970624216096747,0,0,0,TRANSFER,0
5894.745378810582,1.2764768319180826,0,0,0,PAYMENT,0
6179.516683782136,1.5675122481859718,0,0,0,DEPOSIT,0
4269.365926774439,1.619128008100436,0,0,0,WITHDRAWAL,0
1415.4650549975568,2.848665995563679,0,0,1,TRANSFER,0
4232.8259444460955,0.9764463320988225,0,0,0,PAYMENT,0
1109.931055929153,1.1216153190424543,0,0,0,WITHDRAWAL,0
1343.1827683783226,1.9202334482587493,0,1,0,WITHDRAWAL,0
367.42845871466443,0.7094456937894545,1,0,0,DEPOSIT,0
1631.0696482497797,0.3927086734735942,0,0,0,PAYMENT,0
1164.894644988776,1.4123586697353916,0,0,0,PAYMENT,0
298.07581984846837,0.8657002350629017,1,0,0,PAYMENT,0
1041.9017084728303,0.4294417419946067,0,1,0,PAYMENT,0
1012.5937994716196,1.419605974790531,0,0,0,WITHDRAWAL,0
6618.083904615153,2.7231603807878755,0,0,0,PAYMENT,0
2681.719114559299,0.319556947247016,0,0,0,TRANSFER,0
1109.2567096876853,2.0454698050923286,0,0,0,WITHDRAWAL,0
1406.3982882296489,0.16932298044892655,0,0,1,PAYMENT,1
1146.205703489986,0.7556321153657498,0,0,0,PAYMENT,0
895.2347865425376,3.6268377979088156,0,0,0,TRANSFER,0
371.5088932420683,0.7946712006550354,0,0,1,PAYMENT,0
942.8885814760648,1.0649809131487094,0,0,1,PAYMENT,0
520.037925904432,1.7057524628115468,1,0,0,TRANSFER,0
314.09153654260695,0.30073329809746163,0,0,0,PAYMENT,0
1828.4462007593554,1.0517614821219017,0,1,1,TRANSFER,0
1621.7557861549556,1.045974671134447,0,0,0,WITHDRAWAL,0
183.6978868028263,3.682620831875798,0,0,0,PAYMENT,0
970.0187124577113,0.4210437288470171,0,0,0,PAYMENT,0
2968.1715007811017,0.7656137176294435,0,0,0,PAYMENT,0
3162.8339961696415,0.5221245836515648,0,1,0,TRANSFER,0
3058.9801126929788,0.48476634714863515,0,0,0,PAYMENT,0
1140.147828268634,2.20159458448526,0,0,0,PAYMENT,0
471.04549044144994,1.0188311627948128,0,0,0,TRANSFER,0
371.0367716449906,0.6778040548222679,0,0,0,PAYMENT,0
1547.823306814763,0.6959397901466475,0,0,0,TRANSFER,1
1602.435653818367,0.6741794522615386,0,0,0,WITHDRAWAL,0
3973.2159614248444,0.7177297136539662,0,0,1,PAYMENT,0
3294.401034667622,0.41266805876007695,0,0,1,WITHDRAWAL,0
960.8048738654562,0.8343430086715494,0,0,0,PAYMENT,0
316.01640321222266,0.777676474250148,0,0,1,PAYMENT,0
797.0308637840966,0.588335630073783,0,0,0,PAYMENT,0
1362.710751820024,1.114640999375841,0,0,0,TRANSFER,1
895.9788023563082,1.1828450975776568,0,0,1,TRANSFER,0
615.2975007647067,0.677291820132768,1,0,1,WITHDRAWAL,0
1412.1728350234173,0.9040289402636689,0,1,0,PAYMENT,0
662.5143768889643,4.531425676387084,0,0,0,WITHDRAWAL,0
585.1884407338548,4.411890493887616,0,0,0,PAYMENT,0
1497.351012621892,0.4781345345341585,0,0,0,TRANSFER,0
733.63191150803,0.5272326869819431,1,0,0,PAYMENT,0
1399.8276333366832,0.4763595780347561,0,0,0,PAYMENT,0
1441.160575040617,2.095805063295157,1,0,0,PAYMENT,0
350.9244643091978,0.7565622141304724,0,0,0,PAYMENT,1
677.7367079318465,1.1826668969770509,0,0,0,PAYMENT,0
4618.276857408055,4.0466004489041785,0,0,1,PAYMENT,0
343.065189948378,0.9927014090087424,0,0,0,DEPOSIT,0
132.07177846312837,1.6394717810500863,0,0,1,WITHDRAWAL,0
170.40106199784069,1.4394981192083702,0,0,0,DEPOSIT,0
1129.025270042893,0.6624884559947471,0,0,0,PAYMENT,0
1131.0676379900706,2.098899610129084,0,0,0,PAYMENT,0
974.9528828761163,0.5516780937153858,1,0,0,PAYMENT,0
3692.983064221275,2.5546515903725755,0,0,0,TRANSFER,0
75.72933234994593,0.6628439568843468,0,0,0,DEPOSIT,0
1629.3458177364266,0.7156404489821203,0,0,0,PAYMENT,0
5226.192088938644,0.4667593444385965,0,1,1,TRANSFER,0
355.03601502642164,0.5236239067471691,0,0,0,PAYMENT,0
750.0902166854099,0.7417559297076297,0,0,0,TRANSFER,0
516.5169384880763,0.1823287339766397,0,0,0,WITHDRAWAL,0
448.38576923147474,0.8493086283995357,0,1,0,TRANSFER,0
791.348138112065,0.7007655027713577,0,0,0,TRANSFER,0
4570.990882476558,1.7384740905669824,0,0,0,PAYMENT,0
6886.971212006385,1.344586481186578,0,0,1,PAYMENT,0
783.7270231480281,0.6093599092956109,0,0,0,PAYMENT,0
7369.168923715198,0.7254337467811873,1,0,0,WITHDRAWAL,0
1136.3498029167044,0.8485446045630901,1,0,0,TRANSFER,0
6334.024066727927,2.8296968566697736,1,0,0,PAYMENT,0
998.9466265520958,0.5623598810332726,1,0,0,PAYMENT,0
1250.198760487865,0.6042106005186243,0,0,0,PAYMENT,0
1580.4651361147432,0.4538407532986982,0,0,0,PAYMENT,0
26340.25560645093,0.3543650666163141,0,0,0,PAYMENT,0
2569.034881437778,1.2397410616216022,0,0,1,WITHDRAWAL,0
540.630185895791,1.1526139139609235,0,0,0,PAYMENT,0
2889.959797979132,2.454525091177858,0,0,0,DEPOSIT,0
763.6942119559161,2.0729781754780316,0,0,0,PAYMENT,0
671.9942722832411,5.354737591469074,0,0,1,PAYMENT,0
2720.5826880414634,0.9496033220939639,0,0,0,WITHDRAWAL,0
1131.2580237098302,0.833292386119879,0,0,0,PAYMENT,0
1448.9231647421586,0.4024604525063821,0,0,0,WITHDRAWAL,0
1112.0775614297074,1.6284110399164724,1,0,0,TRANSFER,1
1535.456679126673,1.086513525160057,0,1,0,PAYMENT,0
1677.3423703667036,1.5775711438163373,0,0,0,DEPOSIT,1
158.0692245745447,0.4505046169579808,0,0,0,PAYMENT,0
2135.7489675312977,1.2790568012956731,0,0,1,PAYMENT,0
410.7482844044741,1.1544681163313188,0,0,1,WITHDRAWAL,0
259.22615458974843,1.1022180161116903,0,0,0,PAYMENT,0
1034.412339103983,0.6198448118552787,0,1,0,TRANSFER,1
1192.707251315812,2.299121869096365,0,0,0,PAYMENT,0
548.1197776550133,4.200549311898919,1,0,0,WITHDRAWAL,0
2517.5257618987707,0.45967258328062394,0,0,0,PAYMENT,0
286.5247252932363,1.6558438958274215,0,0,0,PAYMENT,0
730.0085535221643,0.13338773304166246,0,0,0,DEPOSIT,0
611.017661757355,1.596840460331044,0,0,0,TRANSFER,0
1046.7157977527904,0.27006078070948397,0,0,0,TRANSFER,0
1449.341051161493,0.6924791542571375,0,0,0,PAYMENT,0
400.25708388716447,0.3988709838099707,0,0,0,TRANSFER,0
2262.628970434102,0.8599095699669521,0,0,0,PAYMENT,0
1167.9465126022824,1.7988644214755392,0,0,0,PAYMENT,0
165.34823196494108,0.2724992861244889,0,0,0,PAYMENT,0
154.68774855825595,0.7775278756379145,0,0,0,PAYMENT,1
1083.2062878996628,0.6981242816209707,0,0,1,PAYMENT,0
879.21782958681,3.024464583752365,1,0,0,WITHDRAWAL,0
988.8868201763927,1.352876011764217,0,0,1,PAYMENT,1
1066.3720336057906,0.4386506453056609,0,0,1,PAYMENT,0
1374.1076801033294,0.7189912684737421,0,0,0,TRANSFER,0
2828.91806923513,2.9721124626504563,0,0,1,PAYMENT,0
361.00618786362355,1.6488131428807176,0,0,0,PAYMENT,0
339.6882913993147,0.52583730315393,0,0,0,PAYMENT,0
367.4826630304018,0.8294857264878492,1,1,0,PAYMENT,0
1463.9838560448788,0.8482529446473848,0,0,0,WITHDRAWAL,0
3808.335052994825,0.6861991762508288,0,0,0,PAYMENT,0
712.4149679270057,0.3020542900382199,1,0,0,PAYMENT,0
89.86424618286202,0.6222986226238544,0,0,1,PAYMENT,0
199.53848747342926,2.6443876179657306,0,0,0,PAYMENT,0
476.73619005092894,0.7658253476307172,0,0,1,PAYMENT,0
627.8310568394088,0.930272670871325,0,0,0,PAYMENT,0
728.9545415143859,1.1033686980246458,0,0,1,PAYMENT,0
1139.7692663684631,4.7242035046822215,0,0,0,TRANSFER,0
802.9188651495206,1.0062316765970776,0,0,1,PAYMENT,0
3131.72612932596,2.150631989411097,0,0,0,PAYMENT,0
557.7900819162365,0.6578843516756178,0,0,0,TRANSFER,0
462.97915918996006,0.8339519582063075,0,0,0,PAYMENT,0
1770.2490794500197,1.0088256243585372,0,0,0,PAYMENT,0
236.1241981804138,0.5816461189095791,0,0,0,DEPOSIT,0
1619.2068431209855,0.8670987185805819,0,0,0,PAYMENT,0
1215.065402721447,1.8619710949355963,0,0,1,TRANSFER,1
946.2979811351167,0.5710633140267486,0,0,0,WITHDRAWAL,1
5368.351231666048,1.0000623236165826,0,0,1,PAYMENT,0
588.626910763179,1.6423259285049616,0,0,0,PAYMENT,0
8606.716540650481,0.5615096975451354,0,0,0,TRANSFER,0
875.3016333406536,2.152843776341208,0,0,0,PAYMENT,0
305.81598199496295,1.0523422938742495,0,0,1,PAYMENT,0
1176.0534533974205,0.8908441395756072,0,0,0,DEPOSIT,0
373.8126737766707,0.24519451024431063,0,0,0,PAYMENT,0
517.104071032799,0.7698737724857165,0,0,1,WITHDRAWAL,0
1631.138147300668,1.2970788417959378,0,0,0,PAYMENT,0
1911.3825142449937,3.393091705070506,0,0,1,TRANSFER,0
588.6503062284868,1.488133139499241,0,0,0,PAYMENT,0
2943.64869930345,2.1997668164959876,0,0,0,TRANSFER,0
3489.4791313307296,0.4289678942059869,1,0,0,PAYMENT,1
4611.469074865978,0.9150507534833885,0,0,0,PAYMENT,0
1862.0129396205386,2.3502518899629496,0,0,0,WITHDRAWAL,0
4287.369750350287,0.5371845981881231,1,0,0,WITHDRAWAL,1
167.20181770383752,1.9653214903926832,0,0,0,PAYMENT,0
797.9879135210712,1.6708333354313238,0,0,0,PAYMENT,0
460.81411649930976,1.2120420162447836,0,0,0,WITHDRAWAL,0
1235.4936195222526,0.7944606377984913,1,0,0,PAYMENT,0
619.2758309633591,0.5013721655803202,0,0,0,WITHDRAWAL,0
928.7523794775432,3.4651832105869445,0,1,0,PAYMENT,0
7202.438154165274,1.5562884105540644,0,0,0,PAYMENT,0
925.4500905801779,1.269256488965125,0,0,0,PAYMENT,0
1658.7047690649638,0.7490160824934419,1,0,0,PAYMENT,0
869.3368417066258,1.0268646603486784,1,0,1,TRANSFER,1
1182.8869389695508,1.122212394368266,0,0,0,PAYMENT,0
1103.2511388705752,1.323014677682461,0,0,0,WITHDRAWAL,0
1716.9831821973146,1.6720295733733705,0,0,0,PAYMENT,0
3516.802712642083,0.5782609346790589,0,0,0,TRANSFER,0
5695.285450360627,0.3582164465984955,0,0,1,TRANSFER,1
1494.6092522198737,1.0607716297522367,0,1,0,PAYMENT,1
1977.4173153224112,0.2943304579811901,0,0,0,WITHDRAWAL,0
346.9343228872261,0.7972693547514316,1,0,0,PAYMENT,1
1004.3775321255748,0.7001694645120538,0,0,1,TRANSFER,0
2808.1732582089267,1.4108942659788783,0,0,0,PAYMENT,0
2607.0344764568463,4.006098899733533,0,0,0,PAYMENT,0
1355.0718162001867,0.25634952421995183,0,1,0,PAYMENT,1
2660.8315336716664,4.913219950286017,0,0,0,PAYMENT,0
1791.4250671508912,0.849461541021157,0,0,1,WITHDRAWAL,1
3642.0655492030523,1.275663043453631,0,0,0,WITHDRAWAL,0
1464.6317972946897,0.3714345862768892,0,0,0,WITHDRAWAL,0
768.3932792453504,2.009347613841231,0,0,0,TRANSFER,0
1534.3179928137738,1.0294562759638657,0,0,0,TRANSFER,1
58.52216808884642,0.9578853468873078,0,1,1,WITHDRAWAL,0
1608.2239885259332,0.2576457807003924,0,0,0,PAYMENT,0
28.54800838387497,1.0530153070893087,0,1,0,WITHDRAWAL,0
195.69094285987424,1.8077443030632363,0,0,0,PAYMENT,0
1722.9075883619919,0.8475588142093606,0,0,0,TRANSFER,0
1767.867571274268,2.274907840588403,0,0,1,PAYMENT,0
342.94538938195257,2.2100753728806666,0,0,0,PAYMENT,0
538.0211965196378,0.6384149801857536,0,0,0,PAYMENT,0
4317.971404309723,3.0543893926028893,0,0,0,WITHDRAWAL,0
675.8491284902886,1.0322144801077344,0,0,0,TRANSFER,0
10331.164776151667,1.0354350489513489,0,0,0,PAYMENT,0
1094.529803488346,1.0717436009492034,0,0,0,DEPOSIT,0
1649.1844580924558,1.0497174425890698,0,0,0,WITHDRAWAL,0
5524.093267834466,0.15864387801959254,0,0,1,TRANSFER,0
1250.1603676575758,0.8782232217783057,0,1,0,PAYMENT,0
402.4842715936745,0.38490353668095223,1,0,1,PAYMENT,1
982.669205551019,3.1218787734007054,0,1,0,WITHDRAWAL,1
1058.2683972106045,3.0351416458246616,0,1,1,PAYMENT,0
280.13127926199263,1.815492594312212,1,0,0,PAYMENT,0
849.092327273158,0.8462612117176165,0,0,0,PAYMENT,0
522.0732511977156,0.49380703494636535,0,0,0,TRANSFER,0
2763.7887619091744,0.6310900599371121,0,0,1,PAYMENT,1
1135.2542052090068,3.8956063240961347,0,0,1,WITHDRAWAL,0
826.5035817210127,0.6159816095234676,0,0,0,WITHDRAWAL,0
986.1594636614085,0.19225805977459215,1,0,0,DEPOSIT,0
1370.7619312271686,2.0567269416435363,0,0,1,PAYMENT,0
2032.0780119920094,2.8586577015366883,0,0,0,PAYMENT,0
403.54490543949197,3.194565168325128,0,0,0,TRANSFER,0
386.99523000243903,2.0685411553995965,0,1,0,DEPOSIT,0
3309.91972364748,2.3188323789774676,0,0,0,PAYMENT,0
726.0821246611583,1.037748904018761,0,0,0,PAYMENT,0
265.91000046214225,0.23377248183986607,0,0,0,TRANSFER,0
1709.2547048695676,1.0197084254712157,0,1,0,TRANSFER,1
1743.0117836134084,1.5451190164651802,1,0,0,PAYMENT,0
237.29040836211556,0.9096557574140688,0,0,0,PAYMENT,0
1379.5073414512783,0.8810990034691701,0,0,0,PAYMENT,0
2288.3426306089327,0.5092161851721232,0,0,0,PAYMENT,0
1594.613158116032,0.49598126740927734,0,0,0,PAYMENT,0
2063.134038888018,3.6208324585866265,0,0,0,TRANSFER,0
269.27439135097796,3.71375115542735,1,0,0,PAYMENT,0
1526.9692309203413,0.998148723857259,0,0,0,PAYMENT,0
810.2803027076578,1.2178250520753657,0,0,0,PAYMENT,0
676.6876828438552,0.5032840080344302,0,0,0,PAYMENT,0
2619.0203363835217,1.5680023097118028,0,1,0,TRANSFER,0
4813.956155882119,3.4272370785929294,0,0,0,TRANSFER,0
6596.998518165454,0.3428502397518244,0,1,0,TRANSFER,1
4083.9007282385346,1.3836408330055845,0,0,0,PAYMENT,0
982.6625922725151,1.458364452617526,0,0,0,PAYMENT,0
1560.4353986900658,1.4467570875742413,0,0,0,TRANSFER,0
2360.9582925920904,3.1581056421107316,0,0,0,PAYMENT,0
1237.9077675518745,4.158742514960634,1,1,1,PAYMENT,1
1249.8317083488457,0.8492186610711672,0,0,0,TRANSFER,0
2499.267909761879,1.601949893208607,0,0,0,PAYMENT,0
1033.5113425720367,1.0607366228684523,1,1,1,PAYMENT,1
528.8543502598689,0.642440736705421,1,0,0,PAYMENT,0
724.5327281454654,1.2087296231021432,0,0,0,PAYMENT,0
2067.117446249932,1.600073666822924,0,0,0,WITHDRAWAL,0
1099.9206185192627,1.163985718369412,0,0,1,TRANSFER,0
1541.0356615384405,0.5396541289159904,0,0,0,PAYMENT,0
2143.251274469685,0.7228941669990323,0,0,0,PAYMENT,0
753.823712108785,0.7267772866468741,0,0,0,PAYMENT,0
2336.1233900351062,0.5544876368617797,0,0,0,TRANSFER,0
1601.7348522245916,1.2454260835169615,0,0,0,TRANSFER,1
318.9986634896726,1.340011863665245,0,0,0,PAYMENT,0
4639.235140328808,1.9850861637365576,0,0,1,WITHDRAWAL,0
664.6464573780669,0.5486274618292526,0,0,0,WITHDRAWAL,0
209.5379056351168,0.6674871896949336,0,0,0,TRANSFER,0
385.66005326822625,2.9689210867217932,0,0,0,WITHDRAWAL,0
395.02728533846823,0.8912350292670423,0,0,0,PAYMENT,0
1155.366996828964,1.0213157229060743,0,0,0,PAYMENT,0
833.9300237430649,0.8846416732234431,0,0,0,PAYMENT,0
783.0276688654728,2.2102852356473455,1,0,0,PAYMENT,0
2037.9546584685982,2.27110404456269,0,0,0,PAYMENT,0
1540.520093112827,2.179827336910507,1,0,0,WITHDRAWAL,0
1504.2472269836055,1.0187713352703283,0,0,0,WITHDRAWAL,0
1652.1429095462952,0.5429678416719049,0,0,0,PAYMENT,0
2030.6976196545888,3.8483679696172595,0,0,0,TRANSFER,0
133.22596322552258,1.8210555106137594,0,0,0,PAYMENT,0
761.7068327514176,0.7263950348698537,0,0,0,PAYMENT,0
123.93905285123449,2.7092536548894106,0,0,0,PAYMENT,0
1136.8993038339763,0.687339974649503,1,0,0,TRANSFER,1
1091.5642386143036,2.6844943393392637,1,0,0,TRANSFER,1
3119.8252661299152,2.814541054417966,1,0,1,TRANSFER,1
3596.204967519301,0.5246426366946267,0,1,0,WITHDRAWAL,0
1343.1529115766798,1.5026508956695876,1,0,0,PAYMENT,0
664.9015087892622,1.7289832046996763,0,0,0,PAYMENT,0
1781.4111543564732,6.236607968013398,0,0,0,PAYMENT,0
646.8292586421167,0.5947519909024136,0,0,1,WITHDRAWAL,0
1095.1069936320155,2.7258499667826763,0,0,0,PAYMENT,0
2939.9160836840724,1.0122162285562146,0,0,1,PAYMENT,0
627.8044006440131,0.41938961243276135,0,1,0,DEPOSIT,0
2454.500701359715,0.9194395136509698,1,0,0,PAYMENT,0
2159.0020255261616,1.0017268220127349,0,0,0,PAYMENT,0
422.08561933204953,0.4765306974557356,0,0,0,PAYMENT,0
2904.14448419414,1.2442358087123326,0,0,0,PAYMENT,0
2205.184251964391,1.9551491436685016,0,0,0,TRANSFER,0
1214.3034356394958,1.181447590057082,0,0,0,WITHDRAWAL,0
511.66828896937517,0.6843465329267187,0,1,0,PAYMENT,0
464.42216708439315,0.9012879817267313,0,0,0,TRANSFER,0
640.556559774528,0.9968247021997869,0,0,1,PAYMENT,0
1886.7187030901584,1.1643059276711907,0,0,1,WITHDRAWAL,0
421.7340206897327,2.1746800136750664,0,0,0,PAYMENT,0
1698.5194666527173,1.2096823776864243,0,0,0,PAYMENT,0
316.79170349088565,0.37460331482435066,0,0,0,PAYMENT,0
894.2017452666316,0.6746071548202465,0,1,1,WITHDRAWAL,0
1223.7164216531514,1.1232370452500042,0,0,0,PAYMENT,0
12646.428788114068,2.196548224761968,0,0,1,PAYMENT,0
276.6309602564514,2.4805802611418453,1,0,0,PAYMENT,0
4779.133660520421,3.4635003485344327,0,0,0,DEPOSIT,0
1273.9051897155239,1.0957401580053534,0,0,0,PAYMENT,0
1654.363990228247,1.7062814684893544,0,0,0,WITHDRAWAL,1
1234.4093967073395,0.3612723857208355,0,0,0,PAYMENT,0
1710.8178639973796,1.3510973325654385,0,0,1,PAYMENT,0
940.4090081084764,0.4711000104836421,1,1,0,PAYMENT,0
4694.046025113857,0.9571669636923474,0,1,1,PAYMENT,1
694.7338730614904,8.338529419372263,0,0,0,PAYMENT,1
3402.3939717685194,1.236751229586885,0,0,1,PAYMENT,0
575.7265911062631,0.5462550687570777,0,0,1,PAYMENT,1
1032.510148248212,1.330363621073855,0,0,0,PAYMENT,0
375.4170148490215,0.6963153510922211,0,0,0,TRANSFER,0
1728.5249959947587,0.5104202468167148,0,0,0,PAYMENT,0
4652.341670722233,4.358803849923815,0,0,0,PAYMENT,0
1014.9999276338095,2.110169800428271,0,0,0,WITHDRAWAL,0
900.6478172111928,1.2736357904319593,0,0,0,TRANSFER,0
359.74053552096376,0.7601220221162533,0,0,0,TRANSFER,0
871.928431390882,0.8044852572455238,0,0,0,PAYMENT,0
223.00757517515206,2.943906105338417,0,1,1,TRANSFER,0
440.1528325390936,1.2393713513761848,0,0,0,PAYMENT,0
1375.7936534729322,0.1155602083918394,0,0,0,PAYMENT,0
4101.111025207482,5.444777873448651,0,0,0,PAYMENT,0
18200.618595108397,1.1367162801273036,0,1,0,WITHDRAWAL,0
609.9731348262683,1.2717047256075846,0,0,0,PAYMENT,0
4606.852540165752,2.1397443716620157,0,0,0,PAYMENT,0
1399.3351086535179,1.3851133523164343,0,0,0,PAYMENT,0
942.7040110570604,1.6868047053545596,0,0,0,PAYMENT,0
1690.186998382182,0.7433365118636678,0,0,0,PAYMENT,0
1166.6789457469424,0.4227997032831162,0,0,0,PAYMENT,0
1224.6320684914995,1.2167251509332884,0,0,0,WITHDRAWAL,0
728.9949736823742,2.724078638397749,0,0,0,PAYMENT,0
270.93808880913724,0.6354246325708371,0,1,0,TRANSFER,0
234.2466915605501,0.6007257349910825,0,0,0,PAYMENT,0
2107.473010274317,2.350700766621271,0,0,0,PAYMENT,0
831.5570522375959,0.7260970150069823,0,0,0,PAYMENT,0
604.2035233368734,0.7502176311452112,1,0,0,PAYMENT,0
1106.0004917729157,0.7701261155923566,0,0,1,PAYMENT,0
2428.2649110383186,0.955532323782128,0,0,0,PAYMENT,0
1313.3861690114206,0.33235664087237926,0,0,0,PAYMENT,0
569.0367752217716,0.6855470962907988,0,1,1,TRANSFER,1
3737.951285331237,1.1749876223821718,0,0,0,WITHDRAWAL,0
5319.770822772851,1.1691378014624978,0,0,0,PAYMENT,0
1798.2273540167862,2.2492461976249905,0,0,0,PAYMENT,0
2903.474816694833,3.6239861105234206,0,0,1,PAYMENT,0
3796.9750787836733,2.8827318761961727,0,0,0,TRANSFER,0
3395.1367411714864,1.8969677093489976,0,0,0,PAYMENT,0
2026.5683571140655,0.9011223711702092,0,0,0,PAYMENT,0
1994.8956996396364,0.6465218079767734,0,0,0,TRANSFER,0
1843.9413049942114,1.0125935418625518,0,0,0,TRANSFER,0
366.01061124470215,1.5066748534108396,0,0,0,PAYMENT,0
2209.9455514593546,1.7777641135963445,0,0,0,TRANSFER,1
282.6433989989252,1.546756276773939,0,0,0,PAYMENT,0
495.41735308579104,0.9186750316731965,1,1,0,PAYMENT,1
4038.2433732946092,1.7346463640862406,0,0,0,TRANSFER,0
2540.7641537352865,2.4172021949471563,0,0,0,TRANSFER,0
4853.222953303211,1.8517150595404182,0,0,0,PAYMENT,0
835.7467330700816,0.9778400810617175,0,0,0,PAYMENT,0
346.45438284536067,0.5578338701057383,0,0,1,PAYMENT,0
862.2651335797364,0.5486485531974027,0,0,0,WITHDRAWAL,0
1214.4314419507032,0.6207341822992801,0,0,0,PAYMENT,0
1186.7677526175391,1.1971606631397074,1,0,0,WITHDRAWAL,1
3407.317073906564,1.4388765384975624,0,0,0,WITHDRAWAL,0
764.1236143734037,0.3715125540380046,0,0,0,PAYMENT,0
1559.3657885855112,0.7027201290802559,0,0,0,WITHDRAWAL,0
408.043118152023,1.185660289475541,0,0,0,PAYMENT,0
1720.4089067647878,0.5327111484573891,0,0,1,PAYMENT,1
1100.0474015603847,1.354907121740938,0,0,0,PAYMENT,0
518.1095268558539,0.8063803063585793,0,0,1,TRANSFER,0
866.2474768955205,0.6026647601515485,0,0,0,DEPOSIT,0
912.1680637138485,1.0379460440557935,0,0,0,PAYMENT,0
837.0174099262235,1.315999207507993,0,0,0,PAYMENT,0
6446.813406902483,0.5521308354821988,0,0,0,PAYMENT,0
993.8179069703805,0.8438093775576472,0,0,0,PAYMENT,0
859.2877855699558,1.3873214367396933,0,0,0,TRANSFER,0
134.6325266785985,0.5865700807120974,0,0,0,TRANSFER,1
448.44796200410303,0.31335147713999456,0,0,0,WITHDRAWAL,0
842.9659582750791,0.3410924609460492,1,0,0,PAYMENT,0
552.3309003462075,0.746294037090491,1,0,0,PAYMENT,0
4366.458699759906,0.397367873674794,0,0,0,PAYMENT,0
929.8862107263839,0.7839536920622239,0,1,0,TRANSFER,0
3977.6411604251675,3.207397933563627,0,0,0,TRANSFER,1
1166.4318114230161,0.38097601012764915,0,0,1,PAYMENT,0
1138.2278751467898,0.8205147465011563,0,0,0,PAYMENT,0
1003.4542254393178,4.448705646840693,0,0,0,PAYMENT,0
1100.8041659220546,1.3306812885140482,0,0,0,WITHDRAWAL,0
6116.803915412098,0.7730540571321308,0,0,0,TRANSFER,0
107.81203274412832,0.8959973315759643,0,0,0,WITHDRAWAL,0
148.18392749964715,1.3506065068238355,0,0,0,PAYMENT,0
637.0379111458865,3.2773669846521356,0,0,0,PAYMENT,0
1112.681205291467,0.6896317460519631,0,0,0,PAYMENT,0
2186.6028857970527,0.5884124108008159,0,1,0,PAYMENT,0
1760.0318738803053,0.3809199187536324,1,0,1,PAYMENT,0
746.7676459283185,1.0748350659194987,0,0,1,PAYMENT,0
3038.270424676486,0.3738198960674254,0,0,0,PAYMENT,0
3072.341959926475,0.7227818455800242,0,0,0,PAYMENT,0
1318.2466422382715,0.5293643092731949,0,0,0,PAYMENT,0
2871.6945569827753,2.120997415735572,0,0,0,TRANSFER,0
1440.3555379255695,0.700558453593552,0,0,0,TRANSFER,0
625.4785102596596,1.3202897625667251,0,0,0,PAYMENT,0
2203.532071554428,0.32534653564581895,0,0,0,DEPOSIT,0
1224.898328729253,1.0964249792044796,0,0,0,DEPOSIT,0
1098.1034635784767,0.43075654291457205,0,0,0,TRANSFER,0
4783.623401882511,0.7423355235479925,0,0,0,TRANSFER,0
94.54991266944785,4.701312861665891,0,0,0,PAYMENT,0
265.68617786827485,1.9203780430285042,0,0,0,PAYMENT,0
334.59792049185654,0.9140328127740883,0,0,0,PAYMENT,0
762.6043506513056,9.386376568955669,0,0,0,PAYMENT,0
850.1321689117613,0.5269644008659959,0,0,1,PAYMENT,0
242.90595506255028,2.260647931282607,0,0,0,WITHDRAWAL,0
409.4611257154884,0.3420247692641913,0,0,0,DEPOSIT,0
463.66315126184156,0.8430357360557551,0,0,0,PAYMENT,0
12802.862939877848,0.3892813916086242,0,0,0,TRANSFER,0
6645.810583940807,1.1973288778149678,0,0,0,WITHDRAWAL,0
726.5087901982698,1.0399568038230191,0,0,0,TRANSFER,0
762.3583415842595,0.806246816482726,1,0,0,PAYMENT,1
347.51089005851776,2.1477910977019636,0,0,0,DEPOSIT,0
162.69374797396827,0.6723546793102716,0,0,0,TRANSFER,0
975.6655110562366,1.2570858483096925,0,0,0,PAYMENT,0
404.29629667313054,1.7760440695358066,0,0,1,PAYMENT,0
1007.4215938770675,0.35407205327772534,0,0,0,TRANSFER,0
221.36084459578868,0.5922123321856376,0,0,0,PAYMENT,0
511.8468922220549,1.0384224402257531,0,0,1,WITHDRAWAL,0
1272.357929333914,1.5544276289574583,0,0,0,TRANSFER,0
1581.6274029243718,2.7043631119940414,0,0,0,PAYMENT,0
1664.8194510751093,0.8597480832412834,0,0,0,PAYMENT,0
292.80621730970813,0.801292099495949,0,0,0,PAYMENT,0
2577.784866205658,0.5429070126417923,0,0,0,PAYMENT,0
492.6447388362982,1.2598452103949207,0,0,0,TRANSFER,0
2064.943025809124,0.8122214116133707,0,0,0,DEPOSIT,0
1085.0282726552177,0.8254533041428483,0,0,1,TRANSFER,0
276.8878362565021,0.9363911878090084,0,0,0,PAYMENT,0
799.3527162022386,1.4712901125168527,0,0,0,WITHDRAWAL,0
1580.2901399839152,0.6739418907941894,0,0,0,DEPOSIT,1
2024.2719428034582,0.5824507408186946,0,1,0,WITHDRAWAL,0
952.4257036636361,1.3528411415620378,0,0,1,PAYMENT,0
5073.462947765699,0.12027103821622968,0,0,0,PAYMENT,0
3003.431571126989,0.6553572831766226,0,0,0,TRANSFER,0
848.394621932852,0.4466782913715935,0,0,0,PAYMENT,0
2321.855227532625,2.3216560741983194,1,0,0,PAYMENT,0
7583.98059449007,0.7344356235938667,0,1,0,WITHDRAWAL,0
7789.1311667979235,0.6753654814201968,0,0,0,WITHDRAWAL,0
321.1794878930809,0.9665369603011569,1,0,0,PAYMENT,1
434.18334067289703,0.6591786425701657,0,0,0,WITHDRAWAL,0
4841.204278990436,0.7543840347681021,0,0,0,PAYMENT,0
380.58858000203276,1.0703409978646612,0,1,0,TRANSFER,0
292.20595141246827,0.7442127697742695,0,0,0,PAYMENT,0
674.3881728901234,0.7404832861290244,0,0,0,PAYMENT,0
1669.4119363494128,0.49306692107898287,0,1,0,TRANSFER,1
989.8993718721634,0.4459053280839472,0,0,1,TRANSFER,0
572.1701313550332,1.0433595342968283,0,0,0,WITHDRAWAL,0
558.7977150115037,1.2393912812286996,0,0,1,PAYMENT,1
537.8947642726055,0.36798627023664365,0,0,0,PAYMENT,0
455.08780180801074,1.702263763403371,0,0,0,PAYMENT,1
10738.952999987088,1.707163716089382,0,0,0,TRANSFER,0
1476.6201476954727,1.9783880496493147,0,0,1,TRANSFER,0
2661.803166884509,1.233582280069572,0,0,0,PAYMENT,0
672.4464848518027,1.5619850342135575,0,0,0,PAYMENT,0
910.545001342002,4.615951818438967,0,0,0,PAYMENT,0
537.2405891316741,0.8097213356137194,0,0,0,PAYMENT,0
77.34621675409797,0.4809538061383282,0,0,0,PAYMENT,0
276.43914965222416,0.3416932349556938,0,0,1,WITHDRAWAL,0
179.3575536710739,3.417713469002422,0,0,0,PAYMENT,0
115.60927910004156,3.449230218549523,0,0,0,PAYMENT,0
331.83605134675156,0.523499177748401,0,0,0,TRANSFER,0
4125.5543572746055,0.6010215015033479,0,0,0,DEPOSIT,0
1048.9698143047317,0.797085183066164,0,0,0,TRANSFER,0
3986.08076335025,2.3560342675926758,0,0,0,PAYMENT,0
1654.050780758227,0.4061179928027104,0,0,0,PAYMENT,0
2398.404073366454,0.25242687720828866,0,0,1,PAYMENT,0
445.45801707133506,4.5597150548097085,0,0,0,PAYMENT,0
1851.869510800338,1.2444097247784882,0,0,0,TRANSFER,0
2272.6781892172535,1.374499017947356,0,0,0,WITHDRAWAL,0
616.0651418915261,0.8662565184154675,0,0,0,PAYMENT,0
1918.9632987246114,1.3854838746496632,1,0,0,TRANSFER,0
1931.7618837011335,0.3464751713972684,0,0,0,TRANSFER,0
632.9854137754519,0.555079242137119,0,1,0,PAYMENT,1
356.8200409566754,1.0763874915460427,1,0,1,PAYMENT,1
335.58378873306987,0.20400237867584908,0,0,0,DEPOSIT,0
1195.7220907566937,0.8091569873230406,0,0,0,PAYMENT,0
1520.8274926855372,0.7749823227575027,0,0,0,PAYMENT,0
496.44572859359494,0.8090592206101743,1,0,0,PAYMENT,0
1126.1785218877953,0.679935549483871,0,0,1,TRANSFER,1
1940.1819496492142,0.49801536545201786,0,0,0,WITHDRAWAL,0
2034.8771238746763,0.27931299078009614,0,0,0,PAYMENT,0
5176.4776837234385,1.1066339527078388,0,1,1,PAYMENT,1
3932.304155623848,0.8105138978023965,1,0,0,WITHDRAWAL,0
402.908128608093,0.3818615836144102,0,0,0,TRANSFER,0
5905.185897679335,1.0447455772041527,0,0,0,DEPOSIT,0
644.8537168189926,0.813454620796378,0,0,0,TRANSFER,0
3117.768537116527,0.7241789373020698,0,0,1,TRANSFER,1
1173.7823906986303,0.22094832667248257,0,0,1,PAYMENT,0
726.2182732830037,1.612744294399453,0,1,1,PAYMENT,0
179.88237053228195,0.4218372393545743,1,0,0,TRANSFER,0
923.7444737017761,1.0452845848993146,0,0,0,PAYMENT,0
230.58435590246341,0.5679125062587859,0,1,0,PAYMENT,1
2885.0549796820214,0.761771556940848,0,0,0,PAYMENT,0
4997.997729630781,2.240288706125482,0,0,0,PAYMENT,0
494.27350148026676,1.4508255519115594,0,0,0,TRANSFER,0
1483.2200940961452,2.2056625995111103,1,0,0,PAYMENT,0
530.9184747932782,1.2601992535954598,0,0,0,WITHDRAWAL,0
584.9435049674568,1.3195628520228777,0,0,0,PAYMENT,0
2379.1408256529267,0.28742385667851267,0,0,0,TRANSFER,0
1055.1748198027165,0.8007011515651348,0,0,1,PAYMENT,0
6245.697101878295,0.8543312735314431,1,1,0,PAYMENT,1
677.0651632923931,2.355058043877488,0,0,0,PAYMENT,0
2978.9802783739165,0.7016219663098058,1,0,1,PAYMENT,1
1208.8362669607343,1.2037018175110148,0,0,0,TRANSFER,0
2430.3195013879313,1.171201494375342,0,0,0,PAYMENT,0
701.2344926119616,2.248745740677924,1,0,1,WITHDRAWAL,1
1043.6100281945278,0.9106279544532748,1,0,0,PAYMENT,1
977.0141359814062,1.7850579221434248,0,0,0,PAYMENT,0
475.2984322418141,0.30318697217540874,0,0,0,TRANSFER,0
2126.1785397917765,0.32309347444457626,0,0,0,PAYMENT,0
2101.1687270194957,0.20223173397022762,0,0,0,PAYMENT,0
1985.3583283802714,1.7335814702611465,1,0,0,PAYMENT,1
5099.846161866916,1.6025031194927182,0,0,0,PAYMENT,0
4672.010636886451,1.8734455989921708,0,0,0,PAYMENT,0
753.745901201157,0.622411838859935,0,1,1,DEPOSIT,0
1592.4871501500095,0.6740281790432577,0,0,0,PAYMENT,0
587.8073809080871,0.9187572384844304,0,0,0,WITHDRAWAL,0
1122.5468052949707,2.747220057111975,0,0,0,WITHDRAWAL,0
601.9958495688405,3.27291062808126,1,0,0,PAYMENT,0
5541.776017464449,1.7431014043295534,0,0,0,TRANSFER,0
1577.6602126109121,1.2607588572887227,1,0,0,DEPOSIT,0
881.8049371871027,2.5466222885338143,0,0,0,PAYMENT,0
3617.7898216554295,0.8360308873369111,0,0,0,PAYMENT,0
125.13392830874672,0.7605913384508908,0,0,1,TRANSFER,1
146.33483775421251,0.9136428996896846,0,0,0,TRANSFER,0
2430.466893739104,0.5040397935386757,0,0,0,WITHDRAWAL,0
1164.9907757034844,0.8847001056620876,0,0,0,PAYMENT,0
1408.7334260224159,0.45740519917857375,0,0,0,PAYMENT,0
291.08167464701995,2.049314758714034,0,0,0,TRANSFER,0
1071.4480059054129,1.463134677813903,0,0,0,PAYMENT,0
8131.5709316509065,2.7201680956874883,0,0,0,TRANSFER,0
2500.3840518450697,0.31965980372936276,0,0,0,PAYMENT,0
1299.463213054819,3.785537417142861,0,0,0,PAYMENT,0
706.9402072954817,0.332627248562205,0,0,1,WITHDRAWAL,0
739.0955050585887,0.432222121578261,0,0,0,TRANSFER,0
130.4254906456251,0.6475397594069251,0,0,0,TRANSFER,0
1418.9045666063078,2.497785362765181,0,0,0,DEPOSIT,0
2554.17130735034,1.1710507796944003,0,0,0,PAYMENT,0
226.87079554841378,0.8430909187561043,0,0,0,TRANSFER,0
565.9937907254001,0.574164576997099,1,0,0,PAYMENT,0
344.6520535807122,0.38168691316977277,0,0,0,TRANSFER,0
417.6521066274528,2.209661036429832,0,0,0,WITHDRAWAL,0
1156.8795621387762,1.7490057484435189,0,0,0,WITHDRAWAL,0
136.40083198827256,2.5772302196055823,1,0,0,PAYMENT,1
2026.9154594545892,1.3201860701340273,0,0,0,WITHDRAWAL,0
2330.539511913671,0.15732025335299718,0,1,0,PAYMENT,0
853.1176065008037,0.41844573920739164,0,0,0,TRANSFER,0
91.77055458472066,1.3845980959421846,0,0,0,WITHDRAWAL,0
404.8762132122318,0.7719759226930094,0,0,0,TRANSFER,0
3762.7371392067125,0.6762520774240915,0,0,0,TRANSFER,0
68.17007729778416,0.4619684245237755,0,0,0,WITHDRAWAL,0
774.7005656618395,1.9412123434336461,0,0,0,PAYMENT,0
336.97179130846234,1.3762120671301772,0,0,0,TRANSFER,0
2451.781792814326,1.4202513401209604,0,0,0,TRANSFER,0
558.2941912203256,0.6417723878914541,0,0,0,PAYMENT,0
1642.4659519468717,1.1313384844029555,0,0,0,DEPOSIT,0
1930.357348009609,0.39202273307397084,0,1,0,PAYMENT,0
6878.981208001021,0.9131276570924582,0,0,0,PAYMENT,0
895.2097571306269,0.170409535777832,0,0,0,WITHDRAWAL,0
1597.2590886022256,0.3336438082602724,0,1,0,PAYMENT,0
248.37619717053013,0.7980226559852309,0,0,0,TRANSFER,0
3606.2133355772685,5.272911634984461,0,0,1,WITHDRAWAL,0
512.5976102636859,0.2835065218272135,0,0,0,WITHDRAWAL,0
625.934564392631,0.418739439704111,0,0,0,TRANSFER,0
1072.504884550015,1.163860338128634,0,0,0,WITHDRAWAL,0
229.77846627760124,3.450765305796477,0,0,0,PAYMENT,0
1378.5259139276925,1.1520244060904088,0,0,0,PAYMENT,0
2885.5369310986825,1.6347653816863117,0,0,0,TRANSFER,0
1469.8767364433124,0.7895259116674952,0,0,0,TRANSFER,0
223.8782631004998,0.6994680843751354,1,0,1,WITHDRAWAL,1
968.9283875187436,1.059216036670834,0,0,0,PAYMENT,0
2303.1404945599916,0.6307771972791584,0,0,0,PAYMENT,1
167.67225887960316,1.6602837759112787,0,0,0,PAYMENT,0
374.36602158905805,0.3248504588164137,0,0,1,PAYMENT,0
2634.750063938727,1.8644962750311251,0,0,0,TRANSFER,0
1436.6875556179825,1.0279012566858032,0,0,0,PAYMENT,0
1655.6874548304643,0.8604458377988314,0,0,0,PAYMENT,0
7040.924824377845,0.31660852913042187,0,0,0,PAYMENT,0
1752.069217648567,0.5036608921508581,0,1,0,PAYMENT,0
2117.2810277458316,2.314181430316102,0,0,1,PAYMENT,0
16493.89394103494,0.8641410262915301,0,0,0,WITHDRAWAL,0
885.5380637580763,1.2151638529694149,1,1,0,DEPOSIT,1
493.79341249043676,0.5402774855258913,0,0,0,TRANSFER,1
1682.0968148615452,0.9798671817216776,0,0,0,PAYMENT,0
1701.033062646467,0.3826990252132491,0,0,0,PAYMENT,0
647.6073737776817,1.0724197866294134,0,0,0,PAYMENT,0
390.5683478407363,1.2962151929499077,0,0,0,TRANSFER,0
11046.229445796307,1.2516094824290205,0,0,0,PAYMENT,1
1520.5744504756074,0.5312570005400854,0,0,0,PAYMENT,0
527.2709845663663,0.7870718891966697,1,0,0,WITHDRAWAL,0
2740.5949265168997,1.4564994243473124,0,0,1,TRANSFER,0
983.2415805909204,0.8624256672452252,1,0,0,PAYMENT,1
851.6013801575969,0.8178193848813181,0,0,0,TRANSFER,0
1924.2140389900333,3.7902323604386527,0,0,0,PAYMENT,0
301.3034003801256,0.5139175765941162,0,0,0,PAYMENT,0
1560.2903487474457,2.130364150238712,0,0,1,WITHDRAWAL,0
7427.575763820198,0.44562545603508924,0,0,0,PAYMENT,0
1747.912787431949,1.5814572941877745,0,0,1,PAYMENT,0
752.7911982727267,1.6416581377886152,0,0,0,TRANSFER,0
660.4323653630954,0.6995936527663049,0,0,0,PAYMENT,0
727.5334858563557,0.4264612393289227,1,0,0,TRANSFER,1
850.6810993321711,0.2517539033437902,0,0,0,WITHDRAWAL,0
751.591882540173,0.6501322623536503,0,0,0,PAYMENT,0
2741.639672648683,1.4453522356670325,0,0,1,PAYMENT,0
193.79306156760515,0.47032106053443296,0,0,0,PAYMENT,0
2596.7087335668634,1.0702197558084439,0,0,0,PAYMENT,0
750.1802228953719,0.3557593148930307,1,0,0,TRANSFER,0
1598.7027301415308,0.8489782303892219,0,0,0,PAYMENT,0
355.31761861696816,0.44801402872500606,0,0,0,PAYMENT,1
4140.74526719656,0.9468767412652452,1,1,0,TRANSFER,1
3810.9544942564144,0.704155808284662,0,0,0,TRANSFER,0
2862.900428458083,0.4346316903591997,0,0,0,WITHDRAWAL,0
241.10806228235833,0.6305193497460284,0,0,0,PAYMENT,0
2512.719900353095,0.5200086652675779,0,0,0,TRANSFER,0
1643.9465906277815,0.3986197634913925,0,0,0,PAYMENT,0
220.24239887442988,2.133837661747381,0,0,0,WITHDRAWAL,0
1070.3089415791958,0.7771496051593927,0,0,0,WITHDRAWAL,0
1578.9802227977202,0.21404739546392587,0,0,0,TRANSFER,1
1912.3254122535473,0.6464259899775582,0,0,0,TRANSFER,0
1309.317603283879,1.8970464936114124,0,0,0,TRANSFER,0
1467.3765372943067,0.5868705313978502,0,0,0,TRANSFER,0
4786.771200561651,2.8531416334600794,1,0,0,PAYMENT,0
3736.9831103871225,0.548996376062683,0,0,0,TRANSFER,0
62.361309700199335,1.422456972946377,0,0,0,DEPOSIT,0
798.3614543102844,2.0660674322750348,0,0,0,TRANSFER,0
930.1528918334526,1.3704453782449426,1,0,0,PAYMENT,0
190.1667706192132,0.38207216207951855,0,1,0,PAYMENT,0
1204.9375974464624,0.5169919351878959,0,1,0,TRANSFER,1
3822.8739910807,2.268343191157797,0,0,0,PAYMENT,0
369.9737807943476,0.5693681627215952,0,0,0,PAYMENT,0
1535.1769629560927,1.9797559107962717,0,0,1,PAYMENT,0
438.85827400907397,0.7399302860439753,0,0,0,PAYMENT,0
560.0846742519303,1.1040730602781237,0,0,0,PAYMENT,0
4804.9102086778885,0.3789787690090177,0,0,0,PAYMENT,0
637.4285420756305,0.6532552732399354,0,1,0,DEPOSIT,0
1740.9957332363092,0.5418779614305727,0,0,1,PAYMENT,0
168.81136092228476,1.171072218704559,1,0,0,PAYMENT,1
7060.827698722589,1.067413364874622,0,0,0,PAYMENT,0
2003.5030377697092,1.3824467373899019,0,0,0,TRANSFER,0
913.6980513953538,0.7093787073080693,0,1,0,DEPOSIT,0
1949.9256253804906,0.5214400072932149,0,0,0,TRANSFER,0
267.78396938135137,1.136451126516831,0,0,0,WITHDRAWAL,0
3577.8979486087046,0.48640569880534856,0,0,0,PAYMENT,1
793.1522728928448,2.1273897707628944,0,0,0,PAYMENT,0
894.200913114303,0.9229634258038061,1,0,0,WITHDRAWAL,1
670.7150519705592,0.7958897746424322,0,0,1,PAYMENT,0
613.603281051532,1.3819878530744858,0,0,0,PAYMENT,0
2196.6101533108927,0.9479484559157311,1,0,0,PAYMENT,1
1416.4469259201946,0.3132868038436075,1,0,0,WITHDRAWAL,0
2104.3210266041024,0.475684276458411,0,0,0,PAYMENT,0
1087.030896667521,2.0967658636990647,0,0,1,WITHDRAWAL,0
1832.0664402293169,1.060477250894961,0,0,0,TRANSFER,0
721.3693322105094,0.30817192254596143,0,0,1,PAYMENT,1
10195.807051840176,1.2795116052237132,1,0,0,PAYMENT,0
228.62190829267294,0.6760547778437836,0,0,0,PAYMENT,0
3869.7195804366065,0.5421839376504478,0,0,0,PAYMENT,0
4306.614823551422,0.4486954493330311,0,0,1,PAYMENT,0
467.70660832149525,2.013653290798538,0,1,1,PAYMENT,0
10191.136088743347,0.2526250613511526,0,0,0,TRANSFER,0
2967.5449771403323,0.5563974221075166,0,0,0,PAYMENT,0
2896.1542257133915,1.0877254100784755,0,0,0,DEPOSIT,1
1127.79782972331,3.0187841416931804,0,0,0,PAYMENT,0
882.5132843494259,1.4735887283681308,0,0,0,DEPOSIT,0
889.439218854317,0.5530995747262986,1,0,1,TRANSFER,1
1620.5657510761662,2.916975867727279,0,0,1,WITHDRAWAL,0
4452.34532225831,0.3872881149786577,0,0,0,TRANSFER,0
1314.6348400328575,1.2041035109591185,0,0,0,PAYMENT,0
440.784624733935,1.4069851898472245,0,1,0,TRANSFER,1
2500.95281034511,0.5396789203326465,0,0,1,WITHDRAWAL,0
2754.9394590106285,1.6295683052259193,1,0,0,TRANSFER,0
2110.4564465362555,0.6978695461930466,0,0,1,WITHDRAWAL,0
2311.1462822646517,1.6267752796793231,0,0,0,PAYMENT,0
836.3706447885972,0.27589998701850543,0,1,0,DEPOSIT,1
433.1182705567783,1.2642553126200804,1,0,0,WITHDRAWAL,0
460.26691415127596,0.7494057866920693,0,0,0,WITHDRAWAL,0
213.69221915733553,2.2362327635807104,0,0,0,TRANSFER,0
1389.846532208182,0.9696825676968547,0,0,0,WITHDRAWAL,0
1008.8347357233853,2.397581866021817,0,0,0,TRANSFER,0
706.2803785913914,1.4266498529249032,0,0,0,PAYMENT,0
57.0758551747766,0.9146114750318074,0,1,0,WITHDRAWAL,0
315.0346177183238,1.735626627411418,0,0,1,PAYMENT,0
3363.8473798261366,1.7434064428750005,0,0,0,WITHDRAWAL,1
564.1803669539781,1.3914369680918441,0,0,0,PAYMENT,0
1572.7668587226967,0.20096772373748512,0,0,0,PAYMENT,0
272.9570809053301,0.5026845998949798,0,0,0,PAYMENT,0
4622.5671150175,2.6349760494366112,0,0,0,TRANSFER,0
949.5349514467597,0.4151306044248155,0,0,0,PAYMENT,0
1465.6299023023546,1.8546997164775236,0,0,0,TRANSFER,1
11223.665194189163,1.6397058397561728,0,1,1,PAYMENT,0
4996.235963374451,0.6016817348604815,0,0,0,TRANSFER,0
807.0893482732976,0.2474214455718394,0,0,1,PAYMENT,0
605.9392994508238,0.6715016414537376,0,0,0,PAYMENT,0
791.9157330427275,4.282815115060583,0,0,1,PAYMENT,0
1826.027732259871,0.5464600341780128,0,0,0,PAYMENT,0
987.1044561005482,0.5735098649691575,0,0,0,TRANSFER,0
738.5995218143142,0.4974263929411513,0,0,0,PAYMENT,0
4756.0903310824715,2.3404638438296077,1,0,0,TRANSFER,0
978.2743070085063,0.8436302286191923,0,0,0,TRANSFER,0
10933.525623200514,0.6452390825391567,0,0,0,PAYMENT,0
1200.7991395465592,2.6897057796493007,0,1,0,WITHDRAWAL,0
6537.554168978922,1.5002711546754,0,0,1,TRANSFER,1
1567.6287757334703,0.5254484612079249,0,0,1,PAYMENT,0
2872.564814461196,0.42464203407083295,1,0,0,TRANSFER,0
531.3330027379556,2.2495247583961935,0,0,0,PAYMENT,0
466.9586815482642,1.0118210373047762,0,1,0,PAYMENT,1
1736.6373327660467,0.33812324698943347,0,0,1,PAYMENT,0
2947.030235572401,0.28702642886474605,0,0,0,PAYMENT,0
1141.6804123843974,0.4578438459827032,0,0,0,PAYMENT,0
302.96178181078415,0.41994177357015783,0,0,1,PAYMENT,0
281.39000739057485,0.23877015612346014,0,0,0,PAYMENT,0
263.18668198599505,0.46317288602415385,0,1,0,TRANSFER,1
187.23750422516062,0.5255255901158918,1,0,0,PAYMENT,1
1223.5177122047014,0.723339278612765,0,0,0,PAYMENT,0
3378.016296660776,3.2708079424400136,0,0,0,PAYMENT,0
1082.019209640123,0.8296176968824747,0,0,0,PAYMENT,0
114.38674909664446,0.8893162353473655,0,0,0,TRANSFER,0
906.1814298255293,1.4282911856634077,0,0,1,TRANSFER,1
931.8771599474717,0.8469423505542056,0,0,0,PAYMENT,0
8919.531932171463,1.3232714936776468,0,0,1,TRANSFER,0
255.40795416916365,1.2170506280836753,0,0,0,PAYMENT,0
741.9800807085761,1.0896014595271069,0,0,0,PAYMENT,0
6038.148357159821,6.9346200093499375,0,0,1,TRANSFER,0
1719.8258958594608,1.8922906717469272,0,0,0,TRANSFER,0
1926.2166508953333,0.4689752005177863,0,0,0,TRANSFER,0
1229.7724570982784,1.2958353308556998,0,0,0,WITHDRAWAL,0
1525.2956493188503,0.5745226455309166,0,0,0,PAYMENT,0
2386.562989712729,1.366667828060145,0,0,0,WITHDRAWAL,0
488.09676791701895,0.38188674554073987,0,1,1,WITHDRAWAL,0
2638.74466905927,0.46049853083603315,0,0,0,PAYMENT,0
277.8265458344778,1.2721842356065929,0,0,0,WITHDRAWAL,0
1522.8943378285676,2.0104697063427985,0,0,0,PAYMENT,0
1311.2562987039228,1.4216967378670209,0,0,1,DEPOSIT,0
592.1185758125441,1.8182638807955642,1,0,0,WITHDRAWAL,0
1072.0357872200855,1.2991016552040355,0,0,0,PAYMENT,0
588.4311028264744,1.128339710269925,0,0,0,PAYMENT,0
375.5150961296868,0.702868618197296,0,0,0,TRANSFER,0
769.9959525353796,1.7666785638142237,0,0,0,PAYMENT,0
363.5843663814825,2.049130307679476,0,0,0,TRANSFER,1
1514.4346259375009,0.9567807798558434,0,0,0,PAYMENT,0
347.20469523867945,0.9214117914480172,0,0,0,PAYMENT,0
2234.9564535576924,3.0464715991335556,0,0,0,PAYMENT,0
336.4740174780819,0.9858064460090574,0,0,0,TRANSFER,0
622.476006872279,1.0544086719379937,0,0,0,TRANSFER,0
587.2182707095474,1.4034845876998667,0,0,0,TRANSFER,0
4126.342617639735,0.9338267231960002,1,0,0,WITHDRAWAL,0
1525.824113873421,0.5631336861008217,0,0,1,TRANSFER,0
887.3736965323199,1.3028783116377032,0,1,0,PAYMENT,0
1805.7285914054876,0.9732361658127887,0,1,0,PAYMENT,1
133.32738603003494,3.631242330496041,0,0,0,PAYMENT,0
1050.3370696591592,1.7365736152729776,0,0,0,TRANSFER,0
8082.966116708259,0.659127953296198,0,0,0,PAYMENT,0
1251.8109056190356,1.6658610775337017,0,0,0,TRANSFER,0
1173.696171471089,1.2404895304251011,0,0,0,PAYMENT,0
1897.1885895881865,2.500769317064731,0,1,0,PAYMENT,1
2685.4544381098,0.6927279336721789,0,0,0,TRANSFER,1
148.78961184764913,1.1411919699681286,0,0,0,TRANSFER,0
203.90893930011507,0.9329855607891879,0,1,1,PAYMENT,1
1353.2864102346239,1.0417850084098572,1,0,1,TRANSFER,1
536.5305148588005,0.5381385283620735,0,0,0,WITHDRAWAL,0
4072.55262414127,1.4965136469878353,1,0,0,PAYMENT,0
800.1711242570644,1.339873214035043,0,0,0,WITHDRAWAL,0
158.45478180001257,2.4587584608784994,0,0,1,PAYMENT,0
308.5815287526546,0.9930064729374916,0,0,0,PAYMENT,0
70.12812880372297,0.7495459500049931,0,0,0,TRANSFER,0
867.7246689902058,1.737602109105975,0,0,1,TRANSFER,0
908.3373793373081,0.5735311277252225,0,0,0,TRANSFER,0
717.3309357256617,2.137184213539228,0,0,1,PAYMENT,0
3225.6154203168126,2.1339813175733844,0,0,0,PAYMENT,0
3635.565092125555,2.4111293092431696,0,1,0,PAYMENT,0
924.8315165426163,1.3016544240963972,0,1,0,TRANSFER,1
129.71066712236913,0.7113807580635773,0,0,1,TRANSFER,0
2033.0279882269883,1.07942814810894,0,0,0,WITHDRAWAL,0
1910.9585016873116,1.304797983081877,1,1,0,PAYMENT,1
1494.2677554602594,0.675637120116636,1,0,0,TRANSFER,0
2926.2579901452996,2.542585310714453,0,0,0,TRANSFER,0
342.1235412430482,1.5008909782940925,0,0,0,TRANSFER,0
8174.341043240401,0.5354991005583175,0,0,0,DEPOSIT,0
420.13338612020044,3.735985254632795,0,0,0,WITHDRAWAL,0
2319.7690845865145,1.0705499545188348,0,0,0,PAYMENT,0
202.88763539812595,0.46492827621297855,0,0,0,WITHDRAWAL,0
432.56617166139324,0.5592392584143737,0,0,0,DEPOSIT,0
4995.878975763304,2.8333181557387954,0,0,0,PAYMENT,0
844.8002230670644,3.5876214757609914,0,0,0,TRANSFER,0
2540.0082426187214,2.0271675789494403,0,0,0,TRANSFER,0
1389.8559514709038,2.5181287193930335,0,0,0,PAYMENT,0
987.3670393362056,2.3434655104449855,0,0,0,WITHDRAWAL,0
4289.177741626225,1.476746425870069,0,0,1,WITHDRAWAL,0
865.529255027822,1.2590144740576459,1,0,1,PAYMENT,0
184.79773311461287,1.4592231953294323,0,0,0,PAYMENT,0
491.15507258774494,1.6739913590569817,1,0,0,PAYMENT,1
1903.009251277238,0.5950447866619766,0,0,0,WITHDRAWAL,0
1628.6538706297295,1.669244469387692,0,0,0,PAYMENT,0
228.8213915711769,2.7760576038839226,0,0,0,TRANSFER,0
531.4757018688322,0.865488925596371,0,1,1,TRANSFER,1
612.9471094919904,0.8031020800818576,0,0,0,PAYMENT,0
760.9216575791543,1.3959600918995787,0,0,0,PAYMENT,0
277.0190874010807,0.6346000726917502,0,0,0,WITHDRAWAL,0
585.0099712044467,0.39781308024621787,0,0,0,PAYMENT,0
529.2122153998068,2.233128077869375,0,0,0,PAYMENT,0
2372.105555504861,0.7293030827397815,1,0,0,PAYMENT,0
2462.9653036424716,1.0129977509779855,0,1,1,PAYMENT,1
947.8436304917805,0.652406445436971,0,0,1,PAYMENT,0
740.9700485207285,2.444225662810575,0,0,1,PAYMENT,0
1261.332917768788,1.8170663605679205,0,1,0,PAYMENT,0
484.64898786081153,0.84491632617374,1,0,0,PAYMENT,0
348.3361346767099,0.4378284310244513,0,0,0,TRANSFER,0
428.2806868692539,0.784388486080226,1,0,1,PAYMENT,0
581.253417252601,1.4904929288296154,0,0,0,PAYMENT,0
342.5871919046684,1.1411596621443594,0,0,0,WITHDRAWAL,0
1289.5641332544121,1.079360386654067,0,0,0,TRANSFER,0
2274.9552793964976,1.1597322176654006,0,0,0,WITHDRAWAL,0
224.28144166442664,1.7008997266837664,0,0,0,TRANSFER,0
1124.5392905102349,0.9711236820541591,0,0,0,PAYMENT,0
880.1252304998098,1.3702722124498914,0,0,0,TRANSFER,0
1543.0383180627068,0.5011531953875368,0,0,0,DEPOSIT,0
1082.5354762927095,5.9756659273460935,0,0,1,PAYMENT,0
256.3133501684657,0.8197945462088906,1,0,0,PAYMENT,0
310.3220723273311,1.153170500064457,0,0,0,PAYMENT,0
1129.3794206517352,1.486650893196919,0,0,0,WITHDRAWAL,0
3067.9992552687468,0.7500965415415315,0,0,0,PAYMENT,0
119.7986754117454,1.005492384114489,0,0,0,WITHDRAWAL,0
1549.5604356666333,0.9969772699353103,0,0,0,TRANSFER,0
3603.3599380036167,0.5273838303018415,0,1,1,TRANSFER,0
941.0291565918061,1.3593580929911813,0,0,0,PAYMENT,0
1901.1276631622288,0.31522919965771623,0,0,0,PAYMENT,0
542.9031369888442,3.4106261962198707,0,0,0,PAYMENT,0
973.2430064769638,1.742079682739423,0,0,0,TRANSFER,0
216.82411212974998,1.5642174239898703,0,0,0,TRANSFER,1
105.17826700758496,0.29651737002466155,1,0,0,PAYMENT,1
2815.135857012176,0.5742042720581839,0,0,0,PAYMENT,0
409.5279161498038,2.644657545596017,0,0,0,TRANSFER,0
695.389524171928,18.281122644034877,0,0,0,PAYMENT,0
274.1177467462008,2.3077770046449353,0,0,1,WITHDRAWAL,0
267.74373140014006,2.0665083325705305,0,1,0,PAYMENT,0
921.6470119816275,1.4440937463811627,0,0,0,WITHDRAWAL,0
528.7008684554665,0.5525297300475521,0,0,0,PAYMENT,0
1600.3393796151215,2.0069614427414164,0,0,0,PAYMENT,0
1724.234424347979,0.4626219246216952,0,0,1,PAYMENT,0
1511.4876542772695,0.42852353615729444,0,0,0,PAYMENT,0
1392.1447059684024,0.4100523158429616,0,0,1,PAYMENT,0
5312.23646243895,1.9798198437289771,0,1,0,PAYMENT,0
377.06071829118997,0.9606070616868129,1,0,0,PAYMENT,0
1038.0146048367012,1.0731525981932277,0,1,0,PAYMENT,0
3403.943258605726,0.989275169591418,0,0,0,PAYMENT,0
3883.6853307832034,0.4547526751862248,0,0,0,WITHDRAWAL,0
264.60452442735306,0.6253075725518502,0,0,0,WITHDRAWAL,0
802.4299474880366,0.6477189833391298,0,0,1,PAYMENT,0
4264.674319725712,0.3739287480107743,1,0,0,PAYMENT,0
1822.7089457755494,0.7026143840836978,1,0,0,PAYMENT,0
1333.1009269849262,0.4691116310895058,0,0,0,WITHDRAWAL,0
882.108713692017,1.498362642445535,0,0,0,TRANSFER,1
747.1000218978744,1.5883245917087243,0,0,1,WITHDRAWAL,0
1462.962931078329,0.40432050519586316,1,0,0,TRANSFER,0
852.0335253142187,0.81249766796962,0,0,0,TRANSFER,0
1050.9201355251796,3.6665160899938187,0,0,0,PAYMENT,0
1186.3049913060383,0.5033175336794384,0,0,0,PAYMENT,0
556.6454328901739,1.3480329724379994,0,0,1,WITHDRAWAL,0
1867.0769786311655,1.0766618273144992,0,0,0,PAYMENT,0
20216.30322908093,2.149040128282587,0,0,0,PAYMENT,1
185.49229794510467,1.2297695436581846,0,0,0,WITHDRAWAL,0
1516.275873407221,0.7394069488642981,0,0,0,TRANSFER,0
512.7610316419361,1.0478441730765997,0,1,0,PAYMENT,0
1953.5481798117542,1.0586123648651733,0,0,0,PAYMENT,0
1148.8968192386112,0.9378299582450524,0,0,0,PAYMENT,0
2349.25790941956,0.39717510749512547,0,0,0,PAYMENT,0
3552.854260662081,2.3872976248481357,0,0,0,PAYMENT,0
1329.317747462701,2.1096108759613204,0,0,0,TRANSFER,0
3401.7738271079606,0.48145990665156085,1,1,0,PAYMENT,1
105.1830437481519,0.8101726203085634,0,0,0,WITHDRAWAL,0
5380.046509010869,0.8542255854044749,0,0,0,PAYMENT,0
1595.6910026325531,0.4450524403170844,0,0,0,PAYMENT,0
3222.276433708354,0.2706963983410496,1,0,0,PAYMENT,0
323.79942166617514,0.6253680914174313,0,0,1,TRANSFER,0
477.81810108057607,0.7792045883155491,0,1,1,DEPOSIT,0
1268.941407092893,0.36463321051379466,0,0,0,PAYMENT,0
1078.1071145320132,1.1318850569852899,0,1,0,TRANSFER,0
1455.4473479841388,2.2569162995470373,0,0,0,PAYMENT,0
3243.846710655304,1.8030529334214052,0,0,0,PAYMENT,0
187.68775130502243,0.9151384101608483,0,0,0,PAYMENT,0
2903.9265174534094,0.2757423985827504,0,0,0,PAYMENT,0
1105.753088595708,1.6503570170246147,1,0,0,WITHDRAWAL,0
894.4581705144799,1.107909070193624,0,0,1,TRANSFER,1
251.8628682074335,1.345876907508469,0,0,1,WITHDRAWAL,0
1813.5629470497904,3.8778154247440724,0,0,0,WITHDRAWAL,0
98.09065959790142,0.5613738811261618,0,0,0,TRANSFER,0
2097.274683754947,0.13367134336529754,0,0,0,PAYMENT,0
246.63121507374564,0.47834731760781835,1,0,0,PAYMENT,0
1156.8521279856343,1.4052729407353095,0,0,0,PAYMENT,0
973.4351065695317,1.0190268785002037,0,0,0,PAYMENT,0
3531.712455938631,0.4270110914837541,0,0,0,PAYMENT,1
917.2176837886364,0.3701665763801638,0,0,0,PAYMENT,1
547.7732581662367,0.7801833591648109,0,0,1,TRANSFER,1
660.764371828508,0.4180031674237695,1,0,0,PAYMENT,0
3916.2222984576265,1.4397124307517097,0,0,0,PAYMENT,0
1874.8744369101958,0.7497624754299351,1,0,1,PAYMENT,1
745.7347831876367,0.6446920493722551,0,0,0,PAYMENT,0
865.7131170245435,0.5881381074505606,0,0,0,PAYMENT,0
228.79419997267462,1.202239308956192,0,0,0,PAYMENT,1
1617.2366511562539,1.0302757209195064,0,0,0,WITHDRAWAL,0
188.70487605779488,1.1518508563331689,0,0,0,TRANSFER,1
2325.7467885758897,1.1343849510000685,0,0,0,WITHDRAWAL,1
1247.1566914172852,0.9507188696803466,0,0,0,PAYMENT,0
11931.673711264893,0.485201306883874,0,0,0,WITHDRAWAL,0
364.98798903064454,0.5997357792267304,0,0,0,TRANSFER,0
989.6367028477365,0.7586062327818853,0,0,0,WITHDRAWAL,0
6622.893916537022,4.244553648552226,0,0,0,PAYMENT,0
3609.7349958890304,0.38899630882449066,0,0,0,WITHDRAWAL,0
546.6386322797749,0.7458106343750666,0,0,0,PAYMENT,0
1371.9212770187914,1.071207955491853,0,1,1,PAYMENT,1
1098.8279122852477,0.8086954159695144,0,0,0,PAYMENT,0
1453.828742409681,2.1207688308605817,0,0,0,PAYMENT,0
545.2909819485141,0.805776756931796,0,0,1,WITHDRAWAL,0
1002.9285983069387,0.848590128131102,0,0,0,WITHDRAWAL,0
221.83805301109697,1.7686914148798167,0,0,0,TRANSFER,0
1255.2919473314603,3.551955028103459,0,0,0,PAYMENT,0
1719.8987011997497,2.67847837233805,0,0,0,PAYMENT,0
873.5632941656311,0.9087750193751201,0,0,0,PAYMENT,0
218.09900463915505,0.9659338279405337,1,0,0,TRANSFER,0
2946.9672298774735,1.0332441073292709,1,0,0,PAYMENT,0
1578.9652998622669,1.108380106523465,0,0,0,TRANSFER,0
530.5875101389134,0.5525873933757126,1,0,0,PAYMENT,0
828.3200000069121,1.9263281140004853,0,0,0,PAYMENT,0
244.52818961507617,1.155607742310202,1,0,0,PAYMENT,0
393.30676198020603,0.9690885075799659,0,0,0,PAYMENT,0
640.4612716129585,0.4107371677434033,0,0,1,WITHDRAWAL,0
3745.9135780652455,1.0445648068941997,0,0,0,TRANSFER,0
578.5335901191352,0.2657368854296988,0,1,0,TRANSFER,1
2080.188220713063,0.6655413290491542,0,0,0,PAYMENT,0
640.1380121808222,0.6742405082631199,0,0,1,TRANSFER,1
1405.2177624869403,1.2224984019422513,0,1,0,PAYMENT,1
952.037569579021,3.728086194736249,1,0,0,PAYMENT,1
2625.578679576325,1.492324879848698,0,0,0,TRANSFER,0
642.3855456158659,2.7562786393279923,0,0,0,PAYMENT,0
227.5731556500561,1.5708997135444425,0,0,0,TRANSFER,0
275.35218984739885,2.197977111905352,1,0,0,WITHDRAWAL,0
644.2729721256325,3.6692568451794028,0,1,0,PAYMENT,1
314.4861475806465,0.5991245440006021,0,0,0,PAYMENT,0
1652.776724300765,0.5723680194216456,0,0,0,PAYMENT,0
688.304849598277,1.5970650968053952,0,0,0,TRANSFER,0
11785.279716242789,0.9974283944138383,0,0,0,PAYMENT,0
192.92189248929407,1.1667798424829992,0,0,0,WITHDRAWAL,0
1344.3060066813496,0.8402407471354086,0,1,1,TRANSFER,0
354.9748622817637,0.6587698136595702,0,0,0,PAYMENT,0
669.5451890834297,3.1097280173624844,0,0,0,PAYMENT,0
1263.2202244980592,0.4630580847809218,0,0,0,PAYMENT,0
107.19275100472606,1.6168415431778795,1,0,0,PAYMENT,1
1389.6762937205444,1.4433398957014394,0,0,0,DEPOSIT,0
7353.321995493188,0.331108451809436,0,0,0,TRANSFER,0
696.8440921766573,0.5590333033228311,0,0,0,TRANSFER,1
1421.9832865392054,0.6288368771844886,0,0,0,PAYMENT,0
3056.181968333351,1.4846942804682477,0,0,0,PAYMENT,0
930.801925403553,0.7734265479191875,1,0,0,PAYMENT,1
613.4138383302779,0.9418465981629417,0,0,0,DEPOSIT,0
112.64751377434571,0.3604676185929949,0,0,0,TRANSFER,0
2081.8052801043596,5.094381173541261,0,0,0,PAYMENT,0
979.2936928820965,1.0510996828521455,0,0,0,DEPOSIT,0
398.34407768911353,1.4180754396037332,0,0,0,PAYMENT,0
1244.633901053949,0.6849305436476563,0,0,1,TRANSFER,0
611.7475168328971,0.6332822086441239,0,0,1,WITHDRAWAL,0
646.5004335899572,3.814765742276482,0,0,0,TRANSFER,0
2010.8064834133627,0.26139956944511444,0,1,0,WITHDRAWAL,0
287.6135068268532,1.2153753363597686,0,0,0,WITHDRAWAL,0
3125.3929118963656,0.4282480377640158,0,0,0,PAYMENT,0
271.05285449008187,0.7531425135419954,0,0,1,TRANSFER,0
565.2672293576612,0.6397574701295415,0,0,0,TRANSFER,0
7502.1595199083995,0.50148359780135,0,0,0,PAYMENT,1
3385.8313778412867,1.0251195201269399,0,0,0,WITHDRAWAL,0
1209.0666683717955,0.16569270131359098,0,0,1,WITHDRAWAL,0
428.1483657659501,0.8018434117742662,0,0,0,PAYMENT,0
645.9536120938974,0.9387529037073237,0,0,1,PAYMENT,0
1180.0066046271475,0.38616382499000346,0,0,0,PAYMENT,0
1138.5641526799463,2.884215978133666,0,0,0,PAYMENT,0
1001.3747354755697,0.6596005447893076,0,0,0,TRANSFER,0
1063.3371388028302,0.8468438399674353,0,1,0,TRANSFER,0
885.0329626928053,0.6606352447991433,0,0,0,PAYMENT,0
259.3092239357802,0.9445031241648061,0,0,0,PAYMENT,0
654.2498144736421,2.4985257687926863,0,0,0,PAYMENT,0
2737.017366172755,5.646924511723284,0,0,0,WITHDRAWAL,0
279.12667260255597,1.6853064936261384,0,0,0,WITHDRAWAL,0
907.2739901551288,2.1416908564294084,1,0,1,PAYMENT,0
483.1108214011924,3.3250982981823984,0,0,0,PAYMENT,0
1225.801787642419,1.1903052106030074,0,0,1,WITHDRAWAL,0
743.4985524314241,3.0016904446689576,0,0,0,PAYMENT,0
4804.910356691388,1.7413850331856562,0,0,0,WITHDRAWAL,0
1819.9843009650397,1.1060456216911656,0,0,0,PAYMENT,0
295.3605561363193,1.277926348631707,0,0,0,PAYMENT,0
2145.714790710104,0.2794332387867899,0,0,0,TRANSFER,0
505.3989633164178,1.2268911902728723,0,1,1,PAYMENT,1
615.8501239305707,0.339383933818818,0,0,0,TRANSFER,0
1500.898218349987,0.32055916863720413,0,0,0,DEPOSIT,0
670.6534799594111,1.1445540467488449,0,0,0,PAYMENT,1
2678.081118040909,0.4584724773670894,0,0,1,PAYMENT,0
505.47063131635076,0.9950327518706499,0,0,0,TRANSFER,1
590.5494929249212,1.1017547802887195,0,0,0,TRANSFER,0
568.8570125223514,1.1367061300821586,0,0,0,PAYMENT,0
622.8845892614663,0.5310574959750654,0,1,1,PAYMENT,1
3291.805757158635,1.8758795968426145,0,0,0,PAYMENT,0
2056.5730192615506,0.9394462570661265,0,0,0,PAYMENT,0
6062.902677143407,1.3617259501252483,1,0,0,TRANSFER,0
10589.77512695484,0.43278780459794336,0,0,0,WITHDRAWAL,0
391.22504930156134,0.8826475667047023,0,0,0,WITHDRAWAL,0
1176.6410933513175,2.155679825958344,0,0,0,TRANSFER,0
338.25487635054213,1.9721500474690863,0,0,1,TRANSFER,0
503.90818167161547,0.5722926010787271,0,0,1,PAYMENT,0
584.0096401185685,0.6825696311921056,0,0,0,PAYMENT,0
381.0174314287917,0.5005335191980496,0,0,1,PAYMENT,1
383.02977478101985,0.6316062868627587,0,0,0,PAYMENT,0
949.2912195775851,0.37555615244402096,0,0,0,WITHDRAWAL,0
324.8233777775858,0.9078073334866129,0,0,0,TRANSFER,0
2545.6134956719175,1.5576789780107898,0,0,1,PAYMENT,0
438.01206803249505,0.5772169973020479,0,0,0,PAYMENT,0
18207.137565191035,0.9385450726318456,1,0,0,PAYMENT,0
698.2767743581722,0.856972983537192,0,0,0,PAYMENT,0
1178.5234754127205,2.092967911740665,0,0,0,TRANSFER,0
300.263017492987,0.6517369262903667,0,0,0,WITHDRAWAL,0
6039.592115653566,0.668545196863814,1,0,0,PAYMENT,0
3359.342941814677,0.55310092488179,0,0,0,TRANSFER,0
1475.7415242243897,0.45101410543703296,0,0,0,TRANSFER,0
285.20192872294126,1.4483565415599389,0,0,0,PAYMENT,0
1353.7947819911785,0.9097571734602817,0,0,0,PAYMENT,0
357.29756642133054,1.0391124152408098,0,1,1,PAYMENT,0
4733.192795899751,2.440611955604124,0,0,0,TRANSFER,0
2463.14614331905,2.540742873495309,0,0,0,WITHDRAWAL,0
1206.4519260622244,0.3158891192297787,0,1,0,TRANSFER,0
95.93053509162866,1.5737861412540002,0,0,0,TRANSFER,0
410.17505063201486,1.171110973178631,1,0,0,PAYMENT,1
2181.4850328588327,0.7238915436529256,0,0,0,PAYMENT,0
3688.162670375556,1.257818134829879,0,0,0,PAYMENT,1
3324.816659242137,0.29865438873857664,0,0,0,WITHDRAWAL,0
223.18186958691155,2.783891140688467,1,0,0,PAYMENT,0
1482.5995916776121,1.4339901423922299,0,0,0,WITHDRAWAL,0
3027.5688493289294,0.5457259123104463,1,0,0,PAYMENT,0
208.8600550067036,0.6637915196258903,0,0,0,PAYMENT,0
1087.9989742459163,0.3035519440990261,0,0,1,TRANSFER,0
1442.0808702960574,0.8027033384035145,0,0,0,TRANSFER,0
811.7849093858683,0.7132577779053586,0,0,0,TRANSFER,0
172.05912101749217,0.3955107659681022,0,0,0,PAYMENT,0
791.794501169402,1.7223533176138843,0,0,0,PAYMENT,0
790.5228561323722,2.444298165355706,0,0,1,TRANSFER,0
945.7020818953794,0.9810298977898984,0,1,0,PAYMENT,0
624.2360453063201,0.8073864782389231,0,0,1,PAYMENT,0
704.1474968318058,1.355932245049619,0,0,0,PAYMENT,0
1053.9430734708633,0.9863467884947331,0,0,0,TRANSFER,0
1706.93493411328,0.46882512336396426,0,0,0,PAYMENT,0
808.8174455488479,0.6332597518016663,0,0,0,PAYMENT,0
728.0364179717757,0.8126090123567695,0,0,0,WITHDRAWAL,0
1202.7357567278164,1.1897350272268161,0,0,0,PAYMENT,0
160.62686622522932,1.0065571068225243,0,0,1,PAYMENT,0
1766.9940892301333,1.1586535126952222,0,0,0,PAYMENT,0
1096.0158212787044,0.3439085196245434,0,0,0,PAYMENT,0
1141.0378552831435,1.5930531910489591,0,0,0,TRANSFER,1
2866.1768353806356,1.00239397981041,0,0,1,PAYMENT,1
155.5837963808325,5.970892047327522,0,0,1,PAYMENT,1
152.34780994020608,0.7623541563745824,0,0,0,PAYMENT,0
1442.0252748456792,1.2541034647428408,0,0,0,PAYMENT,0
1088.8562853748501,7.246027687548333,0,0,0,PAYMENT,1
1300.074621806611,1.1455262525729237,0,0,0,PAYMENT,0
690.8155974418984,0.9537617492139526,1,0,0,PAYMENT,0
2131.0150068559815,0.5011522527674299,1,0,0,WITHDRAWAL,0
2786.7709612359085,2.91475700769417,0,0,0,PAYMENT,0
1779.3124310138683,0.4442485346987797,0,0,0,PAYMENT,0
844.8605140452049,1.3484889129429347,1,0,0,PAYMENT,0
133.26113341459563,0.7178542500381705,0,0,0,PAYMENT,0
2366.6629597023702,0.8758719418762353,0,0,0,PAYMENT,0
3720.9290704939194,0.3690760391450226,0,0,1,PAYMENT,0
2089.245786201011,2.560465441915599,0,0,0,PAYMENT,0
455.0273707483196,0.8232806613505632,0,0,0,PAYMENT,0
2151.228586869568,0.4271744670664893,0,0,0,PAYMENT,0
2592.8934880299134,2.4033976360962384,0,1,0,PAYMENT,0
5212.507202074679,0.7026504274286389,0,0,1,PAYMENT,1
456.6375987573712,1.2639289759228587,0,0,0,PAYMENT,0
874.4065393066371,1.802169951584651,0,0,0,WITHDRAWAL,0
2315.247914176186,1.393507613355315,0,0,1,TRANSFER,0
1161.4332380017502,0.21488658850614642,0,0,0,TRANSFER,0
358.7667292164142,1.6270193003166384,0,0,0,PAYMENT,0
1660.072051665992,0.9319933179856047,1,1,0,TRANSFER,1
1956.0093560014866,0.7942793227185052,0,0,0,TRANSFER,0
1197.4659520215482,0.9264895945129054,0,0,0,PAYMENT,0
1365.9219859370478,0.3239963736279547,0,0,0,WITHDRAWAL,0
846.6556829056746,1.1439871269900983,0,0,0,TRANSFER,1
4809.165886615314,0.3847836842849046,0,0,0,PAYMENT,0
445.5492613805626,0.8186588743835554,0,0,0,PAYMENT,0
609.5245562225892,1.1155918843803916,0,0,0,PAYMENT,0
1108.7466514733237,2.120869108663587,0,0,0,PAYMENT,0
2641.1085880136357,0.5634204020062784,0,0,0,WITHDRAWAL,1
245.33554130516785,2.762431196507819,0,0,0,TRANSFER,0
295.80582730493404,1.9402120620970584,0,0,1,PAYMENT,0
142.9180647491142,0.7403836214517454,0,0,0,PAYMENT,0
1133.0804053201414,0.4601860169889813,0,0,0,TRANSFER,0
358.41594976154994,0.3639745513870587,0,0,0,PAYMENT,0
746.5405158960687,1.2095249703916091,0,0,0,TRANSFER,0
2124.6836291860714,0.5968443590555671,1,0,0,TRANSFER,1
577.3549714779208,2.315324299020843,0,0,0,TRANSFER,0
1381.9931154677138,0.6214705957603128,0,1,0,TRANSFER,0
812.9438908717524,0.532341708811877,0,0,0,TRANSFER,0
2147.6173882169246,1.1776706308902634,0,0,0,TRANSFER,0
1763.6275368259269,0.6186393557917962,0,0,0,WITHDRAWAL,0
548.9823566949158,1.0060029412269982,1,0,0,TRANSFER,0
926.4390391154924,1.994099422324182,0,0,0,PAYMENT,0
3114.249271123239,1.0855215168117753,0,0,0,WITHDRAWAL,0
1625.1848956897709,1.0883634244590663,0,0,0,WITHDRAWAL,0
271.249196394367,1.1544253598588092,0,0,0,PAYMENT,0
2112.480357939681,0.30569442313078954,0,1,0,WITHDRAWAL,0
370.6986163303851,1.3155915665292326,1,0,0,DEPOSIT,0
4503.062815754563,1.1184592893095529,0,0,0,PAYMENT,0
3053.668213330679,1.8682985098533698,0,0,0,PAYMENT,0
1465.402863676542,1.528164834329112,0,0,0,PAYMENT,0
1283.3547713678993,0.8681732025461024,0,0,0,TRANSFER,0
889.7742189529449,2.0599362259745333,0,0,0,DEPOSIT,0
2161.4270447536223,0.814776457753827,0,0,0,PAYMENT,0
756.8929504348789,1.1888779615317127,0,1,0,TRANSFER,0
1387.931614332234,0.8042825820559233,0,0,0,TRANSFER,1
2622.6338197521295,1.3815837187632505,0,0,0,TRANSFER,0
625.2761902181127,0.7683247006751346,0,1,0,TRANSFER,0
592.1779968279964,3.1685882011070716,0,0,0,TRANSFER,0
332.16589215149753,4.104787256308311,0,0,1,PAYMENT,0
378.239371780249,1.8436674697418103,0,0,0,PAYMENT,0
176.19735262482934,2.941464700057006,0,0,0,PAYMENT,0
2275.212626044948,0.34046255277673687,0,0,0,PAYMENT,0
6693.6496472939325,0.3697365994300953,1,0,0,TRANSFER,1
4561.144890487333,0.7984424419507188,0,0,0,WITHDRAWAL,0
215.7058149143138,1.0292822098672127,0,0,0,PAYMENT,0
2263.9235510665594,0.8704497971918274,0,0,0,TRANSFER,1
4546.46983297046,0.3167968143698764,0,0,0,PAYMENT,0
694.4985117345825,2.2391900024588316,0,0,0,PAYMENT,0
1213.722582964942,4.517409740644589,0,0,0,PAYMENT,0
147.24633744677024,2.451478655646515,0,0,0,PAYMENT,0
1431.8694368454992,2.1379903267428157,0,0,0,WITHDRAWAL,0
378.5848683381114,1.1714985293422417,0,0,0,PAYMENT,0
1338.9419853598702,0.554272874910879,0,0,0,PAYMENT,0
230.1651461055006,1.052080504781377,0,0,0,PAYMENT,0
1887.2164118874941,4.366281038254028,0,0,0,WITHDRAWAL,0
3054.9321914256866,0.781616022572352,0,0,0,PAYMENT,0
501.1072441138894,0.727260842018408,0,0,0,WITHDRAWAL,0
351.80513149287725,2.170836465764221,1,1,0,TRANSFER,1
126.9733164195067,2.2740905984049014,0,0,0,PAYMENT,0
840.1550565427393,0.5523732608439028,0,0,0,PAYMENT,0
613.0252130749793,0.83273548749421,0,0,1,TRANSFER,1
232.52101025946106,0.7037487701256272,0,0,0,WITHDRAWAL,0
1725.062837455055,1.0499920212623124,0,0,0,PAYMENT,0
699.2648844311724,2.16534709509845,0,0,0,PAYMENT,0
374.00308324635716,0.5696009421731245,0,0,0,PAYMENT,0
629.8159251305558,2.144197525864482,0,0,0,WITHDRAWAL,0
3201.2752945075176,1.0737485825742568,0,0,0,TRANSFER,0
2004.0731103607168,5.095381266722013,0,0,1,PAYMENT,0
962.9234702564352,1.2500475855874844,0,0,0,PAYMENT,0
2036.7384705491577,0.9344071651633602,0,0,0,PAYMENT,0
343.4659718107003,1.4952603053563267,0,0,0,WITHDRAWAL,0
1132.7120729703547,0.7897788049024269,0,0,0,PAYMENT,0
1270.6988840412296,0.28459413928688365,0,0,0,PAYMENT,0
685.510277435041,0.8450454872660099,0,0,0,TRANSFER,0
1695.0344362119645,0.8357669051649215,0,0,1,PAYMENT,0
502.48538018739436,0.3280391813539298,0,1,0,TRANSFER,0
1825.886146279938,0.9501602419677833,0,0,0,PAYMENT,0
1904.279063415418,0.23528042997690324,0,0,0,TRANSFER,0
59.3136888083645,0.7839729321012242,0,1,1,TRANSFER,1
3605.824391163293,1.1859180429448046,0,0,1,PAYMENT,0
52.05846607890638,1.0702554132887918,0,0,0,WITHDRAWAL,0
592.263107469642,0.7499500827344855,0,0,1,WITHDRAWAL,0
3057.4852222100403,0.941885764032916,0,0,0,PAYMENT,0
798.4826784012338,0.5776165110296212,0,1,1,TRANSFER,1
253.10742858879502,1.0076003003650569,0,0,0,TRANSFER,0
367.330849154038,1.0414984407666743,0,0,0,PAYMENT,0
3062.251615192836,0.532498613833748,0,0,0,PAYMENT,0
160.53234832386613,1.2060968964063337,0,1,0,PAYMENT,1
3391.3762822896942,1.2008346522487996,0,0,0,PAYMENT,0
1037.8410292212006,0.8901663358484568,0,0,1,TRANSFER,0
332.8209539508085,5.445191498658686,0,0,1,WITHDRAWAL,0
612.0934259835412,0.9062032406405038,0,1,0,PAYMENT,0
396.53950043444115,0.822452974562644,0,1,0,TRANSFER,0
2607.7034293973065,0.744029066939288,0,0,0,PAYMENT,0
2281.13364195318,0.5067905606245394,0,0,0,PAYMENT,0
196.5346724997043,1.6162815184534196,0,0,0,PAYMENT,0
732.4593771082383,0.6185527043434277,0,0,0,PAYMENT,0
462.57760508538587,0.6719551357943802,0,0,0,WITHDRAWAL,0
3997.841895815562,0.6860744759138178,0,0,0,PAYMENT,0
284.2632887829218,0.5018467618877442,0,0,0,WITHDRAWAL,0
5454.67929043726,0.2935350186736853,1,0,0,PAYMENT,0
1060.7221836816905,0.7232083623323721,0,0,0,PAYMENT,0
343.1149744992843,1.84288949742161,0,1,0,PAYMENT,1
557.0894480487507,1.1478445322137392,0,0,0,TRANSFER,0
491.9520041689156,2.9814289205475912,0,0,0,PAYMENT,0
306.55022187355104,1.6915908431846176,1,0,1,PAYMENT,1
1205.7135878418583,1.4430737210014317,0,0,0,PAYMENT,0
321.2065741433357,3.7353977884926866,0,0,0,TRANSFER,0
123.91970199174263,0.9342586830666315,0,0,0,PAYMENT,0
750.1877654660947,1.0451422195851738,0,0,0,DEPOSIT,0
180.7552314403964,0.992007019947725,0,1,0,PAYMENT,0
516.8946758181087,2.9465963124425154,0,0,1,PAYMENT,0
441.8175930076931,1.0017622725016495,0,0,1,WITHDRAWAL,0
458.8777927938781,0.6352134709532553,0,1,0,PAYMENT,0
8110.891779865135,1.5088878806189878,1,0,0,PAYMENT,0
1160.274120743996,0.5647444970430064,0,0,0,TRANSFER,0
1401.6018064017524,1.452708955825843,0,0,1,PAYMENT,0
185.60146314728746,1.3360114613056955,0,0,1,PAYMENT,0
570.2283338760932,0.8758312290889925,0,0,1,PAYMENT,0
1360.0852083166974,1.4859705093821378,0,0,0,TRANSFER,0
393.65350249933965,0.3529415024515558,0,0,0,TRANSFER,1
2719.1180041303196,1.1208344862989088,0,0,0,TRANSFER,0
329.41007859366186,0.7232966987652089,0,0,0,DEPOSIT,0
823.5579060406501,7.4155897273459885,0,0,0,TRANSFER,0
610.2986088068633,1.1152488331389687,0,0,0,PAYMENT,0
1292.4832661099638,0.6587083316111331,0,0,0,TRANSFER,0
577.9630435564493,0.3810551303518353,0,0,0,WITHDRAWAL,0
836.39950265545,2.493741860662532,0,0,0,PAYMENT,0
865.9870098026247,0.7826866116433363,0,0,0,TRANSFER,1
526.1636271572881,0.5746773954911027,0,0,0,PAYMENT,0
1781.2913690856562,1.2654267914281982,0,0,0,PAYMENT,0
1391.8490234368046,1.575863194242176,0,0,0,TRANSFER,0
1003.6373750154055,1.5585673801203885,1,0,0,PAYMENT,0
713.0429567802075,1.0139213074998412,0,0,0,PAYMENT,0
2432.1818898407932,1.1178789507298164,0,0,0,PAYMENT,0
866.2432481980908,1.1763612091775293,0,0,0,TRANSFER,0
806.9830886078191,1.2655127625523428,0,0,1,TRANSFER,0
1217.6645866026977,1.3463801720317303,0,0,1,WITHDRAWAL,1
5982.457304176498,2.1513959831207528,0,0,1,TRANSFER,0
287.04637612144154,1.040280515699883,0,0,0,DEPOSIT,0
2368.1323679173074,0.564529698737362,0,0,0,PAYMENT,0
165.14581959858924,0.9039292434503119,0,0,0,PAYMENT,0
1362.7679370208848,1.6949386968267373,0,0,1,TRANSFER,0
5297.9902399100265,0.2863416585377859,0,0,0,TRANSFER,0
1787.6702673035643,0.2875016910754767,0,0,0,WITHDRAWAL,0
1300.657361762933,1.9017856963334212,0,1,0,TRANSFER,1
626.1253127615018,2.898188746793052,0,0,0,PAYMENT,0
1131.214598621873,0.41245011060333475,0,0,0,TRANSFER,0
852.2988128052174,1.0728530368929778,0,0,0,PAYMENT,0
499.7077322769503,0.7560244371580326,0,0,0,PAYMENT,0
820.672712087949,0.8331170932480674,0,0,0,TRANSFER,0
1337.2641952717088,1.2384637572919743,0,0,1,TRANSFER,1
509.1705002436319,0.4045381793919176,0,0,0,PAYMENT,0
489.66338190042626,0.46067970969648525,1,0,0,TRANSFER,0
281.39420820813314,0.8098746300225866,0,0,0,WITHDRAWAL,0
1620.8808679344675,0.9032436686267105,0,0,0,PAYMENT,0
1891.8742095579094,0.4546767400400694,0,0,0,PAYMENT,0
1382.5161903311393,1.7380318847875098,0,0,0,PAYMENT,0
2878.9199710056973,0.7465500028605861,0,0,0,PAYMENT,0
1197.3518877456545,0.7443288610670499,0,0,1,PAYMENT,0
1622.9665176138158,1.2187931564956218,0,1,0,PAYMENT,0
1485.9913817597412,0.9137157118738749,0,0,0,PAYMENT,0
1000.7049499601642,1.7972069566515296,0,0,0,PAYMENT,0
644.9534682016412,0.5202760325295265,0,0,0,PAYMENT,0
10038.195196600089,0.3759983146393541,0,0,0,WITHDRAWAL,0
697.8812924294482,0.8050496755908092,0,0,0,PAYMENT,0
563.474617939416,1.0430669054182184,0,0,0,PAYMENT,1
1692.5809350233599,0.4195682129759726,1,0,0,PAYMENT,0
1410.718482004432,0.3785422857000056,0,0,0,WITHDRAWAL,0
269.1337458178767,1.1361080697956623,0,0,0,PAYMENT,0
3370.034479378786,0.5883422767518398,0,0,0,WITHDRAWAL,0
998.0520453980558,0.36176581300449506,0,0,0,PAYMENT,0
361.0689382505026,1.9654847453027973,0,0,0,PAYMENT,0
3600.341979916885,0.6425849384366716,0,0,0,PAYMENT,0
2050.1650305429307,2.2364015487866986,0,1,0,TRANSFER,0
309.6547626604774,1.0201294732266444,0,0,0,WITHDRAWAL,0
6484.583310031726,1.2291602386837275,0,0,0,PAYMENT,0
2119.2072697338076,0.862388147738451,0,0,0,DEPOSIT,0
1085.5085701177782,0.15588860907387034,0,0,0,PAYMENT,0
5378.790456253367,0.451242430614337,0,1,0,PAYMENT,0
1286.0075604574738,0.9157639703490994,0,0,0,WITHDRAWAL,0
1066.26474217046,1.2908622373051966,0,0,0,PAYMENT,0
566.6262322503588,0.2857117579608056,0,0,0,TRANSFER,0
1962.2566447787315,0.9631740025476593,0,0,0,TRANSFER,0
1766.2306302169209,0.45585301313351295,1,1,0,PAYMENT,1
1112.8506327511845,1.1784901856916898,0,0,1,PAYMENT,0
497.7080430303169,0.9865112496460827,0,1,0,WITHDRAWAL,1
1248.7893664693788,1.6827866200539725,0,0,1,WITHDRAWAL,0
1022.699740669796,2.110185906876754,0,0,0,DEPOSIT,0
289.0286104374185,1.3789094449819996,0,1,0,TRANSFER,1
251.6873515205624,1.8262697751011598,0,1,0,TRANSFER,1
1929.7647413775862,0.7825169205099824,0,0,0,PAYMENT,0
81.29720888838858,7.215144270137708,0,1,0,TRANSFER,1
1346.697431179289,0.4260607370902589,0,0,1,PAYMENT,0
679.8804284856833,0.6911288217849633,1,0,0,PAYMENT,0
4057.1928892685355,1.879397051141015,0,0,1,TRANSFER,0
669.5004189162547,1.6936820951243536,0,0,1,PAYMENT,0
2120.6633385181617,1.4065955952500573,0,0,0,PAYMENT,0
737.3673139667426,1.6043570117711845,0,0,1,TRANSFER,0
1228.744448550473,0.2325872144860287,0,0,0,WITHDRAWAL,0
2291.2127257123548,3.041981420553141,0,0,1,PAYMENT,0
690.5195489021249,0.8669936110961743,0,0,0,PAYMENT,0
2970.7059124015987,2.391990650889167,0,0,0,TRANSFER,0
405.9792796252186,0.24087705876020585,0,0,0,PAYMENT,0
1472.317313888997,1.1967361215458705,0,0,1,PAYMENT,0
2759.0445542659368,0.6740495898027306,0,0,1,WITHDRAWAL,0
2121.8369785543496,1.492547073927119,0,0,0,PAYMENT,0
7453.543804533998,1.2485080977854017,0,0,0,PAYMENT,0
511.0976575906783,1.2920543334750387,0,0,0,PAYMENT,0
276.12419562450754,0.47651352046277573,0,0,0,DEPOSIT,0
405.7206592943534,0.9609062930756721,0,0,0,TRANSFER,0
2122.6966552600825,0.8815117624562997,0,0,0,TRANSFER,0
1804.290888948757,1.414416430181607,1,1,0,TRANSFER,1
1214.7051599851236,1.9987218410836098,0,0,1,PAYMENT,0
356.7527450362517,1.1110807001364065,0,0,0,PAYMENT,0
2361.0631723361403,0.4092943900137401,0,0,0,PAYMENT,0
322.23955299518906,1.0782131354254325,0,0,0,PAYMENT,0
3494.5139761399278,6.219897079353669,0,0,0,PAYMENT,0
19099.900854165568,3.1651603850432424,0,0,0,WITHDRAWAL,0
1582.0094892503898,0.12467066557686536,0,0,0,PAYMENT,0
1964.726120399656,1.0453379262938371,0,1,1,PAYMENT,1
669.9078938735962,1.920304308860024,0,0,0,PAYMENT,0
179.43027258821897,0.8801799455822774,0,1,1,PAYMENT,0
600.2106260129602,0.7246520690329769,0,0,0,PAYMENT,0
367.64020602968344,0.8295474643468694,0,0,0,DEPOSIT,0
258.00924654083946,1.4718684377800622,0,0,1,PAYMENT,0
6138.648862730409,0.44756702226258765,0,0,0,TRANSFER,0
1440.6684957772004,2.2980985327689543,0,0,1,TRANSFER,0
1603.088853553568,0.9615630954738474,0,0,0,PAYMENT,0
805.1089700698609,0.5196930179239964,0,0,0,PAYMENT,0
922.5383229606291,2.1968952486071354,1,0,0,PAYMENT,1
2877.136139085695,0.33905544392345066,0,0,0,WITHDRAWAL,0
1061.7384398472161,0.6779735064069956,1,0,1,TRANSFER,1
1864.3988320025144,0.6702043951721466,0,0,0,PAYMENT,0
901.4419989156477,4.485093563702501,0,0,0,PAYMENT,0
778.8723038537448,0.6190838605267983,0,0,0,TRANSFER,0
268.5630835501332,0.22124697791025524,0,0,0,PAYMENT,0
151.75250506312926,0.6654641041986313,0,1,0,PAYMENT,0
844.2410844867183,1.3755934571218593,0,0,0,TRANSFER,0
1160.372893077853,1.7312768201354818,0,0,1,DEPOSIT,0
303.04156165808485,4.9213249124977505,0,0,0,WITHDRAWAL,0
1059.4711367069654,2.6773521427607077,1,0,0,TRANSFER,1
1157.193045119898,1.140590163508363,0,0,0,DEPOSIT,0
126.9752256669399,0.5358018723934942,0,0,0,PAYMENT,0
439.16506317244335,3.1168385471909033,0,0,0,PAYMENT,0
1647.911312408912,0.7725994928049501,0,0,1,PAYMENT,1
1614.9491181900153,0.6308355519707628,0,1,0,TRANSFER,1
345.96066499178,0.7468046345108393,0,0,1,WITHDRAWAL,0
1284.9152611181441,0.4161948382342196,0,0,0,WITHDRAWAL,0
3048.5069506263408,0.7221560239225979,0,0,0,PAYMENT,0
2385.2827720310506,0.849441817091615,0,0,0,PAYMENT,0
996.963553361348,1.66772366887194,0,0,0,PAYMENT,0
686.7866471254658,0.7621119374292524,0,0,0,TRANSFER,0
584.4408134601664,0.411798359022062,0,0,0,TRANSFER,0
1750.7854291903118,0.3254193864508709,0,0,0,TRANSFER,1
1332.8889030311163,1.1580051462970427,1,1,0,PAYMENT,0
2057.8232042138848,1.0521525332919206,0,0,0,PAYMENT,1
1251.2193228438323,0.6783995228510733,0,0,0,PAYMENT,0
2486.829662608586,0.7209254664060564,0,0,1,PAYMENT,0
1205.4310899677475,1.3125093679703894,0,0,0,PAYMENT,0
2403.5178551815234,2.6468820902577748,0,0,0,WITHDRAWAL,0
2619.7201298111463,0.5792036078537354,0,0,0,WITHDRAWAL,0
490.5235890897756,1.0642091970377692,0,0,0,TRANSFER,0
179.80194744084025,1.9557803754207155,0,0,0,PAYMENT,0
5133.242763041176,0.5808399675783982,0,0,0,PAYMENT,0
1417.5123253725133,0.9891171709666141,0,0,0,PAYMENT,0
197.45567020789204,0.9737536609522546,0,0,0,PAYMENT,0
537.0979621765756,0.3993541489039546,0,1,0,PAYMENT,0
2372.914658806153,1.1251869012881512,0,0,0,PAYMENT,0
829.0854027824267,1.02232687073401,0,0,0,WITHDRAWAL,0
657.1672686521789,1.47485395999525,1,0,0,WITHDRAWAL,0
4450.990169074308,0.43569164056407667,0,0,1,WITHDRAWAL,0
384.7958191032338,1.007003681544787,0,1,0,PAYMENT,0
493.65981296489343,2.63060496527935,0,0,0,PAYMENT,0
1354.7693196883738,4.281270803972349,0,0,0,PAYMENT,0
1620.4431367975155,2.450006036129988,0,0,0,TRANSFER,0
1801.4425405472432,0.4386953571987681,0,0,0,PAYMENT,0
2727.7654719339093,1.3712693962260394,0,1,0,PAYMENT,1
1337.5282776053584,0.7130508074059261,0,0,1,PAYMENT,0
1788.9496500722569,1.219853067712552,0,0,1,PAYMENT,0
846.2296195483657,0.5824268423022563,1,1,0,PAYMENT,1
1167.5914348176025,0.30136551683758905,0,0,0,PAYMENT,0
1221.1327371708462,0.785714277642647,0,0,0,PAYMENT,0
1359.8071073215094,1.6583479361578628,0,0,0,WITHDRAWAL,1
2374.4943952215804,1.2233583574026736,0,0,1,PAYMENT,0
1910.5485560850977,1.3258629121807404,0,0,0,PAYMENT,0
1146.2110044697797,1.1635145698167746,0,0,0,WITHDRAWAL,0
488.2726774454118,1.327329770003078,0,0,0,WITHDRAWAL,0
1173.4122756715642,1.448687872686399,0,0,1,PAYMENT,1
1066.3343610902584,0.8250782899273592,0,0,0,WITHDRAWAL,0
1330.329027626769,1.0597397859064968,0,0,0,PAYMENT,0
9961.922032783576,3.388139200936647,0,0,0,TRANSFER,0
649.5158384767104,1.104532004922633,0,0,0,WITHDRAWAL,0
1672.8583332441565,1.030242743234009,0,0,0,PAYMENT,0
3192.1886804655883,1.0746759293469301,0,0,1,PAYMENT,0
1209.5478778552229,0.8585280183114605,0,0,0,TRANSFER,0
11359.902609967648,0.737308286842896,0,0,0,TRANSFER,0
751.4169631431432,1.1572829428938367,0,1,0,WITHDRAWAL,0
1516.3921733913153,0.7018745171930039,0,0,0,PAYMENT,0
493.3378606824776,0.9031555776634649,0,0,0,PAYMENT,0
771.60693195061,0.5750143427583011,0,0,0,TRANSFER,0
1406.604482170027,1.0785399875599049,0,0,0,PAYMENT,0
2556.269025003901,1.5052160774071415,0,0,0,PAYMENT,0
1508.8376030000143,0.8621375916802154,0,0,0,PAYMENT,1
3862.6735387955973,0.24515492880558776,0,0,0,PAYMENT,0
997.2831078751672,1.5117381489357644,0,0,1,PAYMENT,1
786.6877974538929,1.08776886970358,0,0,1,TRANSFER,0
16382.764356144515,0.4989437001186447,0,0,0,PAYMENT,0
1626.5844232802228,1.718220512689008,0,0,0,PAYMENT,0
534.0654804570745,0.37572505472844037,0,0,0,TRANSFER,0
547.7046806435278,2.0787886218752027,0,0,0,PAYMENT,0
427.22896421169065,0.9606389588820313,0,0,0,TRANSFER,0
2797.7459549002915,0.2042918740053912,0,0,1,WITHDRAWAL,0
761.7532673362933,1.1329566398302267,0,0,1,PAYMENT,0
1245.5873636223669,0.7525147677282326,0,0,0,WITHDRAWAL,0
1029.152910189945,0.6771960210871714,0,0,0,WITHDRAWAL,0
2279.000863046639,0.5966598860635305,1,0,0,PAYMENT,1
470.2459741763414,0.9147988686049674,0,0,1,WITHDRAWAL,0
374.0643022766283,0.7120322477465084,1,1,0,PAYMENT,1
1372.3739194289892,0.2726181528987733,0,0,1,WITHDRAWAL,0
2000.113653544789,2.4362196660366777,0,1,0,TRANSFER,1
1529.2494112005809,0.8427791307426705,0,0,0,DEPOSIT,0
488.1126751500448,0.5990833684824411,0,0,0,PAYMENT,0
2159.182252285843,0.4538917353451143,0,0,0,TRANSFER,0
521.2027246602178,1.7151704221845243,0,0,1,PAYMENT,0
650.9685659252207,0.40296628589346156,0,0,0,WITHDRAWAL,0
426.68518740247185,1.098330293166488,0,0,1,PAYMENT,0
4028.5361415871325,0.6646103822962351,0,0,0,PAYMENT,0
2066.1072103061033,0.6922599369998585,0,0,0,WITHDRAWAL,1
2008.198590713084,0.46186082785858534,0,0,0,PAYMENT,0
3816.9670533143844,0.6477673967094566,0,0,0,TRANSFER,0
18263.30707751616,1.0061877395072911,0,0,0,PAYMENT,0
198.49698202151882,1.179061235182372,0,0,1,TRANSFER,1
524.0690335831322,0.5769990050081826,0,0,0,WITHDRAWAL,0
592.1884523061485,0.9383295287468129,0,0,0,WITHDRAWAL,0
468.33337291573076,1.8624970766366686,0,1,0,PAYMENT,0
373.31282922584364,0.31228470542854986,0,0,0,TRANSFER,1
812.6877268480094,0.9956213329242604,0,1,0,PAYMENT,0
324.8606381618954,0.5139913914692508,0,0,0,WITHDRAWAL,0
1533.0927319289508,0.4786053522263104,0,0,0,TRANSFER,0
1154.8183310247705,1.2004638924076265,0,0,0,PAYMENT,0
1774.0647555420298,0.6827161982673033,0,0,1,PAYMENT,0
1822.0699184385414,0.42666240956663054,0,0,1,PAYMENT,0
2004.2132193508626,2.5269125825825602,0,0,0,WITHDRAWAL,0
754.9043580733334,1.9042013084959037,0,0,0,PAYMENT,0
9146.653947887526,0.25856344771321804,0,0,1,PAYMENT,0
1386.3520010019977,0.356258143183544,0,0,0,PAYMENT,0
170.29210843087785,1.5150068341224574,0,0,0,TRANSFER,0
402.47148685348867,0.8192125679110943,0,0,0,TRANSFER,1
192.38469956369624,2.8588008424449827,0,0,0,PAYMENT,0
1115.8086070241532,1.5394658090026694,0,0,0,PAYMENT,0
970.8721351529324,1.2332165862420437,0,0,0,PAYMENT,0
686.4780851365094,0.48904347658982494,0,0,0,TRANSFER,0
8192.104572540524,1.4105902113349271,0,0,0,DEPOSIT,0
1898.8104195032295,0.409411396802315,0,1,0,WITHDRAWAL,0
2266.740921503473,2.4934596739056207,0,0,0,PAYMENT,0
432.216453296335,1.343794074942004,0,0,0,PAYMENT,0
403.7739164891734,0.5613664356407104,0,0,0,PAYMENT,0
1137.7472605290798,1.7564139458488741,0,0,0,WITHDRAWAL,0
1303.7593001216019,4.802167710840384,0,0,1,TRANSFER,0
171.3466046588402,0.8587031698428733,1,0,0,PAYMENT,0
915.7038249205676,1.4700394435592643,0,0,0,PAYMENT,0
1112.174161803246,0.7391306920659992,0,0,0,PAYMENT,1
884.3481626304233,1.0615674606507708,0,0,0,PAYMENT,0
486.19490745667684,0.3481700768476073,0,0,0,DEPOSIT,0
639.358172749278,0.9996294092316232,0,0,0,PAYMENT,0
918.8664643643862,1.0309741488719488,0,0,0,WITHDRAWAL,0
1200.8681392767926,3.5229490734028093,0,0,0,WITHDRAWAL,0
2007.7933909218484,0.28464793478426936,0,0,0,PAYMENT,0
3231.9993061216232,0.8215040418962197,0,0,0,PAYMENT,0
817.0107694485937,2.4637437741040573,0,0,0,PAYMENT,0
694.9527126410698,0.8443062058368165,0,0,0,TRANSFER,0
1698.7630941325983,0.8869744756854244,1,0,0,PAYMENT,0
2019.9840946141387,0.5580641732341478,0,0,0,WITHDRAWAL,0
710.3796651359083,0.5205737208990553,0,0,0,TRANSFER,1
2417.268534583238,0.27856673200717413,0,0,0,TRANSFER,0
2920.719710690674,0.6437462364253027,0,0,0,TRANSFER,0
3990.55846262043,0.5002994106016657,0,0,1,PAYMENT,0
6491.96739781189,1.086136803400191,1,0,0,TRANSFER,0
461.0856702158461,0.5761612314770346,0,0,0,TRANSFER,0
1111.9808009541869,0.7148277391834698,0,0,0,PAYMENT,0
1109.0706558292288,0.7286631135315478,0,1,0,PAYMENT,0
994.1881072587718,0.9668464099787933,0,0,0,PAYMENT,0
572.9148377151078,0.6907581064790425,0,0,0,PAYMENT,0
248.25042049704143,0.47556568727307247,1,0,0,PAYMENT,0
1203.1271999796643,1.061875315716114,0,0,0,PAYMENT,0
508.59109320221546,2.1111614607720868,0,0,0,DEPOSIT,0
1195.1099646357031,1.0940936865720818,0,0,0,PAYMENT,0
495.69283880995647,0.6525455676354545,0,0,0,PAYMENT,0
365.1622057405894,0.9174084522777229,0,1,0,PAYMENT,1
1386.1679665260294,0.23800991672913238,0,0,0,PAYMENT,0
1275.2806191244931,0.9070280305332724,0,0,0,WITHDRAWAL,0
1957.2231183988895,0.7555962862286674,0,1,0,PAYMENT,0
9758.2051742733,0.5202622588491977,0,0,0,PAYMENT,0
1447.0604924907605,0.5906870980931038,0,0,0,PAYMENT,0
1781.2698130379601,0.7503885416388456,0,0,0,PAYMENT,0
373.32101186101346,2.003149702845352,0,0,0,TRANSFER,0
302.80606753701056,2.1477961969026826,1,0,0,PAYMENT,0
5339.191130401381,0.5222088825025758,0,0,0,TRANSFER,0
435.5110721943852,0.6958270358300046,0,0,1,TRANSFER,0
386.0843730195877,0.7083528242358783,1,0,0,TRANSFER,0
1054.5833919599668,1.7624094189588788,0,0,0,PAYMENT,0
1002.0544150652482,1.1072224553075751,0,1,0,PAYMENT,0
444.74162410690906,1.0671087664848362,0,0,0,PAYMENT,0
808.3755832590565,1.4555499902843834,0,0,0,PAYMENT,0
3749.4922794449685,0.6586984833106369,0,0,0,PAYMENT,0
489.8045290301754,2.5979446211011608,0,0,0,TRANSFER,0
272.14295977566053,0.9987794852406023,1,0,0,WITHDRAWAL,0
2814.6511877304924,0.5492845244041666,0,0,1,TRANSFER,0
1794.168409462933,0.8515064784247461,0,0,0,PAYMENT,0
589.6218382900001,2.368720241810233,0,0,0,PAYMENT,0
225.39016877748278,0.7425986945478612,0,1,0,WITHDRAWAL,0
520.8054958580119,1.9438887155872173,0,0,0,PAYMENT,0
1038.2538214313731,0.6454922629254638,0,0,0,PAYMENT,0
3518.085012041792,0.5851046330998297,0,1,0,WITHDRAWAL,0
388.9372521694565,1.586798060547526,1,0,0,PAYMENT,0
1007.7547530552671,0.5423841349799209,0,1,1,TRANSFER,1
2154.135280140527,1.7785139838790442,1,0,1,PAYMENT,0
101.3654861434405,1.2790763288019218,0,0,0,TRANSFER,0
3083.393847737155,0.542527906614057,0,0,0,PAYMENT,0
336.1472902649353,0.951219987594423,0,0,1,WITHDRAWAL,0
1528.4287003876614,0.6810347110738805,0,0,0,PAYMENT,1
1403.4421121644953,1.276706339883464,0,0,0,PAYMENT,0
3244.0777798178156,3.748886158526085,0,0,0,TRANSFER,0
1902.5005539276033,0.771442436796747,0,0,0,TRANSFER,0
101.7694039415905,1.453018899457825,0,0,0,PAYMENT,0
500.3064210664347,1.0172556368700827,0,0,1,PAYMENT,0
1259.1663189786832,1.0169829908963643,0,0,0,PAYMENT,1
902.3659198258584,0.8907926590248212,0,0,0,DEPOSIT,0
1768.0114682738288,0.5487061578044561,0,0,1,TRANSFER,0
2414.787464195842,1.2644003327122277,0,0,0,PAYMENT,0
2015.1556890428737,0.8169975156526625,0,0,1,PAYMENT,0
885.1216183630271,0.5308052644511292,0,0,0,PAYMENT,0
173.06426316079086,2.033831156425386,0,0,1,WITHDRAWAL,0
695.4219274004674,1.0717649074985083,1,0,0,PAYMENT,0
1662.9828195459907,0.8524256649718447,0,0,0,PAYMENT,0
368.5412875125153,2.5549678242361233,0,0,0,PAYMENT,0
2061.6764265436873,0.2765794728590817,0,0,1,TRANSFER,0
2720.0166953493886,2.4375039943844836,0,0,0,TRANSFER,0
1244.9703287628813,0.5400294713195628,0,0,0,TRANSFER,0
51.224612718060285,1.1595972859889463,1,0,1,WITHDRAWAL,0
305.4883480478969,0.662559689458454,0,1,0,TRANSFER,1
7231.408855054253,0.5240853489145089,0,0,1,DEPOSIT,0
634.8966355437983,2.5085893123067318,0,0,0,PAYMENT,0
150.78527077098772,3.666918256468014,0,0,0,PAYMENT,0
3771.57282465914,0.8565368352273885,0,0,0,PAYMENT,0
1111.37758406365,1.2646966506136947,0,0,1,TRANSFER,0
3310.784631124892,1.0407003252209586,0,0,0,PAYMENT,0
1446.5818030497858,3.3580309860599202,0,0,0,PAYMENT,0
1734.6468659896705,0.22781866094470304,0,0,0,TRANSFER,0
1576.5737326260776,1.3021104990525054,0,0,0,PAYMENT,0
2202.8082705000993,0.6011033355349548,0,0,0,TRANSFER,0
10693.918009923427,0.1922084507231551,0,1,0,TRANSFER,0
2895.7700159180786,0.7769563807660885,0,0,1,DEPOSIT,1
225.802490686841,3.6460126785528635,0,0,1,TRANSFER,1
1714.1309822362136,0.6317671202991214,1,0,0,PAYMENT,0
3433.999061301796,1.7393923960933253,0,0,0,PAYMENT,0
3650.797100876864,2.314215001813691,0,0,1,PAYMENT,0
715.7958616922672,0.9911516175702629,0,0,0,PAYMENT,0
3515.526027272548,1.0879758297545976,0,0,0,TRANSFER,0
2773.159047023881,0.3007702680896537,0,0,0,TRANSFER,0
14364.532650319336,0.6057337752427019,0,0,0,TRANSFER,0
518.0119252701272,1.8868435187948625,0,0,0,TRANSFER,0
660.2373711376259,1.0433903551886479,0,0,0,TRANSFER,0
807.4498529350834,1.2932248841767173,1,0,0,TRANSFER,1
671.6771879026802,1.0976925620835474,0,0,0,PAYMENT,0
450.3293708426864,4.638554376973274,0,0,0,PAYMENT,0
69.22239893812998,0.7398085208818247,0,0,0,PAYMENT,1
710.0252453802814,3.0764829036047687,0,0,0,WITHDRAWAL,0
1586.614943989232,1.0979581806745993,1,0,0,DEPOSIT,1
669.6653798011213,3.2737603626358767,0,0,0,WITHDRAWAL,0
7596.03123175451,0.42422781756016403,0,0,0,PAYMENT,0
1111.4000576483659,1.1379820307093045,0,0,0,DEPOSIT,0
3987.9358898357164,0.7591311307318964,0,0,0,WITHDRAWAL,0
1424.2781639241696,1.1025554645937805,0,0,0,PAYMENT,0
2505.910222747905,2.3529347619112597,0,0,0,TRANSFER,0
1449.887946182364,1.3036483067958666,1,0,0,DEPOSIT,0
4310.394162375427,2.349653529470879,0,0,0,PAYMENT,0
1159.7263488801757,0.6255307652130913,0,0,0,DEPOSIT,0
1801.0420770975252,0.5621513719398613,1,1,0,PAYMENT,0
1581.822486340112,1.0113373371470766,1,0,1,PAYMENT,0
821.9787489578691,0.9733062239579822,0,0,0,PAYMENT,0
1644.1557653780053,0.8780062576776348,0,0,1,PAYMENT,0
10243.373074893409,0.5111755488404779,1,0,0,TRANSFER,1
836.8150329072045,2.314181619391899,0,0,0,PAYMENT,0
1668.1406348992168,0.7757026304356384,0,0,0,PAYMENT,0
3857.516844320209,2.713541709603829,0,0,1,WITHDRAWAL,0
3429.7864575376943,1.0089602605823993,1,0,0,PAYMENT,1
1109.55733527858,1.5744409416297909,0,0,0,PAYMENT,0
101.15068108862462,1.4775669023843732,0,0,0,WITHDRAWAL,0
1838.4954366779386,0.5615848976698724,0,0,0,WITHDRAWAL,0
119.16698459315096,1.2930994940968015,0,0,0,WITHDRAWAL,0
4769.2161008905105,3.856781630173608,0,0,0,PAYMENT,0
1299.1608969886408,1.192591388819117,0,0,0,PAYMENT,0
2979.9864123411435,1.8792893831339073,0,0,0,TRANSFER,0
444.91749559468946,1.624646561020571,0,0,0,WITHDRAWAL,0
232.17526213451623,1.2397810120750536,1,0,0,TRANSFER,1
1423.329869779151,1.1394379362061287,0,0,0,PAYMENT,0
1060.3947888137832,1.4668553495246524,0,0,0,TRANSFER,1
670.7920469710942,1.706249663155223,0,0,0,TRANSFER,0
1193.518899167088,0.3880912292997254,0,0,0,WITHDRAWAL,0
17455.950843264643,1.1889992921396113,0,0,0,PAYMENT,0
2526.3365979268838,0.8791018510365634,0,0,0,PAYMENT,0
3132.224098710117,0.7602797733934892,0,0,0,PAYMENT,0
2550.2250561030914,2.477314387941074,0,1,0,WITHDRAWAL,1
4814.859498520091,0.5985756434129574,0,0,1,WITHDRAWAL,0
906.8058112154819,0.3766878787677109,0,0,0,PAYMENT,0
140.50438416730265,1.7454307228413777,1,0,0,PAYMENT,1
908.1539085030529,0.36999133239129867,0,1,0,TRANSFER,0
2469.41290231005,0.259354311370057,1,0,0,PAYMENT,0
415.7980164146211,1.8885085357042721,0,0,0,TRANSFER,0
919.3198006858743,1.1175128824892668,0,0,0,PAYMENT,0
549.0723714727336,1.3922257690331192,0,0,0,WITHDRAWAL,0
4924.752270047611,0.7336675351656765,0,0,1,PAYMENT,0
2320.3121787326722,0.3794303264092218,0,0,0,WITHDRAWAL,0
2103.8843816153285,0.43602702677755434,0,0,0,PAYMENT,0
2041.829121147517,0.8265191189176151,0,0,0,PAYMENT,0
1056.5358269363455,0.4103757807875024,0,0,0,PAYMENT,0
1336.1615701527144,1.2397838314350824,0,0,0,PAYMENT,0
335.2295159476228,0.7234523781106286,0,0,1,TRANSFER,0
123.16907700394158,1.1382878336945619,0,0,0,TRANSFER,0
1274.2093280224744,1.1147204876442134,0,0,0,PAYMENT,0
1516.2421094765832,1.3109599932371996,0,0,0,WITHDRAWAL,0
3674.8388796928098,1.4185536115687865,0,0,0,PAYMENT,0
5278.17575514902,0.7860535072050403,0,0,0,PAYMENT,0
5271.12180443299,1.1374381385180006,0,0,0,PAYMENT,0
404.2269213184276,1.1796357329078955,0,0,0,TRANSFER,1
771.0359228732443,0.1826427506512998,0,0,1,PAYMENT,0
1772.8333277626832,1.5723448215779032,0,0,0,PAYMENT,0
13792.836990691465,1.110665668974895,0,0,0,PAYMENT,0
4817.927829497919,1.4841381088393297,0,0,0,PAYMENT,0
3358.995204648291,0.4062483865915281,0,0,0,PAYMENT,0
744.1272420350032,0.8016836321143774,0,1,0,PAYMENT,0
453.4116211407026,0.46576660423900423,1,0,0,TRANSFER,0
2413.680122081294,1.6840825980642289,1,0,0,PAYMENT,1
364.7961614360766,0.3739692966531097,0,0,0,PAYMENT,0
863.9921205422439,0.5220153176642599,0,0,0,TRANSFER,0
977.7187490305738,1.4535660612936088,0,0,0,PAYMENT,0
5393.296589640861,0.6436744632085546,0,0,1,PAYMENT,0
769.1628357119613,0.5221118407426849,0,0,1,TRANSFER,0
95.65522890192746,1.886462912257324,0,0,0,PAYMENT,0
1816.096411277375,1.9413783871320889,0,0,0,TRANSFER,0
545.1048420498701,1.6577310578475055,0,0,0,TRANSFER,0
1144.394579289633,1.811394103539401,1,0,0,WITHDRAWAL,1
1005.5553944656928,0.8503514917593229,0,0,0,PAYMENT,0
834.0522115550389,0.8665676655306871,1,1,0,TRANSFER,1
2417.140676107021,0.635300670709516,0,0,0,TRANSFER,0
236.78087174595996,1.124580882553156,0,0,0,TRANSFER,0
653.9204938599738,0.6910598612184182,0,0,1,PAYMENT,0
2173.3779889782463,0.7384910146231164,0,0,0,TRANSFER,0
593.4276037104864,1.5218554843598684,0,0,0,PAYMENT,0
219.46511505056054,2.2914331966291326,1,0,0,PAYMENT,0
2139.987663450953,1.3215194564910728,0,0,0,PAYMENT,0
3371.437972613445,3.5114220773537075,0,0,0,WITHDRAWAL,0
1048.383562168543,0.6102656648829217,1,0,0,TRANSFER,1
154.3394506279037,0.2762132000682171,0,0,0,TRANSFER,0
2221.5706988581837,1.6491162241896298,0,0,0,TRANSFER,0
208.53608974876238,0.5825830743200103,0,0,1,PAYMENT,0
1493.3829727184893,0.8256497975757324,0,0,0,PAYMENT,0
451.4823026308109,0.2897150118091877,0,0,1,TRANSFER,0
343.83459533802187,0.5328863134584986,0,0,0,TRANSFER,0
704.9239910738795,0.34939255425238036,0,0,1,TRANSFER,1
912.969472509083,0.7378518023325075,0,1,0,PAYMENT,0
575.8180639558918,0.758671769996246,0,0,0,TRANSFER,0
1975.7498540514841,1.0649973257056689,0,1,1,TRANSFER,1
701.9980466984969,2.3816798905143357,0,0,0,PAYMENT,0
2922.488831177904,1.606140964651805,0,0,0,TRANSFER,0
1452.6912733154063,0.3212554283437628,0,0,0,PAYMENT,0
545.9038129151795,1.5305249864209947,0,0,0,PAYMENT,0
461.30531679173686,1.081369494399335,0,0,0,TRANSFER,0
211.13625871490555,0.9338135346139909,0,0,0,PAYMENT,0
1466.6456152063297,0.9842359038714882,0,0,0,TRANSFER,0
769.2472603567662,1.1539452227370446,0,0,0,TRANSFER,0
102.2892385016122,0.6161155488672334,0,0,0,PAYMENT,0
641.8053902151333,0.8801652542080284,0,0,0,TRANSFER,0
445.39697838181047,2.290470801761633,0,0,0,PAYMENT,0
5301.142234008453,0.6109537311574157,0,0,0,PAYMENT,0
199.7809243847353,0.4863038798383696,0,0,0,PAYMENT,0
259.4721046422057,0.9577244781124005,0,0,0,TRANSFER,0
3327.4770164926067,0.4532114344250407,0,0,0,PAYMENT,0
4258.887084932886,0.2994079707264823,0,0,1,PAYMENT,0
520.6182570925774,0.7857418120185657,0,0,0,WITHDRAWAL,0
582.8408573847522,2.7567027760036305,0,1,0,WITHDRAWAL,1
2030.9021791858063,0.9733389838165196,0,0,1,WITHDRAWAL,0
107.00763671193529,1.1331529472713984,0,0,1,PAYMENT,0
170.5121091304164,0.22512401503080384,0,0,0,TRANSFER,0
828.2098788598408,1.3589167088168965,1,1,0,TRANSFER,0
5166.189040175975,1.0675391104963934,0,0,0,PAYMENT,0
709.2938600599432,0.6278585481854723,0,0,0,PAYMENT,0
1213.1029671956194,1.1343222431591478,1,0,0,PAYMENT,0
3407.68778906914,1.1264658125059206,0,0,0,WITHDRAWAL,0
9017.160231514024,0.47633135172878166,0,0,0,TRANSFER,0
615.9412138092154,1.261495104944139,0,0,0,PAYMENT,0
1078.324014416592,2.311726841682758,1,0,0,PAYMENT,1
6782.189211332892,0.8525196392627495,0,0,0,WITHDRAWAL,0
239.31979808262793,0.5448112134291795,0,0,1,TRANSFER,0
3064.3203263635123,0.8831095248554991,0,0,0,WITHDRAWAL,0
396.1070359910958,1.818895114043628,0,1,0,PAYMENT,0
1214.9672092066287,0.42382985591376465,0,0,0,DEPOSIT,1
860.385851015711,1.4992886782740156,0,0,1,PAYMENT,0
420.7287805254638,0.6221275636822963,0,0,0,PAYMENT,1
410.30388674664704,1.184646190948223,0,0,0,WITHDRAWAL,0
1445.7946269654544,0.673658554229337,0,0,0,PAYMENT,0
2967.6905245979474,0.6723932820115888,0,0,0,TRANSFER,0
963.2026220814533,2.904224616829676,0,0,0,PAYMENT,0
1176.2811332013157,0.3729314660417878,0,0,0,TRANSFER,0
1941.418297806314,1.4046052806585434,0,1,0,PAYMENT,0
415.0426254928075,3.3599533422544403,0,0,0,PAYMENT,0
2297.7657308517746,1.6158568100504653,0,1,0,PAYMENT,0
2488.270318967177,0.39385678983771905,0,0,0,WITHDRAWAL,0
14818.42027072406,0.40774783128147124,0,0,0,WITHDRAWAL,0
752.8724387812262,0.5908826969156609,0,0,0,WITHDRAWAL,0
693.615795439392,1.1168760399589353,0,0,0,WITHDRAWAL,0
2366.023250880031,1.1713534625949946,0,1,0,TRANSFER,0
2487.675872166982,0.41057872588186456,0,0,0,PAYMENT,0
642.2083903771788,0.5428456677439082,0,0,0,PAYMENT,0
732.7739931770079,0.5666362356250882,0,0,1,TRANSFER,0
1883.9592741661686,0.8811540892427723,0,0,0,PAYMENT,0
479.3426850513015,4.011987763434962,0,0,0,PAYMENT,0
727.3923473791621,0.5203617969687252,0,1,0,PAYMENT,1
1199.4192584814623,0.5046599296426718,0,0,0,DEPOSIT,0
2968.8759282561755,0.45239562447146087,0,0,0,PAYMENT,0
599.0837374898168,1.5603048204053855,0,1,1,PAYMENT,1
173.74966180019817,0.9714756085798653,0,0,0,TRANSFER,0
161.32202659145804,0.5340004572659824,0,0,0,TRANSFER,0
311.2470386306159,0.7757252283776064,0,0,0,PAYMENT,0
294.95779603000057,0.5746137456114727,0,0,0,TRANSFER,0
939.5389172697337,1.2301349721661594,0,0,0,PAYMENT,0
333.99293711886014,6.547371194641548,0,0,1,PAYMENT,0
543.0737010942112,1.4705038306172755,0,0,0,TRANSFER,0
505.68508557545607,0.9369812940766625,0,0,0,WITHDRAWAL,0
705.9130979199487,0.6278318888641438,0,0,0,TRANSFER,0
4115.453573760813,0.3904794025987988,1,1,0,PAYMENT,1
2125.8937675580646,1.6712683212589508,0,0,0,PAYMENT,0
1114.4646290619112,1.6088955098584965,0,0,0,PAYMENT,1
691.5764622164437,0.7216098228830518,0,0,0,PAYMENT,0
711.0674867535815,2.338088670354679,0,0,0,PAYMENT,0
1521.9481486723976,1.0148845449636301,0,0,1,PAYMENT,0
1966.8116785282434,1.7200141452542854,0,0,0,PAYMENT,0
442.47434877576615,1.2303982548681538,0,0,0,PAYMENT,0
1137.377844507206,0.8833841553960943,0,0,0,PAYMENT,0
143.7938147270213,0.512518112097885,0,0,0,PAYMENT,0
1355.2128206223517,0.9031418822982241,0,0,0,PAYMENT,1
2349.9497923644803,1.802970294026117,0,0,0,PAYMENT,0
828.7606342725171,0.7006865924272038,0,0,0,PAYMENT,0
6744.79918746505,1.3604546929495025,0,0,0,PAYMENT,0
454.3017171657455,0.46864247371616624,0,0,0,PAYMENT,0
1362.9958886621714,1.7264043501355757,1,0,0,PAYMENT,1
1058.0419409201988,1.2449046436566726,0,0,0,WITHDRAWAL,0
991.9793916836119,0.43107312866885866,0,0,0,PAYMENT,0
978.1644762262404,0.8548663257118012,0,0,0,TRANSFER,0
1220.608800434539,1.9193923211129869,0,0,0,TRANSFER,0
2560.5023366137493,0.41423460850333593,0,0,0,TRANSFER,0
4349.152320639132,0.47252474311547454,1,0,0,TRANSFER,1
1094.1682400652414,0.9525164818508733,0,0,0,PAYMENT,0
2478.270141460538,4.451902403832646,0,0,0,PAYMENT,0
543.6105304256006,0.6244995569728977,0,0,0,PAYMENT,0
2358.9112403283552,1.4143807456331479,1,0,0,PAYMENT,0
511.83815736488356,1.1997279050852376,1,0,0,PAYMENT,0
3263.840785976756,0.6618846849174693,0,1,0,PAYMENT,0
10003.00550573332,1.1194005807160912,0,0,1,PAYMENT,1
970.6016258121641,0.7308958806806399,0,0,0,WITHDRAWAL,0
122.41984743657777,0.7784400069184747,0,0,0,PAYMENT,0
633.922727918934,0.3125814099349351,0,0,0,PAYMENT,0
3758.8755442960783,0.9830401017412183,0,0,0,TRANSFER,0
1906.5999179509333,1.8764195281034315,0,0,0,WITHDRAWAL,1
1406.5759119015008,1.04101691921167,0,0,0,PAYMENT,1
3006.9103114472723,2.1454631130064854,0,0,1,TRANSFER,0
1780.150943212475,1.5011465940828275,0,0,1,PAYMENT,0
3706.062189447,0.9591777092545114,0,0,0,DEPOSIT,0
2750.1855927248976,0.6443276640865067,0,0,1,TRANSFER,0
5022.587171506895,0.7114966279955048,0,0,0,PAYMENT,0
1569.9453422867682,0.35723647134734254,0,1,0,TRANSFER,1
2711.5057896357944,0.8294808771620177,0,0,0,PAYMENT,0
806.6363336918017,1.1076040080574834,0,0,1,PAYMENT,0
600.9664975312021,3.3227566958137067,0,0,1,PAYMENT,0
6043.6755488160525,1.4474801633501377,0,0,0,TRANSFER,0
1361.312621765653,0.5458572490230741,0,1,0,DEPOSIT,0
2452.542611142237,0.3651095648169765,1,0,0,PAYMENT,0
1241.0834342501953,0.8653800875033033,0,0,0,TRANSFER,0
610.0154892633841,1.7651490118155786,0,0,0,TRANSFER,0
1108.7437455130018,0.8569022430423641,0,0,0,PAYMENT,0
4610.050165265002,1.4613912931931647,1,0,0,TRANSFER,0
1910.7289057353385,0.8809205713604177,0,0,0,WITHDRAWAL,0
198.05144897903045,1.6518573216036359,0,0,0,TRANSFER,0
884.2638963970451,0.3269066522728178,0,0,0,PAYMENT,0
6517.8105460497745,3.0738396612243055,0,0,1,TRANSFER,0
885.5448790982439,0.4589846949759056,0,0,0,WITHDRAWAL,0
181.18548911689982,1.7430084784483901,0,0,0,PAYMENT,0
7281.184874420721,0.8265219566383734,0,1,0,PAYMENT,1
2169.8048460897676,0.9221203520598688,0,0,1,TRANSFER,0
1022.4808316484955,0.8447020357882293,0,0,1,PAYMENT,0
756.4090217376788,1.195928904706282,0,0,0,WITHDRAWAL,0
3236.8371048754093,1.3774957548982496,0,0,0,PAYMENT,1
637.7947988883958,2.0977242324631376,0,0,0,PAYMENT,0
3457.345664022967,2.6793231799097628,0,0,0,TRANSFER,1
1885.965717604774,1.261466688822625,0,0,0,PAYMENT,0
1400.6363184013358,3.3186961086160065,0,0,0,PAYMENT,0
1268.4041383791584,1.0672452329462032,0,0,1,PAYMENT,0
920.6058291680628,2.1259276612261186,0,0,0,WITHDRAWAL,0
3120.1617431381983,1.349998891088808,0,0,0,PAYMENT,0
461.5808221666899,0.6808295880238665,0,1,0,TRANSFER,0
216.60488191640377,1.1352625071975764,0,1,0,DEPOSIT,0
2027.2594248446228,1.422221824948728,1,0,0,TRANSFER,1
2061.601378652151,0.9777134067921087,0,0,0,PAYMENT,0
1772.668207782807,1.3350911445572302,0,0,1,PAYMENT,0
1648.6769052560842,1.8326336248163468,0,0,0,PAYMENT,0
795.8889146631301,0.983771918049946,0,0,1,PAYMENT,0
2410.242645955324,0.12736206182331777,0,0,0,PAYMENT,0
1047.7935730988204,3.2374601110720254,1,0,0,PAYMENT,0
673.768405054272,0.811952042801224,0,0,0,TRANSFER,0
802.8024652600219,0.5619759887852299,0,0,0,TRANSFER,0
8272.067020243978,0.455264273867059,0,0,1,TRANSFER,0
193.45093568277912,0.7901660769453718,0,0,0,PAYMENT,0
1807.6593386229222,0.6744056584910225,0,0,0,PAYMENT,0
204.56577714100084,0.5969591312984738,0,0,0,WITHDRAWAL,0
984.1385221400566,0.6203394883836539,0,0,0,TRANSFER,0
710.7867924389349,1.448922210354471,0,0,0,PAYMENT,0
136.31545247324894,4.1423133364597335,1,0,0,PAYMENT,0
1618.1480421474912,1.7760647790772137,0,0,0,TRANSFER,0
749.9165531006869,2.194202663600121,0,0,0,PAYMENT,0
134.39640207276025,0.7678299251295635,0,0,0,PAYMENT,1
2539.107932821693,1.0760164566267383,0,0,0,PAYMENT,0
4605.49842289582,1.347886328588019,0,0,0,PAYMENT,0
4866.47114383326,0.6302173459322213,1,0,0,PAYMENT,0
1570.1971137981159,0.7422931378202574,0,0,0,PAYMENT,0
1148.3232783381122,1.8188171474806667,0,0,0,PAYMENT,0
4138.781173324527,2.14514023651177,0,0,0,WITHDRAWAL,0
5898.088446864012,1.048318223998796,0,0,0,WITHDRAWAL,0
3406.936239322976,0.43317649404052977,0,1,0,PAYMENT,0
427.7172719599589,0.8130892570002181,0,0,0,PAYMENT,0
1341.2333139746988,0.36460824828722954,0,0,0,PAYMENT,0
1701.9265350246656,1.0540518968280612,0,1,0,WITHDRAWAL,0
179.5373081328341,1.195760252777199,0,0,0,PAYMENT,0
1753.4852531980991,0.8273749551700161,0,0,0,WITHDRAWAL,0
10646.556930745246,1.184354446984161,0,0,0,TRANSFER,0
2079.6110620274644,1.3388765507609413,0,0,0,TRANSFER,0
4785.822026200047,1.196982049275203,0,0,0,PAYMENT,0
1316.7406139302889,0.4312483207281536,0,0,0,TRANSFER,0
1019.2085523451684,0.8375410279725437,0,0,0,PAYMENT,0
1605.6298525542263,1.3322777678320787,0,0,1,TRANSFER,0
485.01186376797045,3.019521091729201,0,0,0,TRANSFER,0
418.31084846566597,0.8266713814280596,0,0,0,WITHDRAWAL,0
3890.545107155709,1.4704789150954096,0,0,0,TRANSFER,0
4325.756610312365,1.8491135060899857,1,0,0,DEPOSIT,0
407.03276439954476,0.871412876283209,0,0,0,PAYMENT,0
2887.0739800079728,2.234204917672931,0,1,0,TRANSFER,1
1005.2987343106091,2.3198944338721503,0,1,0,PAYMENT,0
1540.4172102916639,2.628121451149696,1,0,1,PAYMENT,1
1737.52790794238,1.3783712083618462,0,0,0,PAYMENT,0
2964.1644523455298,5.217905492678522,1,0,0,PAYMENT,0
1191.202049453489,0.6500550814860113,0,0,0,PAYMENT,0
4492.488214589624,4.423159723778909,0,0,0,PAYMENT,0
1494.2995382801657,1.712252306342418,0,0,0,PAYMENT,0
2047.1098998465336,2.5555593749020504,0,0,0,TRANSFER,0
476.6285224076163,0.7992940102048963,0,0,0,PAYMENT,0
9496.314079841954,1.8060322140534928,0,0,1,WITHDRAWAL,0
1754.299521549524,2.7152442555880016,0,0,0,PAYMENT,0
2237.238172321714,0.4671284289762431,0,0,0,PAYMENT,0
219.60142282662642,0.8919649889122624,1,0,0,WITHDRAWAL,1
481.68866249767586,0.22338090248106435,0,1,0,WITHDRAWAL,0
3781.528938503263,0.8826442179133359,0,1,0,PAYMENT,0
1461.0214864157188,0.5648439755607026,0,0,1,PAYMENT,0
161.77722995881234,0.8586126572439006,0,0,0,WITHDRAWAL,0
3097.312035404242,7.7411507349989614,0,0,0,WITHDRAWAL,0
636.6481802199602,3.3283026347866818,0,0,0,DEPOSIT,0
4497.679993785638,0.36508930806801015,0,0,0,PAYMENT,0
1004.418776542472,1.4755293564250134,0,0,0,PAYMENT,0
1345.7499038858161,1.7493630686977044,0,0,0,PAYMENT,0
3565.1256532890525,0.7893638108340555,0,0,0,TRANSFER,0
446.9769508299765,1.132939205038214,0,0,0,PAYMENT,0
406.32494318635077,1.2131102851854998,0,0,1,PAYMENT,1
900.996686122287,0.38960262833245884,0,0,0,WITHDRAWAL,0
2507.8292056697683,0.4858134639167896,0,0,0,PAYMENT,0
289.78021240705993,1.128182242931689,0,0,0,PAYMENT,1
206.84410634900402,1.0720597195015875,0,0,0,TRANSFER,0
2499.1874225537945,0.6089653552678829,0,0,0,DEPOSIT,0
600.0552218711666,0.5734621757767355,0,0,1,WITHDRAWAL,1
740.8320801109204,0.9390885753561539,0,0,0,PAYMENT,0
171.2611523202425,1.85949634181911,0,0,0,TRANSFER,0
556.1403473274584,0.9478679879293699,0,0,0,DEPOSIT,0
1088.3659297600632,3.1140109240343827,0,0,0,TRANSFER,0
2780.4772305655865,0.6144213285196262,0,0,0,PAYMENT,0
507.1312438825142,1.1447392261940736,0,1,0,TRANSFER,1
5752.421181642893,0.7803546365575424,0,0,0,PAYMENT,0
553.0475458305493,1.509189365280314,0,0,0,PAYMENT,0
553.8579236850557,0.5786187289385101,0,0,0,PAYMENT,0
5101.845172955489,3.8542576785883282,0,0,0,PAYMENT,0
1354.8691391323416,0.30622698157466244,1,0,0,TRANSFER,0
631.422538139711,3.3228942585179846,0,0,0,PAYMENT,0
939.0482560847837,1.065018242769998,0,0,0,PAYMENT,0
4243.202533151143,1.4721106793013452,0,0,0,PAYMENT,0
4751.439100292721,2.5450936123236167,0,0,0,TRANSFER,0
484.5433110995259,1.822780434550148,1,0,0,TRANSFER,1
1051.0723313040382,0.5998840925833917,0,0,0,WITHDRAWAL,0
1200.0959941091016,1.522056968376001,0,0,0,WITHDRAWAL,0
409.01829638643295,3.6959283983250475,0,0,0,TRANSFER,0
1037.2361923620358,0.5373507679717109,0,0,0,TRANSFER,0
1102.4859466661644,4.405703527836517,0,0,0,TRANSFER,1
3429.6362292955782,1.309953630704737,0,1,0,PAYMENT,0
3668.085080007723,0.7384074988218507,0,0,0,PAYMENT,0
789.0191577799303,0.5350994993815966,0,0,0,PAYMENT,0
885.4064951775762,0.8553017467891921,0,0,0,WITHDRAWAL,1
2130.884225823442,0.25443882841391857,0,0,1,TRANSFER,0
610.8256405347365,0.7477615551679333,0,0,0,PAYMENT,0
1975.625135858838,0.8318949811569212,0,0,0,DEPOSIT,0
1004.3476574068037,0.47138054765676785,0,0,0,DEPOSIT,0
415.965124854,1.6879109439069844,0,0,0,PAYMENT,0
421.2233801385294,0.858012679653386,0,0,1,DEPOSIT,1
4661.342128363517,0.6407882747475214,0,0,1,PAYMENT,0
937.8392141777492,0.7963362525186689,0,0,0,PAYMENT,0
5655.331988488108,1.2821972801362282,0,0,0,TRANSFER,0
656.1331489345504,1.0525911091351834,0,0,0,PAYMENT,0
1467.33806947214,0.6122083815709636,0,0,0,TRANSFER,0
12000.177532290465,1.0919416390796906,0,0,1,WITHDRAWAL,0
380.9290949586378,0.9651486285342833,0,0,0,PAYMENT,0
164.38076919826256,0.4503974083844566,0,0,0,PAYMENT,1
3970.272977080329,0.817133099051516,0,0,0,PAYMENT,0
479.71438454731333,1.5001075256334222,0,0,0,PAYMENT,0
1074.1593513464593,1.492565993306039,0,0,0,TRANSFER,0
610.3800460926665,0.8513133258520175,0,0,0,TRANSFER,0
1433.9136181489619,1.6059909113916526,0,0,0,WITHDRAWAL,0
423.88567854968744,0.5036020793297694,0,0,0,PAYMENT,0
916.0398903259428,0.5146380264335253,0,0,0,PAYMENT,0
1719.5455616521178,0.8387199031626685,1,0,0,PAYMENT,0
400.0906369143641,2.8527866692797517,0,0,0,TRANSFER,0
544.5261518637124,1.121061650514818,0,0,0,PAYMENT,0
774.8094796342032,0.8246831172251456,0,0,0,PAYMENT,0
262.74515388806867,2.9473209371958093,0,0,0,PAYMENT,0
718.696401281802,0.8180294793999772,0,0,0,TRANSFER,0
1234.9633097334388,4.779391638389931,0,0,0,PAYMENT,0
735.4268349005451,0.6991442536823268,0,0,0,PAYMENT,0
835.9957313811653,0.49252497427102676,0,0,0,TRANSFER,0
1075.0240679409474,0.8900715890141302,0,0,0,TRANSFER,0
569.2140431067825,0.839995299842597,0,0,0,PAYMENT,0
2188.6989639065187,0.5681305850404267,0,0,0,WITHDRAWAL,0
4609.976898476973,6.180392956923878,0,0,0,TRANSFER,0
689.260723366436,1.2498688145711598,0,0,0,TRANSFER,0
1781.4772796631632,1.3839956326213798,0,0,0,TRANSFER,0
862.972516892524,0.7237454860570409,0,0,0,TRANSFER,1
1580.485480618258,0.6673980934700232,0,0,0,WITHDRAWAL,0
5248.930031038909,2.0501046671686636,0,0,0,PAYMENT,0
1823.7672220828526,0.30940962249901605,0,1,0,PAYMENT,0
186.1560799205344,0.449326658637224,0,0,0,WITHDRAWAL,0
1726.7488318158182,0.841040087290935,0,0,0,PAYMENT,0
3762.5934400329425,2.574700235507576,0,0,0,PAYMENT,0
878.6651053192198,0.7693864645151993,0,0,0,PAYMENT,0
2967.9738871479803,1.3381741231092692,0,0,0,TRANSFER,0
549.9813996563734,1.0195996758201085,1,0,0,TRANSFER,1
248.2560915221295,2.477824330520407,0,0,0,TRANSFER,0
1262.9038849143485,0.3297877171930156,0,0,0,PAYMENT,0
189.3360122676076,1.6739301463392053,1,0,1,WITHDRAWAL,1
862.8397523476053,0.8700285508353769,0,0,0,PAYMENT,0
3971.2741336049153,1.9106030701261463,0,0,0,WITHDRAWAL,0
162.42836832127142,0.5635509828454858,0,0,0,PAYMENT,0
305.0583909696402,1.0172217625535727,0,0,0,PAYMENT,0
390.7108431605925,0.9307591852358672,0,0,0,PAYMENT,1
1029.3472477623618,0.49573943154457656,0,0,0,TRANSFER,0
760.7335874345288,0.4080811982489369,0,0,0,WITHDRAWAL,0
4443.2278373730305,0.6661183288321584,0,0,0,TRANSFER,0
2847.9318098987546,1.095216203937247,0,1,0,DEPOSIT,1
1799.515869049818,0.5887000034938029,0,0,0,PAYMENT,0
1268.550658945353,0.793698594172688,1,0,0,PAYMENT,0
1624.9458595110334,0.2671197689969245,0,0,0,PAYMENT,0
463.13456299840556,0.7714719663906335,0,0,0,TRANSFER,1
2584.3010242148566,2.0472770719266067,0,0,0,PAYMENT,0
360.6672346819423,1.6382461161096369,0,0,0,PAYMENT,0
2528.48855447278,0.9409687437716837,0,1,0,TRANSFER,1
3590.843823239109,1.185965140336494,0,0,0,PAYMENT,0
1354.062486667709,0.5600202826360374,0,0,0,TRANSFER,0
919.460367639803,3.1177359404921225,0,0,0,PAYMENT,0
1636.4915137359515,4.252188342599497,0,0,0,PAYMENT,0
62.70753588056085,1.1222959490139572,0,0,1,PAYMENT,0
1483.646545520099,6.13174935492237,0,0,0,WITHDRAWAL,0
979.1119644794452,0.6211841767670645,0,0,0,PAYMENT,0
1042.4947179474111,0.4165472126703958,0,0,0,PAYMENT,0
2222.8212756143735,0.608513228135838,0,0,0,PAYMENT,0
1017.6293946649075,0.8575779626329468,0,0,0,DEPOSIT,0
350.6516019011697,5.045246868163984,0,0,1,PAYMENT,1
952.0307447492993,0.8213455333554102,0,0,0,WITHDRAWAL,0
1173.2764329236968,0.5478470871812884,0,0,0,PAYMENT,0
1230.2023063894198,0.5331666701623571,1,1,0,TRANSFER,1
1289.3833596377594,2.2211286740707257,0,0,0,PAYMENT,0
3100.6561982216635,2.0099527690630596,0,0,0,PAYMENT,0
370.171142859921,0.7118879664465079,0,0,1,DEPOSIT,0
1307.2754695261551,0.26899865987931,0,0,0,PAYMENT,0
3983.5541353274616,0.45383776923090174,0,0,1,TRANSFER,0
193.5214778716381,3.336327617134632,0,0,0,DEPOSIT,0
1312.4444644624507,1.6195778343202683,0,0,0,PAYMENT,1
610.7095622920199,1.0468890563379254,0,0,0,WITHDRAWAL,0
756.9442581540927,3.6994465271559496,1,0,0,PAYMENT,1
443.71945152475564,3.9386120550966797,1,0,0,PAYMENT,0
925.6065795770198,0.975156096940278,0,0,0,PAYMENT,0
6913.668094104853,0.9877751062753847,0,0,0,TRANSFER,0
309.68933158972663,0.6653562433502868,1,1,1,PAYMENT,1
340.49144400021004,0.8193677266244209,0,0,0,PAYMENT,0
298.2897799146805,0.3533036183606002,0,0,0,TRANSFER,0
6169.77893118638,0.35230060958736753,0,0,0,PAYMENT,0
690.6687246957845,0.29943401340138953,0,0,0,PAYMENT,1
1068.8738960410376,2.1362157121722642,0,1,0,PAYMENT,0
733.0523065524084,0.3352155383333629,0,0,0,PAYMENT,0
426.4849681296,3.915619713878541,1,0,0,PAYMENT,0
866.8356121029426,0.5997367177373728,0,0,0,PAYMENT,0
12813.359361345674,3.374155040967459,0,0,0,WITHDRAWAL,0
4411.945029473455,0.7744996740280295,0,1,1,TRANSFER,0
467.34240122143507,0.33409471791243345,1,1,0,DEPOSIT,1
2095.5558158454846,2.4562731674847886,0,0,0,TRANSFER,0
477.4584914938773,2.6679381332387084,0,0,1,DEPOSIT,0
185.6071533106379,0.5303406727337032,0,0,0,PAYMENT,0
3039.690310499005,0.79282196827557,0,0,1,PAYMENT,0
3498.5114137265286,0.5304353706475647,0,0,1,PAYMENT,0
3121.4479230330685,0.9190923370335535,1,1,0,PAYMENT,1
685.4905756586431,1.0784020942900896,0,0,0,WITHDRAWAL,0
928.1786880216996,0.7819471362847038,1,0,0,PAYMENT,0
2321.0281942487777,0.2799276850709112,0,0,0,DEPOSIT,0
1622.1310672304182,0.6659001660105853,0,0,0,PAYMENT,0
739.7871640669013,1.6363417900567976,0,0,0,TRANSFER,0
217.22380464812395,0.8639592463930263,0,0,0,TRANSFER,0
1228.900558967087,0.7951627730638079,1,0,0,PAYMENT,0
3226.0367138663078,0.5212405781513348,0,0,1,TRANSFER,0
331.0971083218532,0.6524400910793098,0,1,0,TRANSFER,1
2077.165248123621,2.681197906267038,0,0,0,PAYMENT,0
1527.735259359318,0.45029872651428576,0,1,0,PAYMENT,0
2321.9166439589917,1.6562833852472543,0,0,0,TRANSFER,0
2622.7416992911017,1.0334871376483288,1,0,0,TRANSFER,0
547.5943403972566,1.1869268219934817,0,0,0,PAYMENT,0
217.68315754967915,0.5989067334714432,0,0,0,TRANSFER,0
643.2159235472649,0.781731337044298,0,0,0,PAYMENT,0
2668.114487647647,0.9960038797036161,0,1,0,PAYMENT,0
637.7817221244962,0.6945668429808085,0,0,0,PAYMENT,0
547.8254290900657,1.2611228473613159,0,0,0,PAYMENT,0
177.4430403669906,1.3774132880590966,0,0,0,PAYMENT,0
6327.4181361676565,4.57631750513522,0,0,0,TRANSFER,0
2504.1725545953545,1.2149865667440558,0,0,1,DEPOSIT,0
2368.2249358040413,0.2622204127471115,0,0,0,DEPOSIT,0
2886.284710570923,2.257173476869058,0,0,0,PAYMENT,0
1952.1924660892496,0.867005941620137,0,0,0,TRANSFER,0
858.9160135223557,4.089193466097757,0,0,0,DEPOSIT,0
930.9782321717627,2.800077559877343,0,0,1,PAYMENT,0
715.109469669706,0.70209457023294,0,0,1,PAYMENT,0
15286.735253067833,1.6575356459682373,0,0,0,PAYMENT,0
1912.013264905653,0.6598329359029961,0,0,0,PAYMENT,0
689.6605766411129,1.0018853535385561,1,0,0,WITHDRAWAL,0
1746.7230596173792,1.6051053130675306,0,1,0,PAYMENT,0
399.06770217946513,2.1795101380468287,0,0,0,PAYMENT,0
4936.968306192737,1.8713200299761172,0,0,0,TRANSFER,0
566.1906756206066,1.0538949132387496,0,0,1,WITHDRAWAL,0
1810.005988146201,5.688216361732936,0,0,1,PAYMENT,0
3184.26773082351,0.7745180728246764,0,0,0,TRANSFER,0
1611.25481756671,0.32463933796723293,0,0,0,PAYMENT,0
1205.2833841203342,0.37146913267048026,0,1,0,PAYMENT,0
1108.5432941993506,2.806127477807069,0,0,0,PAYMENT,0
1036.4522922851836,0.9477570898532426,0,0,0,TRANSFER,0
616.0336022004607,1.1177751636367297,0,0,0,PAYMENT,0
699.6054758506898,0.6840209617833743,0,0,1,PAYMENT,0
4815.476946571339,0.728409611752479,0,0,0,WITHDRAWAL,0
983.8400837343148,0.5763921104016165,0,0,0,DEPOSIT,0
499.79785697033844,1.3906977078899703,0,0,1,PAYMENT,1
654.3892796088219,0.9341054531304576,0,0,0,PAYMENT,0
3295.689497371776,1.3559519644751397,0,0,0,PAYMENT,0
2155.1306629614364,1.268210522855091,0,0,0,PAYMENT,0
1920.4775887528788,0.7422158957285383,0,0,0,PAYMENT,0
847.6593126275517,0.3601943839956855,0,0,0,TRANSFER,0
1945.67155737305,0.3388967747615181,0,0,0,PAYMENT,0
576.1908110655309,8.319948909977391,0,0,0,PAYMENT,0
845.8871587807757,2.8143220874966848,0,0,0,TRANSFER,0
2892.2918294182036,2.5551930967410796,0,0,0,PAYMENT,0
2628.7866763186407,0.6236133307821198,0,0,0,PAYMENT,0
410.79329415339436,1.0066790194640756,0,0,0,TRANSFER,0
466.1341867581795,0.5650992188504455,0,0,0,PAYMENT,0
1222.5598201787407,0.39913424437331796,0,0,0,TRANSFER,0
6161.850237570423,0.6622305874634996,0,0,0,PAYMENT,0
161.488645797375,2.5302787496579033,1,0,0,PAYMENT,1
1448.5711554877,1.8013236519437241,0,1,0,PAYMENT,0
276.98314845295545,0.5071068230996016,1,0,0,TRANSFER,1
581.5337480501664,0.8022209301009782,0,0,0,PAYMENT,0
761.7143235657531,1.689421597502572,0,1,0,WITHDRAWAL,0
720.1731408927237,0.6705345984440498,0,0,0,WITHDRAWAL,0
643.0381542462904,1.0572914175359034,0,0,0,PAYMENT,0
1104.5652088615063,1.3248420078172112,0,0,0,PAYMENT,0
642.1002430794699,1.3147563802389814,0,0,0,PAYMENT,0
254.0529259376555,1.1947079944121648,1,1,0,WITHDRAWAL,1
2391.9629181932232,0.632808125761627,0,1,0,PAYMENT,0
2328.2499435332174,0.6799865834255515,0,0,0,PAYMENT,0
2548.2810429047017,0.45223428849389896,0,0,0,PAYMENT,0
234.92480958556268,0.3352309386857816,0,0,0,PAYMENT,0
1478.6993348878532,0.9228171951534286,0,0,0,PAYMENT,0
2155.933000706493,1.7707120081861938,0,0,1,PAYMENT,0
391.03533688254504,0.3805271784770975,0,0,0,TRANSFER,1
1106.7391279721132,1.2105578311922482,0,1,0,PAYMENT,1
976.2643056190786,1.7319394490015874,0,0,0,TRANSFER,1
6919.858902337811,0.2764532256438468,0,0,0,PAYMENT,0
7513.795703719579,0.827449856372757,0,0,0,PAYMENT,0
207.60632263276497,3.165614337768605,0,1,0,WITHDRAWAL,0
13278.839148963636,1.4716124618289232,0,0,0,TRANSFER,0
439.1206826586967,0.27000359524677986,0,0,0,TRANSFER,0
2923.8990461332846,1.58540139874705,0,0,0,PAYMENT,0
2894.29831058136,0.5924932751708781,0,0,0,TRANSFER,0
405.17123213880103,1.6224134929893999,0,0,0,TRANSFER,0
1795.9111809749008,0.6168945134058674,1,0,1,DEPOSIT,1
984.8272604918594,0.9635578888568695,0,1,0,TRANSFER,0
1908.9908003729486,0.6864101538628512,0,0,0,PAYMENT,0
1381.1507429559813,1.0022128506650763,0,0,0,WITHDRAWAL,0
3627.646918944816,0.6722694028236712,0,0,1,PAYMENT,0
1182.5158725438462,0.8551513834185794,1,0,0,PAYMENT,0
927.159796133497,0.439145930328652,0,0,1,TRANSFER,1
3281.5272993826316,1.4098195490315906,0,0,0,PAYMENT,0
1959.4046671945894,1.1305448063503556,0,0,0,PAYMENT,0
2279.7325087014415,0.32252567875394167,0,0,0,PAYMENT,0
564.2025553654795,2.003792554490813,0,1,0,PAYMENT,0
385.5755752751859,0.8839086385357622,0,1,0,WITHDRAWAL,0
621.5882255740213,1.1198935961597947,0,0,0,TRANSFER,0
589.4433484369118,1.7077781026076362,0,1,0,TRANSFER,1
2407.1512386548884,1.2583100237032794,0,0,0,WITHDRAWAL,0
2910.220266609874,2.2606270056237823,0,0,0,PAYMENT,0
939.0509245333553,0.8143973675719735,0,0,1,TRANSFER,0
4586.713432581933,2.062874854520558,0,0,0,PAYMENT,0
4309.035575894159,1.0898578037601696,0,0,1,TRANSFER,0
1398.8404415869975,1.4266704847586082,1,0,0,TRANSFER,0
482.0791096352032,1.3264953922283573,0,0,0,DEPOSIT,0
5299.547133794242,2.383359930716362,1,0,0,TRANSFER,1
1031.7200593990954,1.6569667328229638,0,0,0,PAYMENT,0
1244.0969401529128,0.7334016040414433,0,0,0,TRANSFER,0
780.8592956525898,0.6383382710111595,0,0,0,PAYMENT,0
450.4331492533714,0.9657716080475048,0,0,1,PAYMENT,1
252.48720386899703,0.5873872250477824,0,0,1,PAYMENT,1
2064.9645198096578,0.4787702025075391,0,0,0,PAYMENT,0
500.9964153671001,0.2254545418727155,0,0,0,TRANSFER,0
23377.545087928993,0.33807621171118646,0,1,0,PAYMENT,0
370.15669551824357,4.013984756478282,0,1,0,PAYMENT,0
311.87969640905465,0.6315676767137834,0,1,0,PAYMENT,0
1826.4668847193077,3.7902129690413595,0,0,0,PAYMENT,0
5060.970179426892,1.326054803446461,0,0,0,PAYMENT,0
1169.801852887807,0.9657689890437077,0,0,0,TRANSFER,0
1943.4935279517022,0.34978955324704447,1,0,1,TRANSFER,1
173.54771613755068,1.0032735733796925,0,0,0,PAYMENT,0
556.9572320521916,3.7604124174460516,1,0,0,PAYMENT,0
374.796896855559,2.975302518777087,0,0,0,PAYMENT,0
164.83651261286536,1.2116306014251976,0,0,0,WITHDRAWAL,1
1232.7222744324908,0.44750487112384923,1,0,0,PAYMENT,1
116.41627887415298,0.5117005227001203,0,1,0,PAYMENT,0
292.3068287325465,0.5505627784401179,1,0,0,PAYMENT,0
640.8569121240948,2.446622370646162,0,0,0,PAYMENT,0
477.5716323436254,3.13366831919941,0,0,0,PAYMENT,0
1630.1193340702791,1.1469714931948483,0,0,0,TRANSFER,0
1488.5833753733023,0.808838262329159,0,1,0,PAYMENT,0
2680.607550968812,2.956769678755321,0,0,0,TRANSFER,0
2327.113023762696,0.5040894842248066,0,0,0,PAYMENT,0
3431.705988876435,1.036942344478398,0,0,0,PAYMENT,0
1094.5313940244125,1.3827526684192009,0,0,0,PAYMENT,0
1485.4408870614382,0.5466424071269606,0,0,0,PAYMENT,0
1828.979979012887,0.6407345957632288,0,0,1,PAYMENT,0
1263.5199262631927,0.6067634268853961,0,0,0,PAYMENT,0
737.1605345289819,2.695837183074372,0,0,0,TRANSFER,0
786.4722709856538,3.819261555831562,0,0,0,WITHDRAWAL,0
484.1726711510803,1.0836714548713442,0,0,1,WITHDRAWAL,0
1671.7342337595428,0.8288193912849702,0,0,0,PAYMENT,0
998.2311132602327,0.6571199187001864,1,0,0,PAYMENT,0
565.0002927925647,1.0012231668743823,0,0,1,PAYMENT,0
565.5253831045835,0.680345020767561,0,0,0,PAYMENT,0
326.88266118925804,0.9343341245615222,0,1,0,PAYMENT,0
2918.5475036243006,1.3354428719172218,0,0,0,PAYMENT,0
1186.3274879152875,0.7529781567122513,0,1,0,TRANSFER,0
462.7560291965897,0.8757175742704608,0,0,0,PAYMENT,0
2461.553046890452,0.8782551362718363,0,0,0,PAYMENT,0
626.1257253836678,0.8006796061066395,0,0,0,TRANSFER,1
268.67416771614245,0.734170848439464,0,0,0,WITHDRAWAL,0
3044.896803882501,1.704953132445251,0,0,0,PAYMENT,0
640.9189529261391,0.28952453954796675,0,0,0,PAYMENT,0
728.5825321823162,3.010168030535603,0,0,1,PAYMENT,0
1142.7352622052122,1.099516595130983,0,0,0,PAYMENT,0
3437.8076040646774,1.532671518357777,0,0,1,PAYMENT,0
1118.8283390465876,1.6612236148397503,0,0,1,TRANSFER,0
330.59130152190545,0.6091800465532637,0,0,0,TRANSFER,0
1889.1400492488808,0.5272655384434668,1,0,0,WITHDRAWAL,0
675.2008996752475,0.4854939274006178,0,0,0,PAYMENT,0
7243.964884984624,0.8411816740465586,1,0,0,WITHDRAWAL,0
1095.4059213677408,1.6314077364456705,0,0,0,PAYMENT,0
117.32695235362047,0.6645578028331964,0,0,0,PAYMENT,0
1567.7001819804896,1.5304352133494905,0,0,1,PAYMENT,0
7666.364498752257,0.19060637273351697,0,0,0,PAYMENT,0
5302.4289581459025,0.7634580948803168,0,0,0,WITHDRAWAL,0
6842.813721048708,2.263689846425396,1,1,1,PAYMENT,1
395.5352119083716,0.8872043833314872,0,0,0,PAYMENT,1
2730.260748739493,0.559674146805146,0,0,0,TRANSFER,0
532.7250621750335,0.6314160676687602,0,0,0,PAYMENT,0
1372.3630670619045,0.12007775422590332,0,0,1,TRANSFER,0
307.0613519972191,0.4924997237477896,0,1,0,WITHDRAWAL,0
575.6755582746883,2.096080056781671,0,0,0,PAYMENT,0
557.662144185492,0.6650972976140022,0,0,0,PAYMENT,0
2693.388324477493,0.7223965494491118,0,0,0,PAYMENT,0
2442.357698606453,0.19548560559735198,0,0,0,WITHDRAWAL,0
1446.3808204189877,0.3193120455267783,0,0,0,WITHDRAWAL,0
284.1716855077972,2.300288212851321,0,0,0,WITHDRAWAL,0
803.0046992528753,1.5404981782188825,0,0,0,TRANSFER,0
520.0284476286498,0.40324646753305904,0,0,0,PAYMENT,0
2616.71699765113,0.6431349674166471,0,1,0,TRANSFER,0
3562.3825400424316,0.979786449144715,1,0,1,TRANSFER,1
3153.870116248336,0.43288229995725624,0,0,0,PAYMENT,0
515.3161421535343,0.24588269202793545,0,0,0,TRANSFER,0
70.84305077583072,0.8945385580976548,0,0,0,TRANSFER,0
187.36116201417155,1.4930574442266487,0,0,1,WITHDRAWAL,0
4544.290905654924,1.5133112394723565,0,0,0,TRANSFER,0
734.1732679837908,1.8453448486778292,0,0,0,TRANSFER,0
517.6375990781012,0.33706142903239694,0,0,0,WITHDRAWAL,0
5668.389363175297,1.0413639422869188,1,0,0,PAYMENT,0
3886.094491379757,0.8286843511151459,0,0,0,TRANSFER,0
1123.7748757558593,0.9407719852650609,0,0,0,WITHDRAWAL,0
817.7829089808782,0.8622179969963794,0,0,0,TRANSFER,0
960.9273302138799,0.6298247162868701,0,1,0,WITHDRAWAL,0
1376.3120845202977,0.12094089570746949,0,0,0,PAYMENT,0
5431.916413467516,2.2552939391138995,0,0,0,PAYMENT,0
1673.1568063460095,1.2598505663971324,0,1,0,PAYMENT,0
2266.583777413204,0.3538073046234467,0,0,0,PAYMENT,0
3530.7659488609834,1.3926273698286156,0,1,0,TRANSFER,1
340.4689728016611,0.7311670191936046,1,0,0,PAYMENT,1
2332.88713324619,0.745812820222013,0,0,0,PAYMENT,0
816.8302045874001,0.5839790202420169,0,0,0,TRANSFER,0
88.57988535383086,1.4562306211180536,0,0,0,TRANSFER,0
130.55968232158438,0.5712796124894495,0,0,0,PAYMENT,0
396.1854415882032,0.46404011290628727,0,0,0,PAYMENT,0
1865.385901919355,2.2082964196277337,0,0,0,TRANSFER,0
1228.807622204777,0.8823054331472244,0,0,0,PAYMENT,0
1318.653879751407,0.9019100623884184,0,0,0,TRANSFER,0
7715.167555336433,1.6237282340872599,0,0,1,TRANSFER,0
308.2497666843484,0.6266853549185805,0,0,0,TRANSFER,0
1066.9577417838302,0.7205739578535095,0,0,0,PAYMENT,0
1486.880414846694,1.2386235079644436,0,0,0,TRANSFER,0
525.172554307692,0.3399474195462406,0,0,0,PAYMENT,0
1128.1413619491905,1.1673886517016183,0,0,0,WITHDRAWAL,0
221.41763424717985,0.5891950348129034,0,0,0,PAYMENT,0
4491.339281760339,1.8199896508358424,0,0,0,PAYMENT,0
554.6767144092903,1.4661857911064495,1,1,0,TRANSFER,1
8361.558940064413,1.336673212649673,0,0,0,PAYMENT,0
1061.5927737819175,0.32469433269836623,1,0,0,PAYMENT,0
3065.7685440330038,0.930180359564997,0,0,0,PAYMENT,0
1039.7100248616407,0.43863546255425157,0,0,0,WITHDRAWAL,0
1063.4314416608715,0.9745253645679552,0,0,1,PAYMENT,0
611.5340686234439,0.1977610542396152,0,0,0,PAYMENT,0
1235.3676898999922,0.34007721375941635,0,0,0,PAYMENT,0
1507.1846124587341,2.298653521767078,0,0,0,TRANSFER,0
500.56701759740827,1.294775373312531,0,0,0,TRANSFER,0
967.7323819642237,0.7806166511560795,0,0,0,PAYMENT,0
595.7976726093808,0.5293421203199123,0,0,0,PAYMENT,0
10934.345412264063,0.46814474705234005,0,0,0,TRANSFER,0
1002.5171137309997,1.1503992183924177,1,0,0,PAYMENT,0
5142.178758930426,0.7862011394245533,1,0,0,DEPOSIT,1
901.7863858133304,2.9525022416354365,0,0,0,PAYMENT,0
1421.2437414969984,0.8786799065338531,0,0,0,PAYMENT,0
292.5500983320646,1.0419608228285895,0,0,0,PAYMENT,0
701.2941459852887,0.3783436279597055,0,0,0,TRANSFER,0
1353.615812762674,0.7768644027927796,0,0,0,PAYMENT,0
5356.166703535228,1.1318958650538749,0,0,0,PAYMENT,0
1369.2011926014336,0.7703194362807064,0,0,1,PAYMENT,0
4375.256218007918,0.7118130491248362,1,1,0,PAYMENT,1
2081.2607319395274,1.2571367795027673,1,0,0,PAYMENT,0
5582.55222872078,2.887457326659634,0,1,0,PAYMENT,0
1033.7598582560995,1.1068061873445614,0,0,0,TRANSFER,0
11970.765052282213,2.2276125318397137,0,0,1,PAYMENT,0
674.926500695891,1.5451510371783803,0,0,0,PAYMENT,0
509.5551885333693,2.1362401878414,0,0,0,DEPOSIT,0
326.995742296003,0.6525914826338068,0,0,1,TRANSFER,0
11282.686612478905,0.8651527080884616,0,0,0,DEPOSIT,0
2488.5302959779656,0.8676720142172931,1,0,0,PAYMENT,0
785.15352084719,1.4657895885844183,0,0,0,PAYMENT,0
3823.8868980858606,1.7413992827800504,0,0,1,PAYMENT,0
2181.334632324937,1.091485195835356,1,0,1,WITHDRAWAL,1
7833.208470301515,1.8472436408093826,0,0,0,WITHDRAWAL,0
233.2631387670209,0.6741301850104369,0,0,0,TRANSFER,0
841.0405638486866,1.858489920032969,0,0,0,PAYMENT,0
690.5432564898533,2.036161890509908,0,0,0,PAYMENT,1
152.37084567262812,1.6068045290040027,0,0,0,WITHDRAWAL,0
3166.3260018794376,1.0984705996938045,0,0,0,TRANSFER,1
836.8153561622896,1.647610955099657,0,0,0,TRANSFER,0
2297.6248742570388,0.5348317189057293,0,0,1,TRANSFER,0
11611.740000768083,1.1489558633749044,0,0,0,PAYMENT,0
770.2817123811027,1.234118973570204,0,0,0,TRANSFER,0
719.7090386460508,0.3942930106577662,1,0,0,PAYMENT,0
1234.7998482381395,1.3940441413176068,0,0,0,WITHDRAWAL,0
2943.184251546515,0.4172068621112389,0,0,0,PAYMENT,0
622.215797999369,0.7411569938843506,0,0,1,TRANSFER,0
583.4964705015992,1.0282236189035006,0,0,0,PAYMENT,0
3156.405850691059,0.5995862354470272,0,0,0,PAYMENT,0
1601.409285263601,1.0594901766878717,1,0,0,TRANSFER,0
141.92116636493333,1.0476922553553891,0,0,0,TRANSFER,0
322.01824342243333,0.5631962415464045,0,0,0,WITHDRAWAL,0
4920.846580183822,1.4882220034913614,0,0,0,TRANSFER,0
1639.1421145659226,0.5857222649723257,0,0,0,PAYMENT,0
511.7335446471939,4.960874632130144,0,0,0,PAYMENT,0
924.8118789907093,0.9262277017633409,0,0,0,PAYMENT,0
1111.2454282975182,0.44047310041708243,0,0,0,PAYMENT,0
2288.6865207773653,0.5020581966893658,0,0,0,PAYMENT,0
281.9519327423015,2.2329114687329903,0,0,0,PAYMENT,1
472.97893912108293,0.7509575489835665,0,0,1,DEPOSIT,0
1440.8028254139374,0.3849527553961562,0,0,0,PAYMENT,0
992.4388707737174,1.8177490010401431,0,0,0,TRANSFER,0
1942.7488509557206,0.7475891463891458,0,0,1,TRANSFER,0
320.69566927761394,1.5799507217450592,1,0,0,TRANSFER,1
1567.3297846429953,1.9249427325244688,0,0,0,TRANSFER,1
3266.856933938118,1.2118213516644984,0,0,1,WITHDRAWAL,0
1784.366175047144,5.35020659997324,0,0,1,TRANSFER,0
1260.308409906799,0.2989975962105826,0,1,0,PAYMENT,0
996.3677311579694,0.5640766949978853,0,0,0,PAYMENT,0
475.87196988787974,0.8359679506103681,0,0,0,WITHDRAWAL,0
1020.4524716359913,4.868673266128732,1,0,1,PAYMENT,1
3864.9570672730397,3.5204954377676345,0,0,0,TRANSFER,1
973.5717190117349,2.4647333006426195,0,0,0,PAYMENT,0
450.42699500422856,0.5735634233679813,1,0,0,TRANSFER,0
670.3184588888896,0.6223452239151386,0,0,0,PAYMENT,0
1340.570163069825,0.5599028319975833,0,0,1,PAYMENT,0
754.8250517180496,0.5778743499171185,0,0,0,WITHDRAWAL,0
1781.6644365061964,2.8430949362474065,1,1,0,PAYMENT,1
1849.8202676831168,0.8431275847242383,0,0,0,PAYMENT,0
2667.72994101766,0.9249193677670902,1,1,0,PAYMENT,1
4553.081212267721,1.7195639665144855,0,0,0,PAYMENT,0
2968.63854509202,0.31208815536861984,0,0,1,PAYMENT,0
430.85040248572307,1.0375395313349962,0,0,0,TRANSFER,0
444.28469123273743,0.4640280805914281,0,0,0,PAYMENT,0
1016.6096765809815,0.8137594729746581,0,0,0,PAYMENT,0
698.4227949154499,0.6633221656536479,0,0,0,TRANSFER,0
351.3114925344252,0.639808400145992,0,0,0,PAYMENT,0
705.0778384221086,1.171057591288523,0,0,0,PAYMENT,0
682.31202397835,1.167482103662577,0,1,0,TRANSFER,0
560.1206798467448,0.8573796904532669,0,0,0,DEPOSIT,0
799.6790933220559,1.2962546140518383,1,0,0,PAYMENT,1
3563.3302509349896,0.5444222280920158,0,0,0,PAYMENT,0
1338.4105621278304,1.6114108640416671,0,0,0,DEPOSIT,0
12988.362926582115,0.8655939887574512,0,0,0,WITHDRAWAL,0
1300.5053335317282,0.7127928074060071,1,0,0,WITHDRAWAL,0
820.5166690638206,0.5733085828672927,0,0,0,PAYMENT,0
1101.17479314482,0.8445272950253133,0,0,0,WITHDRAWAL,0
1417.2759716831206,3.704126541943934,0,0,0,WITHDRAWAL,0
1694.6880425300285,0.9566481264786839,0,0,0,PAYMENT,0
8749.145573658961,0.44884283976807565,0,0,1,TRANSFER,1
470.9159062219061,1.9025086297516358,0,0,0,PAYMENT,0
2589.04939451661,0.7186722223890526,0,0,0,PAYMENT,0
1349.8524884049507,1.2197321714506262,0,0,1,TRANSFER,0
227.89893369890237,0.6544484983307294,0,0,0,PAYMENT,0
2370.126912076352,2.45111082877029,0,0,0,DEPOSIT,0
3895.6801361088287,0.6613104847627281,0,0,0,WITHDRAWAL,0
465.36572239029584,2.660464109964024,0,0,0,WITHDRAWAL,0
1086.8796159673639,0.47975371084422563,0,0,1,PAYMENT,0
195.3212693495134,0.8146192360017057,0,0,0,TRANSFER,1
311.4359005464535,2.664448382154123,1,0,0,WITHDRAWAL,1
3127.626151120428,1.12493128900027,0,0,0,PAYMENT,0
687.8587378729018,4.903877208466998,0,0,1,TRANSFER,1
361.83815458176207,0.8282847237305065,0,0,0,PAYMENT,0
1379.477887897323,1.1971335573348634,0,0,0,TRANSFER,0
650.4000067221284,3.7946967141505947,0,1,0,TRANSFER,0
684.8352800221783,0.34654373405094224,0,0,0,WITHDRAWAL,0
2296.9237936625505,0.3177707642699871,0,0,0,PAYMENT,1
343.18396382333395,0.5730079293553891,0,0,0,TRANSFER,1
443.4720539801553,1.7671372823147031,0,0,0,PAYMENT,0
1279.3149165022087,0.3240375650713225,0,0,0,TRANSFER,1
2891.1504767998345,1.5188209447273677,0,0,0,WITHDRAWAL,0
3782.575105412543,1.445846099429122,0,0,0,TRANSFER,1
563.9345956637437,4.09625508840785,0,0,0,WITHDRAWAL,0
2800.006358125006,2.0789011229965735,0,0,0,TRANSFER,1
500.62519459646336,1.2902489267727462,0,0,0,TRANSFER,0
6810.421877334726,2.5893142041502855,0,0,0,WITHDRAWAL,0
352.91561401738386,1.4582436888954746,0,0,1,PAYMENT,0
4140.114861638968,0.7246626532781569,0,0,0,TRANSFER,0
568.7914764208134,0.4487793021980303,0,0,1,TRANSFER,0
8211.135130243523,0.6712887393405585,0,0,0,WITHDRAWAL,0
1980.9280556533824,0.9723380837762267,0,0,0,PAYMENT,0
397.0187348341654,1.130333682910821,0,0,0,PAYMENT,0
650.5131548724709,0.22433003999718829,0,0,0,PAYMENT,0
2395.102257614998,0.8575359004136626,0,0,0,WITHDRAWAL,0
3142.0930008059313,1.0202087249692249,0,0,0,PAYMENT,0
1021.7625531250912,1.467083199237335,0,0,1,TRANSFER,0
1146.7169138570946,3.1228955044615403,0,0,0,PAYMENT,0
2341.0458024716004,1.1387799554628761,0,0,0,TRANSFER,0
1251.1250018412024,0.5290385304571219,0,0,0,PAYMENT,0
300.814904583898,0.2800868435064263,1,0,0,TRANSFER,0
486.3973951928791,1.6175419314581967,0,1,0,TRANSFER,0
1387.3072862088882,0.5442420688295083,0,0,0,TRANSFER,0
3697.759654638965,1.8345255349496417,0,0,0,PAYMENT,0
5519.168115288181,2.6596488598743226,0,0,0,WITHDRAWAL,0
2391.1493305347267,0.3393061994091505,0,0,0,TRANSFER,1
1461.6054897398126,1.4736241740350684,0,0,1,PAYMENT,0
2318.820397453099,2.47152578646221,0,0,1,PAYMENT,0
562.9828409523857,2.040770694017795,0,1,0,WITHDRAWAL,1
940.8361863075612,0.2305089460418205,0,0,1,WITHDRAWAL,0
481.00096611581097,0.5501543348198166,1,0,1,WITHDRAWAL,0
314.5859687338965,0.40814762092485884,0,0,0,WITHDRAWAL,0
1530.8049874841183,1.4425767563171181,1,0,0,PAYMENT,0
1320.1667146527707,1.3355305604251693,0,1,1,PAYMENT,1
2181.248033731124,0.15129490787681826,0,0,0,WITHDRAWAL,0
1893.3666711473838,0.8101125138864976,0,0,0,PAYMENT,0
1397.7852117467773,1.7515548536062098,0,0,0,TRANSFER,0
1913.3610099614964,1.1091380630001608,0,0,0,TRANSFER,0
1050.8103461868982,1.1078119388615304,0,0,0,PAYMENT,0
1657.2110784507718,0.774532559442298,0,0,0,PAYMENT,0
530.5189069641323,0.4765137696840672,0,0,0,PAYMENT,0
1587.1669692967466,0.9881319112619776,0,0,0,PAYMENT,0
2139.6930973669723,1.037138434861428,0,0,0,PAYMENT,0
561.335391069265,1.5383003901952292,0,0,1,PAYMENT,1
1154.9728301422533,1.6283218539172015,0,0,0,PAYMENT,0
587.8063108814653,1.061945914348669,1,0,0,PAYMENT,0
647.7425405809399,2.152082235753208,0,0,0,TRANSFER,0
356.04981288499,0.7691669232439415,0,0,1,WITHDRAWAL,0
3888.4850955307747,0.36392146179845686,0,0,0,PAYMENT,0
3183.3366118926215,1.396455958142341,0,0,0,TRANSFER,0
1877.0071657255123,1.0924967662975065,0,0,0,TRANSFER,0
7880.888670550428,1.4160227492201376,0,0,0,TRANSFER,0
907.5551207669627,0.4126663244042346,1,0,0,DEPOSIT,1
22737.30883036694,3.502781131734528,0,0,0,TRANSFER,0
873.4672051128853,1.6443607215462737,0,1,0,PAYMENT,0
1415.4366538348197,0.8174236102472916,0,0,0,WITHDRAWAL,0
736.730450187018,0.5195370241452906,0,0,0,TRANSFER,0
1591.3302172346166,2.125500676941817,0,0,0,PAYMENT,0
2529.0902394058876,0.46243982091104235,0,0,0,TRANSFER,0
978.5614714092034,4.8693252608128805,0,0,0,PAYMENT,0
6481.58168736172,0.6510014184290128,0,0,0,TRANSFER,0
1392.9084980245182,3.3346030614299935,1,0,0,TRANSFER,0
1437.2479039258997,0.8788582566344455,1,0,0,TRANSFER,1
441.8640720517936,3.023825332323992,0,0,0,PAYMENT,0
1666.5302919168203,0.5978544467279775,0,0,0,PAYMENT,0
959.0783576316352,1.0132727765519465,0,0,0,WITHDRAWAL,0
596.9063722328656,1.7565023508935356,0,0,0,PAYMENT,0
504.47868636347914,1.5895548296646764,1,0,1,WITHDRAWAL,1
15863.297391972617,2.160918328786647,0,0,0,PAYMENT,0
842.6256156619578,0.7108950419771856,0,0,0,TRANSFER,0
255.4469048439911,1.0611634080283725,0,0,1,PAYMENT,0
545.5413150038679,2.396170895871617,0,1,0,TRANSFER,1
1041.515518281014,0.6103767733842986,0,0,1,WITHDRAWAL,1
1894.4181634556014,1.492986897826652,0,0,0,TRANSFER,0
1909.881584978521,0.8577761012142434,0,0,0,PAYMENT,0
2157.3039543344544,1.1550133179591293,0,0,0,WITHDRAWAL,0
575.4427205737175,1.0609716630400376,0,0,0,PAYMENT,0
1541.3908597681063,0.5759132682668912,0,0,1,TRANSFER,1
456.6606413255649,0.8331969464189198,0,0,0,PAYMENT,0
590.1383594715084,1.1067774298366548,0,0,0,PAYMENT,0
438.0315875629598,0.9306176261711891,1,0,0,TRANSFER,1
334.15706782997745,3.0069165895315457,0,0,0,PAYMENT,0
3178.6424714505283,2.027835341283124,0,0,0,PAYMENT,0
2183.341326569942,1.225055744830551,0,0,0,PAYMENT,0
2912.203732572992,0.5861366485698369,0,0,0,PAYMENT,0
1140.6038179388888,0.5616838317628997,0,0,1,WITHDRAWAL,1
2384.650135533318,3.981536199886617,0,0,0,DEPOSIT,0
188.42698707041853,0.49316089199470947,0,0,0,TRANSFER,0
2599.5341062397497,1.0829640067536206,0,0,0,WITHDRAWAL,0
1309.132299585782,1.2874507495457213,0,0,0,PAYMENT,0
2053.107134761656,0.8041845019934736,0,0,0,WITHDRAWAL,0
1603.6271303837257,0.49581984438402965,0,0,0,PAYMENT,1
408.68506428763624,0.5772801236784386,0,0,1,PAYMENT,0
245.1720538307739,0.6821173956193826,1,1,0,PAYMENT,1
538.046955275475,0.608568982366032,0,0,0,PAYMENT,0
1929.3091824557177,2.532999757356629,0,0,0,TRANSFER,0
2186.5744391780795,0.9936321657095386,0,1,1,PAYMENT,0
279.23611733886344,0.6930447061712709,0,0,0,PAYMENT,0
411.12636823555357,1.0777447147937116,0,0,0,TRANSFER,0
532.0642826331061,1.5961095447066416,0,0,0,TRANSFER,0
767.1596587416452,0.7856579226175818,1,0,0,PAYMENT,0
280.8860775469711,1.8802164564488641,0,0,0,PAYMENT,0
264.5282984012111,0.4107367658544336,0,0,0,TRANSFER,0
482.10633588703087,2.2703012739339035,0,0,1,TRANSFER,0
1195.421158569833,0.9937529565826075,0,0,0,PAYMENT,0
336.7718372469552,0.9669498500721124,0,0,0,PAYMENT,0
976.7165528365748,0.6156294570982789,1,0,1,PAYMENT,0
3160.7126905685604,0.4233757944575026,0,0,0,PAYMENT,0
298.3359685172621,0.3114020753357859,1,0,0,TRANSFER,1
892.0785966989184,0.586288278073015,0,0,0,WITHDRAWAL,0
3055.6778640466136,1.5088854329749521,0,0,1,TRANSFER,1
721.7881029772185,0.5102293769684456,0,0,0,PAYMENT,0
617.9022720686016,0.3382690378966082,0,0,0,DEPOSIT,0
3510.437014644561,0.5292228244409615,0,0,0,PAYMENT,0
807.3828127439367,0.7638503986666983,0,0,1,DEPOSIT,0
3309.3101250244185,0.7851732728092375,0,0,0,TRANSFER,0
1684.0643238396362,0.9137255412027865,0,0,0,TRANSFER,0
778.3336957684403,2.0602440408899274,0,0,1,PAYMENT,0
1771.6924064943728,2.3976236635745725,0,0,0,PAYMENT,0
1510.8829799588211,4.070735736566125,0,0,0,PAYMENT,0
3043.8633336196554,0.3206403715696129,0,0,0,PAYMENT,1
633.7499412067544,0.5492954926813844,0,1,0,PAYMENT,0
1142.765026769648,1.630586245449931,0,0,0,PAYMENT,0
1031.2060518937794,0.7277324217668351,0,0,0,PAYMENT,0
2217.5275580550283,1.8267720987033973,0,0,0,WITHDRAWAL,0
393.3976001103006,1.156015757347096,0,0,0,PAYMENT,1
3031.997882074738,3.020562121537904,0,0,0,TRANSFER,0
1748.1769344433706,2.07487576531495,0,0,0,PAYMENT,0
293.85161421310534,2.1016266467800504,0,0,0,TRANSFER,1
3671.1594789860515,0.7495291076629458,0,0,1,TRANSFER,1
10240.370512474276,0.934052537647091,0,0,0,TRANSFER,0
2986.429989427169,0.80760886123473,0,0,0,PAYMENT,0
4568.7035987696745,0.3484974030666543,0,0,0,PAYMENT,0
1194.3667189586984,2.8017339093070186,1,0,1,PAYMENT,0
208.1991513953148,1.6850093557962544,0,0,0,DEPOSIT,0
173.44829593440033,0.7854338907267131,0,0,0,PAYMENT,0
1415.2791133378305,2.4923218732927737,0,1,0,TRANSFER,1
606.6919657203144,0.6432271490122139,1,0,0,PAYMENT,1
439.40595906111514,0.2761822989336113,0,0,0,PAYMENT,0
1029.9374137534246,2.024168151999597,0,0,1,PAYMENT,0
2029.5823011050588,0.4086108008371076,0,0,0,PAYMENT,0
256.5291884434579,0.8719328839899356,1,0,0,PAYMENT,0
700.0294318920702,1.1552146011181523,0,1,0,PAYMENT,0
4963.5211797490765,1.3097361979415534,0,0,0,PAYMENT,0
374.1705164238182,1.8110028259615458,1,0,0,PAYMENT,0
2616.940554564463,1.5016972949649383,0,0,0,TRANSFER,0
675.3757741738755,1.4695037644473414,0,0,0,PAYMENT,0
1892.7645418014981,0.5749189253947837,0,0,0,PAYMENT,0
3285.6753875128998,1.2287169441306214,0,0,0,PAYMENT,0
2301.4203780566804,0.34858088569184775,0,1,0,TRANSFER,0
2722.101856430382,2.9846914925297803,0,0,0,PAYMENT,0
346.6814915335514,0.37463787858231534,0,0,1,WITHDRAWAL,0
3339.77830073184,0.7846575588585831,0,0,0,PAYMENT,0
467.4567753759127,0.39724106445694457,0,0,0,PAYMENT,0
1421.6049595887782,0.5998255595588262,0,0,0,PAYMENT,0
1419.764351245826,1.0094442085277364,0,0,1,PAYMENT,0
1781.3424757316418,0.6906440789965766,1,0,0,PAYMENT,0
1536.0303552734974,2.2277060540352496,0,0,0,PAYMENT,0
471.6277558029136,1.1721394997638956,0,0,0,DEPOSIT,0
284.3291618756831,0.723223619695714,0,0,0,TRANSFER,0
2623.720637323948,0.9107313226321857,0,0,1,WITHDRAWAL,1
1320.5909139842583,2.348531689591088,0,0,0,WITHDRAWAL,0
3461.2215018207653,1.8893060990518662,0,0,0,PAYMENT,0
1048.6585614086266,0.4506160529889899,0,1,0,TRANSFER,0
269.0334279418333,0.6209801265487358,0,0,0,PAYMENT,0
2881.682722075214,1.3942447531564688,0,0,0,TRANSFER,0
757.2014924454917,1.2806357191423532,0,1,0,TRANSFER,1
1543.801958937195,0.4793774102467449,0,0,1,TRANSFER,0
573.9490168296435,1.6894256388725353,0,0,0,PAYMENT,0
5677.701192896698,0.5360049418253211,0,0,0,PAYMENT,0
456.4299215738882,2.490986313037317,1,0,0,DEPOSIT,0
782.5597254019181,1.4486243896977724,0,0,0,PAYMENT,0
1221.028362433661,0.4527808182774208,1,0,0,PAYMENT,0
367.90239533196893,0.6904900673037921,0,1,0,PAYMENT,1
1526.174457321618,0.6821385903202851,0,0,0,TRANSFER,0
5496.740050855336,1.1184163426434692,0,0,0,PAYMENT,0
671.5159975653795,0.8669414565816382,0,0,0,WITHDRAWAL,0
1628.0574245926707,0.44850195461930226,0,0,0,TRANSFER,0
70.14500601778951,0.37682235768588873,0,0,0,TRANSFER,0
1054.7623918144652,1.4686099395817762,0,1,0,PAYMENT,0
801.8789923081229,1.2218496353642054,0,0,0,PAYMENT,0
483.71814768126757,1.0766736020126455,0,0,0,TRANSFER,0
3233.9205399516363,1.2086599919536916,0,0,1,PAYMENT,0
791.362638432762,0.6484026492725568,0,0,0,PAYMENT,0
918.298510782101,1.137456523987944,0,0,1,TRANSFER,1
752.0532444332031,5.911820939128053,0,0,0,TRANSFER,0
161.28679702302122,2.2754935741073,0,0,1,WITHDRAWAL,0
353.54598435692975,0.8171881509856393,0,0,0,TRANSFER,0
2867.2064894546584,0.6932530305596624,0,0,0,PAYMENT,0
132.96013588690337,0.13502334652895703,1,0,0,WITHDRAWAL,0
509.62983597936517,2.112951757496922,0,0,1,DEPOSIT,0
735.3010033234605,1.7343344675917143,0,1,1,PAYMENT,1
6270.565790603334,0.6833968295831319,0,1,0,PAYMENT,0
2365.166654580397,0.3670726926175377,0,0,0,PAYMENT,0
628.1817107524065,0.4454424548459048,0,0,1,TRANSFER,0
4042.075986886565,1.364896366443922,0,0,0,PAYMENT,0
522.9491226467904,0.9393768833652884,0,0,0,PAYMENT,0
3008.207916127502,1.6227372961787818,0,0,0,PAYMENT,0
281.77890935905396,1.0623784304368031,0,0,0,TRANSFER,0
3207.534433657541,1.9674360202464207,0,0,0,PAYMENT,0
730.6001754666393,1.295248538391262,0,0,0,PAYMENT,0
392.0917070787693,1.7863184429992383,0,0,0,TRANSFER,0
882.5861345407925,0.2315919278704224,0,0,1,TRANSFER,0
1447.1395743504743,0.4214551557096395,1,0,0,PAYMENT,0
668.6438585819171,0.7748807217281236,0,0,0,PAYMENT,0
1908.2722032223473,2.1290974327609984,0,0,0,PAYMENT,0
612.1676092475404,3.7298604058392173,0,0,0,PAYMENT,1
2039.321419355659,0.8913972997741999,1,0,0,PAYMENT,0
1706.5380446057832,0.6517422973034693,0,0,0,PAYMENT,0
1031.817351391522,0.25449400965232494,0,0,0,PAYMENT,0
705.2960809549554,1.8303269916467313,0,0,0,TRANSFER,0
1276.0706054073835,0.6803598683504292,0,0,0,PAYMENT,0
1901.2250927618481,7.931437307168079,0,1,0,DEPOSIT,0
8619.64476913651,0.5959593946472861,0,0,0,PAYMENT,0
2805.7338947657413,4.365324674274321,0,0,0,PAYMENT,0
2910.237435568393,1.6885280422798394,0,0,0,TRANSFER,0
24064.96181183708,0.486856880228597,0,0,1,WITHDRAWAL,0
1837.1274767051962,1.1764490855526673,0,1,0,PAYMENT,0
1780.4893323333429,1.7159491514169463,0,0,1,WITHDRAWAL,0
2217.2324972419083,0.8541260173656228,0,0,0,TRANSFER,1
399.8278271864895,1.7978435112946332,0,0,0,PAYMENT,0
703.5214479502943,1.7703371550833291,0,0,0,TRANSFER,0
661.0508285285682,1.5180656874708303,0,0,1,PAYMENT,0
2095.6393760348587,0.9885348736478676,0,0,1,PAYMENT,0
921.3365962957932,0.4393503754361569,0,0,0,PAYMENT,0
1259.189357048796,0.9476692188943024,0,0,0,PAYMENT,0
3253.395893613531,1.1311618208806735,0,0,0,PAYMENT,0
2599.698455693562,0.2689484348598212,0,0,0,PAYMENT,0
932.8822592017741,1.1257671576801918,0,0,0,PAYMENT,0
561.1593452788517,0.9344838956380631,1,0,0,PAYMENT,0
3412.7535314134907,0.4034760092983255,0,0,0,TRANSFER,0
2377.7053927521883,0.7920708188033552,0,0,0,TRANSFER,0
220.02544124842197,0.8038903153658767,0,1,0,TRANSFER,0
801.7894651254497,3.8615404085623495,0,0,0,DEPOSIT,0
1294.0284514337354,1.166587525597445,0,1,0,DEPOSIT,0
2389.4768198186184,2.0652095038592675,0,0,0,PAYMENT,0
2724.6669922198266,0.920838405924194,0,1,0,PAYMENT,1
1456.666669221584,0.2693505570355095,0,0,0,TRANSFER,0
1968.9339465131136,1.6010173872114684,0,0,0,PAYMENT,0
1169.272222710275,0.6308225282774655,0,0,0,PAYMENT,0
558.9993508137431,0.7906340258855912,0,0,0,WITHDRAWAL,0
844.4922920395239,0.47850918427756084,0,0,0,PAYMENT,0
1117.6585399652756,1.0522571301505586,0,0,0,PAYMENT,0
1059.2546188429405,2.107758062823257,0,0,0,TRANSFER,0
166.4054192652362,1.9211359965258037,1,0,0,WITHDRAWAL,0
736.9475074829357,3.0353679582008044,0,0,0,WITHDRAWAL,0
1160.0352285618656,3.3520483963512056,0,0,0,WITHDRAWAL,0
827.6828156389703,0.23880404441861314,0,0,0,PAYMENT,0
856.7757403555105,0.4336426840398483,0,0,0,TRANSFER,0
1786.4601495983818,0.28203217894257854,0,0,0,PAYMENT,0
372.80027219626544,1.5563623747096191,0,1,0,DEPOSIT,0
215.28393527474378,0.6156003868173101,0,0,0,PAYMENT,0
774.1999775635121,0.7100454958833744,0,0,0,PAYMENT,0
2354.572368596054,0.8593163030638505,0,0,0,WITHDRAWAL,1
5928.657288680476,1.3070850192221173,0,0,1,TRANSFER,0
2397.3715749680537,0.35355198954718886,0,0,0,PAYMENT,0
252.58207366837036,0.41428363798165585,0,0,0,PAYMENT,0
869.251729579094,1.000907756333388,0,0,0,PAYMENT,0
1417.4778098910522,2.3143344585742778,0,0,0,TRANSFER,0
1309.7494219226635,0.9823789172478081,0,0,0,TRANSFER,0
1880.521766974561,0.5745536534665171,0,1,1,PAYMENT,0
438.3207961253185,0.2222958612072536,0,0,0,TRANSFER,0
1170.2153697378033,1.9481357887514439,0,0,0,PAYMENT,0
1669.572408440325,0.5974096890862169,1,0,1,WITHDRAWAL,0
2504.0656584543253,0.44789079339486776,0,0,0,TRANSFER,0
489.9394604585834,0.300975125097245,0,0,0,WITHDRAWAL,0
776.5361004548832,0.3651779288780722,0,0,0,PAYMENT,0
73.41896785846725,0.5102523078529506,0,0,0,WITHDRAWAL,0
589.0658826102821,0.8460353669570825,0,0,0,WITHDRAWAL,0
649.0989088570236,0.42907686940960665,0,0,0,PAYMENT,0
395.6047045364036,1.1388234024228483,0,1,0,DEPOSIT,1
1294.1535747848932,0.8415469969066564,0,0,0,TRANSFER,0
1036.9661525874344,4.736955370505783,0,0,0,DEPOSIT,0
114.52419634076325,0.3032765506036359,0,0,0,TRANSFER,0
1360.364516018703,1.1196717939194032,0,0,0,WITHDRAWAL,0
433.4064057464553,1.1295321182440505,0,0,1,PAYMENT,0
1782.3517144711811,0.4860760515048466,0,0,1,PAYMENT,0
304.34099056116423,1.0689498075344395,0,0,0,PAYMENT,0
1130.0379989506341,1.713805020124845,0,0,0,TRANSFER,0
826.1998315798331,1.069877373596117,1,0,0,PAYMENT,0
1484.8987765146467,2.635634682922396,0,0,0,PAYMENT,0
1242.2720466162186,0.2177557335598857,0,0,1,PAYMENT,0
849.659622339403,0.554569362988913,0,0,0,WITHDRAWAL,0
235.9754291786819,2.8081874315450217,0,1,0,TRANSFER,1
250.3330012521037,1.8934838389044228,1,0,0,PAYMENT,0
611.6211536850353,1.4598857772309177,0,0,0,PAYMENT,0
1087.5906502824253,2.37085532002033,0,0,0,DEPOSIT,0
596.9014669589285,0.26142953011785247,0,0,0,PAYMENT,0
2049.214710264544,1.7453017509858801,0,0,1,TRANSFER,0
829.4634788794069,2.106565958194769,0,0,1,WITHDRAWAL,0
417.79349327442236,0.6305958478583402,0,0,0,DEPOSIT,0
830.3968400022401,6.299473021537551,0,0,0,PAYMENT,0
1374.5199698586841,1.1473377686138462,1,0,0,TRANSFER,1
1517.5989379896284,0.21546897878451335,0,0,0,DEPOSIT,1
7175.151332141981,1.3058973102528197,0,0,0,PAYMENT,0
561.7689587819866,0.6041685757933558,0,0,1,TRANSFER,0
1018.9432485658208,2.2602980649879627,0,0,1,TRANSFER,0
1679.2859408223287,1.4675008080846652,0,0,0,PAYMENT,1
1071.2452553234148,0.6580032222756638,0,0,0,PAYMENT,0
664.7306054626225,2.8625600384288705,1,0,0,PAYMENT,0
232.93112841173544,1.930185117625927,0,0,0,PAYMENT,0
657.9740158441226,0.5601537432708602,0,0,0,PAYMENT,0
374.7644095267581,0.8990365793621808,0,0,0,PAYMENT,0
195.0767983800174,1.4359716865362013,0,0,0,TRANSFER,0
494.882894755903,0.7749286766903112,0,0,0,DEPOSIT,0
384.87102541211846,0.7912988396970164,0,1,0,WITHDRAWAL,1
1966.0594617549484,1.0260408079470342,0,0,0,WITHDRAWAL,0
2000.3787916106653,0.4742318182394282,0,0,0,TRANSFER,0
444.1315091783119,0.20952007160950709,0,0,0,PAYMENT,0
845.3674369217091,1.182220445408754,0,0,0,PAYMENT,0
171.01603736879323,0.24852049437636078,0,0,0,TRANSFER,0
668.9170422459074,0.49901102354538796,0,0,1,DEPOSIT,0
1634.3196829794545,0.2893530670389547,0,0,1,PAYMENT,0
2502.2306914998417,0.31540078566877705,0,1,0,TRANSFER,0
537.5129852467919,1.347766289724457,0,0,0,DEPOSIT,0
3139.61311813916,0.8558880316509829,0,0,0,TRANSFER,1
240.88221473630884,0.8345352308740286,1,0,0,TRANSFER,1
314.9368683668305,0.39806847190331157,1,1,0,DEPOSIT,0
2229.7881627019838,0.6318556188082616,0,0,0,TRANSFER,1
5832.034728932967,1.3015015175429192,0,1,1,PAYMENT,0
1796.2060836442267,0.9641956141496406,0,0,0,DEPOSIT,0
1053.2728690514493,1.778680580846546,0,0,0,WITHDRAWAL,0
122.0970540508338,1.9651418057395031,0,0,1,PAYMENT,0
145.11883289010967,0.8381536008041514,1,0,0,DEPOSIT,0
1248.1397688082532,0.27346695142975425,1,0,0,PAYMENT,1
766.578671554692,0.5888101758597255,0,0,0,WITHDRAWAL,0
362.91361032212893,0.9339031904465365,0,0,0,WITHDRAWAL,0
1170.905407199848,0.5806884268811929,0,0,0,PAYMENT,0
1230.4452411096365,0.4779558341507973,0,0,0,WITHDRAWAL,0
2819.784855202263,1.0500382572233014,0,0,0,PAYMENT,0
1257.1496854607024,5.480586780237479,1,0,0,DEPOSIT,1
3745.8145226394586,0.7105388569003621,1,0,0,TRANSFER,1
1105.4348097595032,0.9980378308315797,0,0,0,PAYMENT,0
977.1742665674677,0.3991471575945712,0,0,0,DEPOSIT,0
3178.9689264962176,2.387819815479082,0,0,0,PAYMENT,0
412.220796633816,1.8447063968783872,1,0,0,PAYMENT,0
18296.177793406474,1.7577136422471362,0,0,0,TRANSFER,0
1596.0027134528498,2.5905159591886737,0,0,0,PAYMENT,0
1604.920100712877,0.7414563781840052,0,0,0,PAYMENT,0
1853.991152449072,0.8092135135882547,0,0,0,TRANSFER,0
7166.240620166369,3.309890053329935,0,0,0,PAYMENT,0
2422.383887289153,1.5572316664620753,0,0,0,PAYMENT,0
220.28981514690676,0.21151586426980634,0,0,0,TRANSFER,0
4462.526590686978,1.3748913130584453,0,0,0,PAYMENT,0
779.8514248318188,0.665518633334645,0,0,1,PAYMENT,0
1220.669884681456,1.8752092951252286,0,0,0,PAYMENT,0
305.13247538299964,1.3307375382811024,0,0,0,PAYMENT,0
1856.0428829629025,0.29570884668023434,1,0,0,TRANSFER,1
571.7064783481693,1.2070521160434529,0,0,0,PAYMENT,0
1212.1726875946533,1.1588630661186436,0,0,0,DEPOSIT,0
825.4271373866347,1.2897181943610487,0,0,0,PAYMENT,0
7517.679571713732,1.496112678156623,0,0,0,PAYMENT,0
7960.605152606961,2.849592985210868,0,0,0,WITHDRAWAL,1
1148.845920660356,1.3360564039249925,0,0,0,PAYMENT,0
1169.0862168085446,1.0161580746424166,0,0,0,TRANSFER,0
754.8786694732179,2.2335165863044497,0,0,0,PAYMENT,0
3314.315154897304,4.806256499212797,0,0,0,DEPOSIT,0
789.2476340124074,1.8975233348964342,0,0,0,PAYMENT,0
719.5764142573269,1.1552817906039294,0,0,1,PAYMENT,0
2917.8224001158574,1.3536049744463954,0,1,0,TRANSFER,0
640.1489634643021,1.1962966161315358,0,0,0,PAYMENT,0
1056.001585358427,1.0130472731783078,0,0,1,WITHDRAWAL,0
225.58323828668213,4.552240739934684,0,0,0,WITHDRAWAL,0
2217.62114741736,0.5919474813190727,0,0,0,TRANSFER,0
7637.815707949117,2.244390696701202,0,0,0,PAYMENT,0
2255.7219881016554,0.9156694335083726,0,1,0,TRANSFER,0
4730.561418385683,0.35476722134696237,0,0,1,PAYMENT,0
470.54794865015623,0.8764966290841542,0,0,0,PAYMENT,0
1388.9790808089165,0.681988090686441,0,0,1,PAYMENT,1
427.0239393166895,1.4982595327001935,0,0,0,PAYMENT,0
873.2609774604683,1.0659966209104472,0,0,0,PAYMENT,0
2373.714904902176,0.48898727880782483,0,0,0,TRANSFER,1
1214.175607461156,2.8002411527167586,0,1,0,PAYMENT,1
267.02945679739963,2.1449018701099436,1,0,0,PAYMENT,0
294.4092759857867,3.035083305689799,0,0,0,PAYMENT,0
275.5684536998926,1.1804258519414121,0,0,0,TRANSFER,0
1792.654192939021,0.9752970889363991,0,0,0,TRANSFER,0
8637.725161663368,1.6363895774087387,0,1,0,PAYMENT,1
4283.211013124159,0.6674889022793752,0,0,0,TRANSFER,0
164.68174626811214,1.095314666117348,0,0,0,WITHDRAWAL,0
4541.787509336923,0.884286185463204,0,0,0,PAYMENT,0
2797.273346860119,0.35961400825772066,0,0,1,WITHDRAWAL,0
233.85471687207257,1.09331990691006,0,0,0,DEPOSIT,0
809.8089723838351,0.7344180778130481,0,0,0,WITHDRAWAL,0
3279.749778730589,0.8438449457644486,0,0,0,PAYMENT,0
1901.5669027285755,1.2900093442538327,0,0,1,PAYMENT,0
296.1615100605564,2.4370132064984085,0,0,0,TRANSFER,0
2019.7765304718644,0.5520376307480609,0,0,0,PAYMENT,0
129.34708904817703,0.7901039573544675,0,0,0,PAYMENT,0
877.5885169264063,0.5853426437213204,0,0,0,PAYMENT,0
3421.9189507115793,0.5592680456962339,1,0,1,PAYMENT,1
1116.991529264986,0.6595494948721965,0,0,0,PAYMENT,0
665.8486883366519,0.8715211045443504,0,0,0,PAYMENT,0
2668.698698565854,1.5069837850232664,0,0,0,TRANSFER,0
2906.636399273099,1.2514614587232802,0,1,0,PAYMENT,0
4064.4743111418584,0.4772093958742276,0,0,1,PAYMENT,0
2628.95689452408,2.474187914293428,1,0,0,DEPOSIT,0
3233.6758200386844,1.936899724316917,0,0,1,TRANSFER,0
2282.2305552953626,0.5321499569321929,0,0,0,PAYMENT,0
1430.1414709808566,2.355793525802034,0,0,0,PAYMENT,0
1199.3187902112961,1.2571621121787733,0,0,1,TRANSFER,0
865.0093195348758,0.8962653932444329,0,0,0,TRANSFER,0
326.2394780536511,1.2848680537077253,0,0,1,WITHDRAWAL,0
421.8663219320956,0.9821221818437788,1,0,0,PAYMENT,0
827.1495541760022,1.464560295952987,0,0,0,TRANSFER,0
1396.1198884347489,1.1401055732035346,0,0,0,PAYMENT,0
4632.317667669139,0.789624126022001,0,0,1,DEPOSIT,0
1051.7416382566842,0.2421788608467964,0,0,0,PAYMENT,0
2991.338696828259,1.4463277798495706,0,0,0,PAYMENT,0
3227.0240876446715,0.7698506878116237,0,0,0,TRANSFER,0
870.0521934419885,1.7238542497368852,0,0,0,TRANSFER,1
1987.6140158930925,1.4009807731415589,0,0,0,TRANSFER,0
859.6041205083068,0.7839853478217769,0,0,0,PAYMENT,0
4113.937565856727,2.0464196085180326,0,0,0,WITHDRAWAL,0
2071.1169669014216,1.154178878322727,1,0,0,TRANSFER,0
333.45777488864405,1.1213687004327448,0,0,1,PAYMENT,0
1288.874520945537,0.9078487576365057,0,0,0,WITHDRAWAL,1
5699.377069648331,3.2494605520100115,0,1,0,PAYMENT,1
914.858094667697,0.6069634460769908,0,0,1,TRANSFER,0
1715.9377962083768,0.7978200755249389,0,0,0,PAYMENT,1
1892.9255810637976,0.4205740977922742,0,0,0,PAYMENT,0
388.9213355123256,1.6631472716835582,0,0,1,PAYMENT,0
1827.50686700786,0.6653085876040679,0,0,0,PAYMENT,0
272.09869451526856,0.7196250926716858,0,0,0,PAYMENT,1
586.6192038709488,0.6963828886719982,0,0,1,PAYMENT,0
3215.4511952518087,1.0448834428398643,0,0,0,TRANSFER,0
1566.7462416902054,0.4166404291979945,0,0,0,PAYMENT,0
808.7761606051248,0.2079886670146741,0,0,0,TRANSFER,0
1713.7873436511607,1.3776688424358876,0,0,1,PAYMENT,0
1032.674948620623,0.2277537234011907,0,0,0,PAYMENT,0
1110.514280030582,1.818289908719298,1,0,0,PAYMENT,0
2115.0178406073346,2.977158805277658,0,0,0,TRANSFER,0
529.8702998537132,0.8914047740972765,1,0,0,PAYMENT,0
1141.7716403518104,2.483440911132841,0,0,0,DEPOSIT,0
802.4999601873147,0.9831638455003755,0,0,0,TRANSFER,0
224.6169766047913,3.0632266198553193,1,0,0,DEPOSIT,1
436.8300613133657,0.7266193733875639,0,1,0,PAYMENT,0
5261.684212985438,0.19101233600609302,0,0,0,TRANSFER,0
1611.1819427720404,0.9455975522757271,0,0,0,TRANSFER,0
291.9001228136062,3.3054553350504143,0,0,0,PAYMENT,0
235.01412627630714,1.4542318370392706,1,0,0,WITHDRAWAL,1
980.2778970542699,0.6971698156302544,0,0,0,PAYMENT,0
5224.876985842739,1.2588905516249131,0,0,0,PAYMENT,0
909.8155304729073,1.973458104610654,0,0,0,TRANSFER,0
4052.1365062189084,0.9418290398453827,0,0,1,PAYMENT,0
1559.2040892027396,6.286931159856557,0,0,0,PAYMENT,0
1756.8021196343818,0.6961482979593284,0,0,0,TRANSFER,0
288.3801256809136,2.017295000679182,0,0,1,PAYMENT,0
2800.4150624027693,1.7046436151885989,0,1,0,TRANSFER,1
784.5167810685455,0.6127004055841829,0,0,0,PAYMENT,1
2599.5469364424,0.7429636289011504,0,0,0,WITHDRAWAL,0
485.8160323669208,2.0394273409661343,0,0,1,PAYMENT,0
1309.0400319265336,1.1066655899498912,0,0,1,PAYMENT,0
1559.3166414791542,1.2669978554397177,0,0,0,PAYMENT,1
940.0816032123396,0.318167550182172,0,0,0,TRANSFER,0
1643.43721946934,1.5828057425423088,0,1,0,PAYMENT,0
840.1688846700356,1.2227565666992601,0,0,0,PAYMENT,0
573.031246681738,0.9562489270810104,0,0,0,PAYMENT,0
5461.525267744821,1.2873995153003959,0,0,0,PAYMENT,1
3130.515186643548,0.7509228253711019,0,0,0,WITHDRAWAL,0
512.4152107835091,0.66078169877426,0,0,0,TRANSFER,0
1936.1259171943054,0.8442388117093346,0,0,0,PAYMENT,0
521.8191882935065,0.7225690989938657,0,0,1,PAYMENT,0
335.39715144264596,4.601446417839063,0,0,0,TRANSFER,0
3083.465609815843,1.893277606017871,1,0,1,TRANSFER,0
199.51718527566618,0.5076676657429043,0,0,0,PAYMENT,0
2770.701769755023,4.159551273810264,1,0,0,WITHDRAWAL,1
851.7369094576313,0.7385993711253951,0,0,0,PAYMENT,0
887.5398279619311,1.0208327923145373,0,0,1,PAYMENT,1
1652.0153067469012,1.8742189946340906,0,0,0,WITHDRAWAL,0
1960.9784012686396,0.25183227694737953,0,1,0,TRANSFER,0
479.9379492602633,0.8471156161664104,1,0,0,PAYMENT,0
2247.841291714259,0.6694266389870114,0,0,0,WITHDRAWAL,0
1228.2805432436014,1.1543715180749365,0,0,0,WITHDRAWAL,0
312.29404850655607,1.29567886553438,1,0,0,DEPOSIT,0
925.3069464061042,0.9473548411329799,0,0,1,TRANSFER,0
4364.587733370157,0.9170868421781745,0,0,0,TRANSFER,0
5864.044300806223,2.1076887349720796,0,0,0,PAYMENT,0
2246.9936756551638,1.2349619393115456,0,0,0,PAYMENT,0
333.5045511307832,1.0294220281602455,1,0,0,PAYMENT,0
1791.138808586552,1.1090562339958177,0,1,0,WITHDRAWAL,0
2567.9441184867273,3.615110051892563,0,0,0,PAYMENT,0
2265.8562081243663,1.128480213746706,0,1,0,WITHDRAWAL,0
2404.15624832837,0.6975968279581859,0,0,0,PAYMENT,0
1576.9739675475137,0.26281645976982265,0,0,0,PAYMENT,0
1020.0303504404968,0.36650021837211316,0,0,0,PAYMENT,0
596.8301124268555,0.7211427830530538,0,0,0,PAYMENT,0
164.36087727109552,0.9269424560811524,0,0,0,PAYMENT,0
1540.1602781507747,0.677778309447064,0,0,1,PAYMENT,0
1320.879185715523,1.2786448215736006,0,0,0,TRANSFER,0
1915.1971425641566,0.6716918291909844,0,0,1,PAYMENT,0
287.85483464982514,0.5272172959754434,0,0,1,PAYMENT,0
2090.2034596071267,1.53549174494609,0,0,0,PAYMENT,0
8557.343606411276,2.6079804498538053,0,0,0,PAYMENT,0
1186.128748734995,0.4606958024052892,0,1,0,WITHDRAWAL,0
1031.0517541755062,1.1860175576976044,0,0,0,WITHDRAWAL,0
1493.6862785904577,0.2635523495516728,0,0,0,PAYMENT,0
8369.396220246677,0.35623071168308607,0,0,0,PAYMENT,0
394.0005236272049,0.6622341533722176,0,0,0,PAYMENT,0
1343.7331246456858,2.21319528726611,0,0,0,TRANSFER,0
492.91787484528044,0.5797871527604317,0,0,0,PAYMENT,0
634.6002538438014,0.5648074895615434,1,0,0,TRANSFER,0
1043.5771859589574,1.0255828625126604,0,0,0,PAYMENT,0
4218.872712535193,1.026298384743995,0,0,1,TRANSFER,1
6640.819149092575,0.5771852360789996,0,0,0,PAYMENT,0
1716.67085471535,4.016275967695882,0,0,1,PAYMENT,0
752.5032209728901,0.8304775674582028,0,0,0,PAYMENT,0
13263.071410096309,1.0827558323352648,0,1,0,TRANSFER,0
715.1165373193115,0.7548428656225968,0,0,0,TRANSFER,0
619.469883473845,1.3606739024204404,0,0,0,TRANSFER,1
185.87175662868478,2.3737483589049995,0,0,0,PAYMENT,0
4429.719617363977,3.204527289337154,0,0,0,TRANSFER,0
2887.786562618994,0.5864980283098962,0,0,0,PAYMENT,0
12305.548486573165,2.1609687648855997,0,0,0,TRANSFER,0
273.27446263310816,1.4692860076082213,0,0,0,TRANSFER,0
4713.428339521075,1.9781768280913103,1,0,0,PAYMENT,1
1176.3074347096997,0.937709114180352,1,0,0,WITHDRAWAL,0
2455.5356819175663,0.8772804614747305,0,1,0,WITHDRAWAL,0
211.0769710993116,1.9251430025119443,0,0,0,DEPOSIT,0
4760.375461900766,1.9508881964631464,1,0,0,PAYMENT,0
2407.9155888062396,2.99218651090952,0,0,0,WITHDRAWAL,0
1054.7826072663065,1.149104896939029,0,0,0,PAYMENT,0
2090.404125313814,0.9278917150764682,0,1,0,PAYMENT,0
510.0479286040512,0.17872669098478974,0,0,0,PAYMENT,0
614.3469995862621,0.3237180440112973,0,0,0,PAYMENT,0
689.9060206611412,0.7588310486770642,0,0,0,PAYMENT,0
171.96176202840246,0.46266998617826527,0,0,0,WITHDRAWAL,0
2596.0815582020123,1.768075020638878,0,0,0,PAYMENT,0
3610.471362679415,0.39971052830044673,0,0,0,PAYMENT,0
543.8404156507363,0.7040449820941455,0,0,0,WITHDRAWAL,0
1553.4025785828728,0.7236709019925114,0,0,0,PAYMENT,0
840.8888821409819,2.3240704633304348,0,0,0,WITHDRAWAL,0
1522.7511761183994,0.6532684547480263,0,0,0,DEPOSIT,0
585.4745756543473,1.3725749243934555,0,0,0,PAYMENT,0
453.3093770451748,1.146821599308486,0,1,0,PAYMENT,0
3140.303989075249,1.8819377042901682,0,0,0,PAYMENT,0
1028.7805161447457,1.8133038928033156,0,0,0,DEPOSIT,0
8284.229704736646,0.9768637648276269,0,0,0,PAYMENT,0
1148.6124926595628,0.30501138999532845,0,0,0,PAYMENT,0
434.38096980018713,0.8502553008515926,0,0,0,TRANSFER,0
3740.373966437732,0.9861281619107236,0,0,0,TRANSFER,0
2060.698257180351,1.221654958924784,0,0,0,TRANSFER,0
2268.4971974796026,0.5967311502235392,0,0,0,PAYMENT,0
3606.888177390889,2.2224957649860717,1,0,0,TRANSFER,0
570.8940873243595,1.009579182278465,0,0,0,TRANSFER,0
965.5971237053147,0.5250046583047296,0,0,0,PAYMENT,0
923.8504136179413,0.725597745609314,0,0,1,TRANSFER,0
301.6457944846257,3.8573478343533756,0,0,0,PAYMENT,0
842.5304886174911,1.5921169170164515,0,0,0,PAYMENT,0
4172.954002464945,2.0832300313422016,0,0,0,PAYMENT,0
1390.3879720947177,0.48233765612984847,1,0,0,PAYMENT,1
285.413404728632,0.6174354289012445,0,0,0,PAYMENT,0
231.40295582424633,0.6206452513650048,1,0,0,PAYMENT,1
5795.1466325918755,1.1377761553497996,0,0,0,PAYMENT,0
1001.9275661344823,0.8853242811065936,0,0,1,TRANSFER,0
573.9772688899425,0.7098894055718363,0,0,0,PAYMENT,0
833.81223164914,0.7750337402636223,0,0,0,WITHDRAWAL,0
250.30802155394204,0.5735990587370406,0,0,0,PAYMENT,0
4550.9676037989475,0.8817140333001644,0,0,1,PAYMENT,0
740.2197210130166,2.1798387554676744,0,0,0,PAYMENT,0
4304.436559198668,0.34673393672837505,0,0,0,TRANSFER,0
1154.7645096826473,1.2744766242410668,1,0,1,TRANSFER,1
4580.355868192603,2.627584245954948,0,0,0,PAYMENT,0
1417.5630283290882,0.8796501837599465,0,0,0,PAYMENT,0
2574.041891452158,0.6905870676859039,0,0,0,PAYMENT,0
2250.9171763875406,1.9097303234239982,0,0,0,PAYMENT,0
2045.2822249227738,0.5021003324572334,0,0,0,PAYMENT,0
1552.9854857826633,0.9842414156069457,0,0,0,TRANSFER,0
868.8315681649884,0.4829264712910943,0,0,0,PAYMENT,0
7446.018146968031,0.2700709223741797,0,0,0,WITHDRAWAL,0
442.775564344285,0.8990748530956494,0,0,1,PAYMENT,1
1101.3672509248681,0.41297156251532036,0,0,0,PAYMENT,0
1113.0796089833125,0.9918639192024262,1,1,0,WITHDRAWAL,1
1639.9823414365237,2.1826085347894675,0,0,0,PAYMENT,0
713.7461408607383,3.6618877190279187,0,1,1,WITHDRAWAL,1
1502.290624957966,1.067661239518685,0,0,0,PAYMENT,0
926.2622619516285,2.041022856379166,0,0,1,PAYMENT,0
225.4385198586396,1.322169377088413,0,0,1,WITHDRAWAL,0
1107.1587037529698,0.7647704697549043,0,0,1,PAYMENT,0
364.8311584497599,0.25992986151799474,0,0,0,PAYMENT,0
193.56516727433643,3.1222210668565995,0,0,0,PAYMENT,0
1257.4904665708673,0.4798069072887862,0,0,0,PAYMENT,0
1786.2671709027477,2.632514934126527,0,0,0,PAYMENT,0
1856.9637531099809,1.4561054046875366,0,0,0,TRANSFER,1
1933.6616395686385,0.5049938895539493,0,1,0,PAYMENT,0
158.76275469160328,1.2440831753220882,0,0,0,TRANSFER,0
281.1766366688909,4.450594767654528,1,0,0,TRANSFER,1
7891.341595310679,2.929866346925106,0,0,0,WITHDRAWAL,0
384.82598300855864,0.6984447934339829,0,0,0,DEPOSIT,0
2019.9762464373691,0.60751006820411,0,0,0,WITHDRAWAL,0
551.7319763860032,1.0726643778335367,0,0,0,PAYMENT,0
1187.579806670146,0.8906002456414513,0,0,0,PAYMENT,1
582.1602757620238,2.3159411980603863,0,0,1,TRANSFER,1
1922.8065732950072,1.6781842334545927,0,0,0,PAYMENT,0
1257.3657254629352,0.3058779474714006,0,0,0,PAYMENT,0
700.4410628148875,1.3786057726615344,0,0,1,WITHDRAWAL,0
383.68729324297664,0.8821760209866841,0,0,0,PAYMENT,0
1433.3565312742426,1.0263160037852606,0,0,0,PAYMENT,0
326.1251492023904,1.1903651514141222,1,1,0,PAYMENT,1
1681.566438958999,2.314307030136973,0,1,0,PAYMENT,0
15161.04986393359,1.9826911221234125,1,0,0,PAYMENT,0
4230.900151871152,0.5916619021477945,0,0,0,DEPOSIT,0
2249.240509527678,0.9598018928956459,0,1,0,PAYMENT,1
1006.6594997872791,0.7305446150364385,0,0,0,PAYMENT,0
157.78721312956742,0.3081119222048068,0,0,0,PAYMENT,0
292.280396675904,0.926297931946218,0,0,0,PAYMENT,0
3955.225346107879,3.637614462263159,1,0,0,PAYMENT,1
497.8226653209637,0.3016673449122876,0,0,0,PAYMENT,0
544.979348800395,0.9832977990171553,1,0,0,TRANSFER,1
929.2237166642719,0.9614653983207421,0,0,0,PAYMENT,0
379.158279212257,1.2231320587564727,0,0,1,PAYMENT,0
321.57515033106887,0.5097129931629674,0,0,0,TRANSFER,0
1042.6553164900472,0.3687717413179051,0,0,0,PAYMENT,0
449.6504689705536,0.38097620504486984,1,0,0,PAYMENT,0
522.6862712046128,2.5387037873501854,0,0,0,PAYMENT,0
502.1048557383524,0.5026404467637935,0,1,0,PAYMENT,0
1848.9260090256168,0.7049040856440215,1,0,0,PAYMENT,0
869.461721722703,4.363361816286218,0,0,0,PAYMENT,0
917.2940005020187,0.5981109783387609,0,0,0,PAYMENT,0
1992.1025092928628,1.270842058015655,0,0,0,PAYMENT,0
951.4245538281498,2.1057425781382597,1,0,0,PAYMENT,0
830.2660831659529,2.0360346778488054,0,0,0,TRANSFER,0
1755.3970604309561,0.39372465863699646,0,0,0,PAYMENT,0
2139.2227552405557,0.6069270275273377,0,0,1,PAYMENT,0
946.6472204437598,1.235721219929522,0,0,0,WITHDRAWAL,0
1188.690756269609,3.858630084778645,1,0,0,TRANSFER,1
501.8040828291863,0.5868080812683593,0,0,0,PAYMENT,1
463.7367104667092,0.7078457410661477,0,0,0,PAYMENT,0
2366.4530316425266,1.341384239041262,0,0,0,DEPOSIT,0
1711.1861475094902,1.5430496634312851,0,0,0,TRANSFER,0
1728.9999182758525,1.6099092372234705,0,0,0,TRANSFER,0
1452.2282045819,0.5529713399004227,0,0,0,TRANSFER,0
1148.4899549020706,0.6890553372689148,0,0,0,WITHDRAWAL,0
2200.438396922164,1.1628231982760497,0,0,0,PAYMENT,0
2793.6625644271608,2.4196379434706734,0,0,0,TRANSFER,0
2727.7380870018887,0.8462513516931469,0,0,0,PAYMENT,0
991.5031094422382,0.9845098951059238,0,0,0,PAYMENT,0
4389.597121143558,0.4876536269428044,0,0,1,PAYMENT,0
1378.0995367534472,3.684956726131939,0,1,0,TRANSFER,1
2063.9485367920042,1.1140299909481313,0,0,0,PAYMENT,1
1454.0206945532868,2.1263956126307844,0,1,0,TRANSFER,0
1403.896280380678,1.0211485729094498,0,0,0,WITHDRAWAL,0
525.4463068551153,1.0615041860432852,0,0,0,PAYMENT,0
2211.3331287981405,0.3498620924921794,0,0,0,PAYMENT,0
18869.35383706847,0.22189892162604624,0,1,0,PAYMENT,1
753.8586813752713,2.4020766841790158,0,0,0,PAYMENT,0
1177.3185489088423,1.0561611206131498,0,0,0,PAYMENT,0
701.9026615511407,1.15546133225356,0,0,0,TRANSFER,0
673.1580179460315,0.4171382294836291,0,0,0,TRANSFER,0
5138.1556860648225,0.5314506561004134,0,0,0,PAYMENT,0
559.4918618634376,2.1035184619663356,0,0,1,PAYMENT,0
682.6071606214786,3.38076034922749,0,0,0,PAYMENT,0
224.19297494445277,0.6473346986631751,0,0,0,PAYMENT,0
514.0848221393883,1.6000554771352082,0,0,1,DEPOSIT,0
198.66105017107657,1.1422699340537268,0,0,0,PAYMENT,0
2062.7693409038993,0.919090892282191,0,0,0,PAYMENT,0
18028.285530207733,3.6560060709133952,0,0,0,PAYMENT,0
760.0021075354388,0.7281551377262895,1,0,0,TRANSFER,0
207.10834600992834,2.3833304206025128,0,0,0,PAYMENT,0
2697.2814231409116,1.306035642630565,0,0,0,PAYMENT,0
530.1049686909173,0.9882470858032535,0,1,0,PAYMENT,0
4021.2453836088716,2.6127727692505185,0,0,0,TRANSFER,0
827.1375061234967,1.2251878128977516,0,0,1,PAYMENT,0
582.998323624812,0.9347284020901798,0,0,0,PAYMENT,0
917.8577702551256,2.6263880075755295,0,0,0,DEPOSIT,0
2339.697112652004,2.3976367809526513,0,0,0,TRANSFER,0
873.5622300685467,2.319552605924219,0,0,0,PAYMENT,0
667.3237411524309,0.0657784475502929,0,0,0,PAYMENT,0
898.8969468389965,1.3608692337095099,0,0,0,PAYMENT,0
307.3984582067725,1.160071957067345,0,0,0,TRANSFER,0
1631.1353780846987,0.9758910988321808,0,0,0,PAYMENT,0
183.69438142560313,1.5324162587529722,0,0,0,TRANSFER,0
703.3668183059132,1.2000819075462832,0,0,0,PAYMENT,0
2343.4634216906834,1.6071544487570166,0,0,0,PAYMENT,0
1484.819185077423,0.8289683812318086,0,0,0,TRANSFER,0
1978.9478092807942,2.854014047619213,0,0,0,TRANSFER,1
1027.5723189307546,1.7250584504722104,0,0,1,TRANSFER,0
3532.447247546683,1.4619462754590955,0,0,0,PAYMENT,0
2764.732589910716,1.4128284155468094,0,0,0,PAYMENT,0
1713.2389903169446,2.248125853788001,0,0,0,PAYMENT,0
2772.6138358887356,2.0445576353333688,0,0,0,PAYMENT,0
2322.555935103002,0.9240949642284861,0,1,0,PAYMENT,0
706.6507015899922,2.000140176944888,0,0,0,PAYMENT,0
286.0312550695075,1.1295694789282558,0,0,0,WITHDRAWAL,0
1669.6380173577832,3.8261105080769746,1,0,1,DEPOSIT,1
1893.323881428613,2.156333806301678,0,0,0,TRANSFER,0
3263.2274212260527,0.645373201206297,0,0,0,WITHDRAWAL,0
429.9542144326046,5.111523407657995,0,0,0,PAYMENT,1
442.99963261037396,0.22959741227192962,0,0,0,WITHDRAWAL,0
1736.974813798398,1.5622831647968531,0,1,0,PAYMENT,0
1021.3014365236596,0.6142377992544718,1,0,0,PAYMENT,1
166.3740205056078,3.7341723671044513,0,0,1,PAYMENT,0
1595.76442503566,1.1935884164538857,0,1,0,PAYMENT,1
172.01420919687587,0.5736953196673972,0,0,0,TRANSFER,0
426.129567090988,0.8298201415895555,0,0,0,PAYMENT,0
4237.299236969807,0.6066810851895232,0,0,0,WITHDRAWAL,0
6801.367798717607,0.8073129553169895,1,0,0,WITHDRAWAL,0
325.1685396753025,0.7944912302642163,0,0,0,TRANSFER,0
788.8754596641085,0.5910769257157792,1,0,0,PAYMENT,0
1144.3848504217844,1.2080949145916222,0,0,0,TRANSFER,0
6510.860629270042,1.3150266273823896,0,1,0,PAYMENT,0
669.9017448649284,0.4978708993128407,0,0,0,PAYMENT,0
680.6961176473452,0.3132392090601634,0,0,1,PAYMENT,0
5160.173894864343,1.2431761505226446,0,0,1,PAYMENT,0
753.8631457937475,1.4511326447027932,0,0,0,PAYMENT,0
2257.9254065240993,1.6672102713106522,0,1,0,PAYMENT,1
250.34927301259918,1.4708229397624653,0,0,1,PAYMENT,0
924.0509916687304,3.0068762314488042,0,0,1,TRANSFER,0
208.59679157037857,2.009623760766929,1,0,0,WITHDRAWAL,0
381.67376257398064,6.526558253476818,0,0,0,WITHDRAWAL,0
2538.1769222224634,8.762252773251078,0,0,0,PAYMENT,0
1043.2484241111663,0.29209627815478073,0,0,0,WITHDRAWAL,0
797.0315464077872,0.21481092811678446,0,0,0,TRANSFER,1
518.6609405917476,0.9948394531179958,0,0,0,PAYMENT,0
879.4915239309255,1.423278055476116,0,1,0,PAYMENT,1
1481.9486662536613,0.9482666818642101,0,0,0,PAYMENT,0
2930.464454848509,1.6364124451431352,0,0,0,PAYMENT,0
79.42818784572741,0.8276462478548299,0,1,0,WITHDRAWAL,1
477.3446781944499,0.6152260397528629,0,0,0,PAYMENT,0
1285.7484025003073,0.6838452689771519,0,0,0,PAYMENT,0
993.4034583934787,0.8692557803137313,0,0,0,TRANSFER,0
1641.5172450084888,1.8048159879286165,0,1,0,TRANSFER,1
1433.0212920997633,0.7112591082372796,0,1,1,TRANSFER,1
808.4607547369849,0.8168677319376322,0,0,1,PAYMENT,0
647.5181370133487,1.490559854755761,0,0,0,TRANSFER,0
857.9094092290572,0.8700909972337054,0,0,1,PAYMENT,0
3459.0260840215515,2.1851782091027117,0,0,0,TRANSFER,0
527.4172954041312,0.5253690228911247,1,0,0,DEPOSIT,0
1029.8755790167843,0.45137597942102176,1,0,0,TRANSFER,0
1317.3036196326984,1.237682059976706,0,0,1,PAYMENT,0
5220.512884963183,1.3271077146196695,0,0,0,WITHDRAWAL,0
812.1554329754167,0.5458169336255427,1,0,1,PAYMENT,0
2860.6571667734643,2.561304709801813,0,0,0,PAYMENT,0
3759.267498832929,3.847623814958712,0,0,1,TRANSFER,0
1028.900190992242,0.6443598413997437,0,0,0,PAYMENT,0
888.2746812770267,2.8323605226134707,1,0,0,PAYMENT,0
789.1420383901389,0.18871968360782826,0,1,1,PAYMENT,1
849.0999157286119,2.1239521751163233,0,0,0,PAYMENT,0
2576.635766598169,0.5485735365521383,0,0,0,PAYMENT,0
1381.6172016115627,1.9803050081846367,0,0,0,TRANSFER,0
1387.54282383547,0.5102302471366119,0,0,1,TRANSFER,0
355.94509435592204,0.9531897622282932,0,0,0,WITHDRAWAL,0
416.7597524783003,0.5671786658453252,0,0,0,WITHDRAWAL,0
9352.94760784348,0.8609520316743472,0,0,0,WITHDRAWAL,0
917.9787798406351,3.6000467095443116,0,0,0,PAYMENT,1
505.3382486776879,0.9272273800094255,0,0,0,PAYMENT,0
4587.539788598982,4.380711423906073,0,0,0,TRANSFER,0
1453.614582009212,0.7633269811569887,0,0,1,WITHDRAWAL,0
1955.0184639772745,2.8412249871093143,0,0,0,TRANSFER,0
955.2307408175884,0.32046416307272996,0,0,1,TRANSFER,0
797.3764566946813,0.818275388102504,0,1,0,WITHDRAWAL,0
925.5735759996563,0.687098933083874,1,1,0,PAYMENT,1
275.1349844274531,2.9340799257049888,1,0,1,PAYMENT,1
1004.3266446140282,1.1384573568051755,0,0,0,PAYMENT,0
1474.4393237853121,0.23185149529622276,0,0,0,TRANSFER,0
6977.620491533539,0.3996801174013932,0,0,1,PAYMENT,0
1195.1166384562289,0.49220323202202715,0,1,0,PAYMENT,0
106.25299097802198,1.9229014281462704,0,0,0,PAYMENT,0
998.2608023932695,1.7568197926178901,0,0,0,PAYMENT,0
16975.121892504536,0.8103576358061891,0,0,0,PAYMENT,0
2608.071230508315,0.6811608148663594,1,0,0,WITHDRAWAL,1
487.412631134816,1.6511495934145357,0,0,0,WITHDRAWAL,0
1980.5037577420483,0.45354256057960574,1,0,0,PAYMENT,0
522.1665378931364,1.3776350326397448,1,0,0,PAYMENT,0
283.21107861371786,1.297919499922742,0,0,0,PAYMENT,0
774.0454840347595,0.8251313318903584,0,0,0,PAYMENT,0
1201.7407855748888,1.3209809116770979,0,0,0,TRANSFER,0
168.65319359657806,1.0740816819504213,1,0,1,TRANSFER,0
347.5264264534197,1.4165065244723065,0,0,1,PAYMENT,0
1108.0262553407094,0.39302910319003587,0,0,0,TRANSFER,0
729.1116126130221,1.5374902610008614,0,0,0,WITHDRAWAL,0
1627.5177350672595,2.0516019574706825,0,0,0,PAYMENT,0
325.4899783487151,1.2519045032321512,0,0,1,WITHDRAWAL,0
2239.7370477325544,1.5232574419285352,0,0,0,PAYMENT,0
335.7077208375813,0.9259421473173632,1,1,0,PAYMENT,1
5668.808887701388,1.8662532221074197,0,0,0,PAYMENT,0
197.2045895783683,1.0467320626989882,1,0,0,PAYMENT,0
367.7655819472635,0.4477326904642556,0,1,1,PAYMENT,0
1664.6510535985326,1.7756229310286913,1,0,0,PAYMENT,0
5792.001838566933,0.3185734006391175,0,0,0,PAYMENT,0
1502.73646659033,1.218896353449402,0,0,0,TRANSFER,0
1925.340126456249,0.7641768824869031,0,0,1,PAYMENT,0
1116.0343272726204,0.7307469675381031,0,0,0,PAYMENT,0
392.9182385742899,1.1279390579184616,0,0,0,TRANSFER,0
671.7334780182131,0.6086561812092898,0,0,1,TRANSFER,0
326.38911700298826,1.431244305882058,0,1,1,TRANSFER,1
305.2985139504619,1.040558556808851,0,0,0,PAYMENT,0
1638.8481382397472,0.649140716044698,0,0,0,WITHDRAWAL,0
356.6739352950273,2.5516129765692694,1,0,1,PAYMENT,0
1509.5305791214068,1.1541311700829942,0,0,1,TRANSFER,0
298.3231359289774,1.555132348207886,0,0,0,PAYMENT,0
1474.9553839054731,2.695576539098908,0,0,0,WITHDRAWAL,0
672.7120858404512,2.6647892533062474,0,0,0,PAYMENT,0
4476.583995937934,1.500577175402089,0,1,0,WITHDRAWAL,0
1515.8307167873063,0.809077361263007,0,0,0,WITHDRAWAL,0
3773.5930604468845,0.3675879566010359,0,0,0,PAYMENT,0
515.0959961449443,1.1556737304708296,0,0,0,PAYMENT,0
1159.96294571859,2.1515941253981903,0,0,0,PAYMENT,0
411.13138785271684,1.281486040380401,0,0,1,PAYMENT,0
725.1617672853217,0.0897067883115131,0,0,0,PAYMENT,0
843.7833583735663,1.8386718831839155,0,0,0,PAYMENT,0
530.6707536524094,1.9194705798268852,0,0,1,PAYMENT,0
325.21846000782944,0.8098910588495493,0,0,0,PAYMENT,0
266.79556110013505,1.9974136579694208,0,0,0,PAYMENT,0
105.66269357784562,1.5520486843874197,0,0,0,PAYMENT,0
381.3255745086991,0.6188732737763066,0,0,0,PAYMENT,0
2053.896288319004,2.4349124020070927,0,0,0,PAYMENT,0
221.73910054511484,0.4117932622717153,0,0,1,PAYMENT,0
279.18570054027873,0.9607209663910921,0,0,1,WITHDRAWAL,0
6574.136852439952,0.8959222727433878,0,0,0,TRANSFER,0
580.2760567096591,0.5611277356862558,0,0,0,DEPOSIT,0
1511.784483428188,1.236958702138025,0,0,0,PAYMENT,0
2084.5684752396373,2.502419915009956,0,0,1,PAYMENT,1
2127.1240387304774,2.395086411817858,1,0,0,PAYMENT,1
239.2922885567461,1.6595806505754522,0,0,0,PAYMENT,0
870.3890713251931,0.30509082652636543,0,1,0,WITHDRAWAL,0
217.40733863358395,0.39252046200803287,0,0,1,TRANSFER,0
12661.458050221154,1.1233534727854886,0,0,0,DEPOSIT,0
222.54397799476695,0.9763203404383068,0,0,0,WITHDRAWAL,0
384.5830579645458,0.7056359124546177,0,0,0,PAYMENT,0
387.37729677277844,3.795158738191922,1,0,0,PAYMENT,0
245.51045264095916,1.0769167608589123,0,0,0,PAYMENT,0
4241.1676936510785,1.4618297709848895,0,0,0,TRANSFER,0
12362.808141038346,1.9967596999326542,0,1,0,TRANSFER,0
681.4690807402828,1.0392205019518452,0,0,0,PAYMENT,0
292.8254955187822,6.1333648685109505,0,0,0,WITHDRAWAL,0
117.10541373663229,0.517751121966217,0,0,0,TRANSFER,0
859.1051132357097,0.6542602225045044,0,0,0,WITHDRAWAL,0
799.2186611416298,0.5168627039000819,0,0,0,PAYMENT,0
571.7511667925501,2.985779346880072,0,0,0,TRANSFER,0
1368.369623051483,1.7532305452011716,0,0,0,TRANSFER,0
1628.1067942024965,0.6832418798071263,0,0,0,PAYMENT,0
1514.8675038857034,0.5462309198775402,0,0,0,PAYMENT,0
799.4109372691996,2.636423728301011,0,0,0,PAYMENT,0
364.44591912951256,1.2881169210014491,0,1,0,PAYMENT,0
2134.1700138987353,2.683958019674961,0,0,0,TRANSFER,0
1110.442384409341,0.9587695402466181,1,0,1,WITHDRAWAL,0
2666.0613829465674,1.430572517023659,0,0,0,DEPOSIT,0
2416.500140609113,1.2338746729181496,0,0,0,PAYMENT,0
264.6049425815406,0.646050287332132,0,0,0,TRANSFER,0
261.3283839516411,0.9040226069936534,1,0,0,PAYMENT,0
515.1505980217006,0.4364801670663544,1,0,0,PAYMENT,0
381.35648418696144,1.4132256358306239,0,0,0,WITHDRAWAL,0
2333.7968647847397,1.7038222719060063,0,0,1,WITHDRAWAL,0
1558.2359762789556,1.9999313202068123,0,0,0,DEPOSIT,0
3291.7808653994052,1.5945338320640503,0,0,0,PAYMENT,0
1630.247002197339,0.9141623517633268,0,0,0,TRANSFER,0
1351.0665301647828,2.9635250396304373,0,0,0,PAYMENT,0
3639.9665839101053,1.8675285792917469,1,0,0,TRANSFER,0
1754.1283392673522,2.64317913681694,0,0,0,PAYMENT,0
1173.916605582399,2.7618498566296776,0,0,0,PAYMENT,0
4819.632859573999,0.9158343615012052,0,0,1,DEPOSIT,0
1230.5061689077895,1.3119513641475076,0,0,0,PAYMENT,0
808.8871345948668,1.7197787149471766,0,0,0,WITHDRAWAL,0
474.45972765440735,0.44735659475456124,0,0,0,PAYMENT,0
2215.0393754440584,0.45435283159781703,1,0,1,WITHDRAWAL,1
3778.3796845823235,0.4027182261828216,0,0,0,WITHDRAWAL,0
1042.5371604638788,0.92712204893012,0,0,0,PAYMENT,0
4055.8502491962977,0.7918985875032081,0,0,0,PAYMENT,0
152.9307138281932,0.36605582136975445,0,0,0,WITHDRAWAL,0
1037.4765248435895,1.1102117461059775,0,0,0,PAYMENT,0
1053.5335594096744,0.9352576354610508,0,1,0,PAYMENT,0
530.0681735388192,2.2877484380175885,0,0,0,PAYMENT,0
11894.852684249314,4.092210773313405,0,0,0,PAYMENT,0
1026.3944102508922,1.3764603473081578,0,0,0,PAYMENT,0
729.43424614923,0.6140730616760465,0,0,1,PAYMENT,0
1125.476874686679,1.5725634588110622,0,0,0,PAYMENT,0
147.99615023115908,1.0065332957988082,1,0,0,DEPOSIT,1
512.9262510270447,0.8452797192986887,0,0,0,PAYMENT,0
2931.413384369706,0.5471015828099075,1,0,0,PAYMENT,0
584.6741275305448,0.7225605708265921,1,0,1,WITHDRAWAL,0
478.7242902378137,0.8829791353860889,0,0,0,TRANSFER,0
4062.3854792370926,1.7556997133342225,0,0,0,PAYMENT,0
4189.155331019898,1.4300621520301937,0,0,0,PAYMENT,0
1839.0243624183645,3.5891065513990217,0,0,0,PAYMENT,0
695.675047797662,1.6032561447009857,0,0,0,DEPOSIT,0
863.0985980316138,1.3458239762079238,0,0,0,WITHDRAWAL,0
490.70838874973424,0.8070567783865737,0,0,0,PAYMENT,0
405.5429882856406,0.48373207611042635,0,0,0,PAYMENT,0
385.9020233361156,0.6710407528880982,0,0,0,TRANSFER,1
591.0765842645653,0.6126955857067374,0,0,0,WITHDRAWAL,0
389.66173215847925,0.16652084660700006,0,1,1,PAYMENT,0
229.58994764588917,0.4935938589577513,0,1,0,DEPOSIT,1
1365.6730591967828,3.0695986892981946,0,0,0,WITHDRAWAL,0
1386.5800253181803,1.2943648986121172,0,0,0,PAYMENT,0
6007.672963327159,0.7683063756618047,0,0,0,PAYMENT,1
562.0898045187733,1.3217225863494388,0,0,0,PAYMENT,0
1474.538870349362,0.2547727855707544,1,1,0,WITHDRAWAL,0
1499.2384816456008,1.2183145674774212,0,1,0,PAYMENT,0
850.7875405917963,2.4454877314609575,0,0,0,WITHDRAWAL,0
2308.4546310397004,0.9187133109038421,0,0,0,WITHDRAWAL,0
2380.8889059981525,0.28927060821566436,0,0,0,TRANSFER,0
1521.4378112677368,0.7484443890988552,0,0,0,PAYMENT,0
849.2556797278435,2.4485191089715492,0,0,1,PAYMENT,1
766.9870301996458,1.1984640274857368,0,0,0,PAYMENT,0
279.2887243983398,0.37053140783459904,0,0,1,PAYMENT,0
489.8416724207593,5.245341899022435,0,0,0,TRANSFER,0
588.7446016392236,0.4157521617133385,0,0,0,PAYMENT,0
356.3909268749945,0.8436249905423869,0,0,0,PAYMENT,0
1702.6207603330888,0.48375814360389574,0,0,0,TRANSFER,0
3628.693223744969,0.48422703075399426,1,0,1,PAYMENT,0
442.2775241220077,0.7286907989754533,0,0,0,WITHDRAWAL,1
1455.9901094081306,1.5609663925921142,0,0,0,TRANSFER,1
389.8994402918316,2.467910920654553,0,1,0,PAYMENT,1
808.4168500863683,0.7631369916072902,0,0,0,WITHDRAWAL,1
549.8636953203988,0.493071794413047,0,0,0,PAYMENT,0
2001.9873648798853,1.3980068192512771,0,0,0,PAYMENT,0
556.2466584368252,1.4270002379604492,0,0,0,PAYMENT,0
3015.9206337339438,1.1832482784709428,1,0,0,PAYMENT,0
857.721304110019,1.2129044667574989,0,0,0,WITHDRAWAL,0
572.7196273410907,0.924227974206366,0,0,0,WITHDRAWAL,0
313.1538920663979,1.0711208228155589,0,0,0,TRANSFER,0
1412.6243722508289,0.8805964737535406,0,0,0,PAYMENT,0
2684.4157949006303,2.115244923625046,0,0,0,PAYMENT,0
1441.329537509001,4.758448408450674,0,0,1,PAYMENT,1
10289.010536338687,1.1340068050290821,0,0,0,PAYMENT,0
4581.526197390383,0.995409992848592,0,0,0,WITHDRAWAL,1
806.3131860090552,1.196143887998433,0,0,1,PAYMENT,0
797.8914544399732,0.6309395251780312,0,0,0,PAYMENT,0
1754.074628241932,1.7082763159555903,0,0,0,TRANSFER,0
474.3667798281816,1.3618219691298106,0,0,0,TRANSFER,0
3520.2535826836865,0.7450312273090984,0,1,0,DEPOSIT,1
1574.3543360492163,1.8803290221852325,0,0,0,DEPOSIT,0
1417.2291065643108,1.0133815803881787,1,0,0,PAYMENT,0
2179.7242735715577,0.5071037572441383,0,0,1,WITHDRAWAL,0
6141.534345758668,1.2790570308574603,1,0,0,DEPOSIT,0
1301.0870055603332,1.180448855751938,0,0,0,WITHDRAWAL,0
979.4190885552907,1.9587229451274741,0,0,0,WITHDRAWAL,0
4957.811156983131,1.7897623846801538,0,0,0,TRANSFER,0
2885.779739238648,0.926391422245752,0,0,0,PAYMENT,0
795.5392285346837,0.7185924898164447,0,1,0,WITHDRAWAL,1
1102.3355648389354,1.0012213703064035,0,0,0,PAYMENT,0
1333.2580881297777,1.2895795251805446,1,0,0,WITHDRAWAL,0
1574.68880026735,1.403021414594669,0,1,0,PAYMENT,0
282.421362515921,1.2348982100799908,0,0,1,PAYMENT,0
234.51402453054834,0.9384428119224932,0,0,0,WITHDRAWAL,0
451.51562449128073,2.0092708880818333,1,1,0,PAYMENT,0
417.908102129328,0.6237464484094942,0,0,0,PAYMENT,0
576.0393567355208,5.672230442605028,0,0,0,TRANSFER,0
2068.7723487537974,1.7059962758711384,0,0,0,PAYMENT,0
926.1820778594192,0.454189947344285,0,0,1,WITHDRAWAL,0
1334.6102825196053,1.1384418527498137,0,1,0,WITHDRAWAL,0
322.36891547308517,1.7175149723854646,0,0,1,PAYMENT,0
691.1506359748817,0.783050277360977,1,0,0,TRANSFER,1
1972.8957409947202,0.35112926979515874,0,0,0,PAYMENT,0
1988.1353296749992,0.4831902748485501,0,0,0,TRANSFER,0
531.3527810896647,1.4615025656256357,0,0,0,PAYMENT,0
1289.0520553057115,0.2928099454421399,0,1,1,PAYMENT,0
9885.732682372323,0.362568738109575,0,0,0,WITHDRAWAL,0
1077.5035005515458,1.4561330452816799,1,0,0,PAYMENT,0
548.2947755195837,0.8557436244971816,0,0,0,WITHDRAWAL,0
921.7164245068874,0.6144386005394303,0,0,0,PAYMENT,0
1202.5229746396385,0.7072914217863582,0,0,0,WITHDRAWAL,0
942.7787384474625,0.3571606247955701,1,1,1,TRANSFER,1
1062.7820233553698,1.4037081327249186,0,1,0,TRANSFER,0
258.92882139565336,0.5685986303881201,0,0,0,PAYMENT,0
418.78996815047145,0.6872710457921059,0,0,0,TRANSFER,0
944.5085723085643,1.2747493813103037,0,1,0,PAYMENT,1
929.5792179830739,0.8355715687606676,0,0,0,TRANSFER,1
622.5417691599802,0.610634122464336,0,0,0,WITHDRAWAL,0
918.7246092214089,0.24842683650299943,0,0,1,TRANSFER,1
1165.6275091061234,1.2933012941651005,0,0,0,PAYMENT,0
2668.8780484894614,1.0568524218561097,0,1,0,WITHDRAWAL,0
993.057199171016,0.6961631603169728,0,0,0,TRANSFER,0
1634.5179454930162,0.4837537059316872,0,0,0,TRANSFER,1
638.0391841144206,1.008973759970374,0,0,0,WITHDRAWAL,0
1943.2084449916708,1.3998012081605324,0,0,0,PAYMENT,0
1596.7575129989236,1.0708269676483482,0,1,0,PAYMENT,0
2606.639188135848,3.1476176475907938,0,0,0,PAYMENT,0
2238.274336468374,1.6377807952199586,1,0,0,TRANSFER,0
1975.8137600541072,0.9276524209260779,0,1,0,PAYMENT,1
993.8463242581498,1.6766455975107146,0,0,0,TRANSFER,0
1400.996750674921,1.0346504030977053,1,0,0,PAYMENT,1
3176.416420221387,1.0321406310429475,0,0,0,TRANSFER,0
571.3062642627399,2.4780071240391157,1,0,0,PAYMENT,0
584.9885189443613,0.5333163441234053,0,0,0,PAYMENT,0
1314.7888980864313,1.0164505988452868,0,0,0,PAYMENT,0
1661.1737175468245,2.2997421359713908,0,0,0,TRANSFER,0
481.01261709861905,1.2414665603453499,1,0,1,PAYMENT,0
1017.6358649272563,0.7723348420568685,0,1,0,TRANSFER,1
998.2474842413554,0.30291233591033984,0,0,1,PAYMENT,0
119.66783756003277,0.20408007053271013,0,0,0,TRANSFER,0
880.4261140099801,4.277320802375329,0,0,0,PAYMENT,1
936.9989551641678,1.2410505949298312,0,0,0,PAYMENT,0
934.2154229369122,0.6644130913885837,0,0,0,WITHDRAWAL,0
4518.404729494894,1.2771356825074904,0,0,1,DEPOSIT,0
325.1223917674276,0.5151115000440321,0,0,0,PAYMENT,0
480.7644440269437,0.793072295689035,0,0,1,PAYMENT,0
80.463543146906,0.5175452722320009,0,0,0,TRANSFER,0
677.9566404968687,0.3718400429711315,0,0,1,DEPOSIT,0
738.3045773330849,0.22912456712273133,0,0,0,PAYMENT,0
658.538393303867,0.3268152754583149,0,0,0,TRANSFER,0
3319.858164572911,2.0439852064293125,1,0,1,PAYMENT,0
2593.121191350015,0.501166261911921,0,0,0,PAYMENT,0
1185.425101008297,1.4541542763492505,0,0,0,PAYMENT,0
757.0179358306519,1.9535596556800743,0,0,0,TRANSFER,0
3060.0595884511263,1.0116733880018847,0,0,0,TRANSFER,0
1075.178679420377,0.8113976303787622,0,0,0,TRANSFER,1
483.82823679771946,1.097589096912711,0,0,0,PAYMENT,0
197.10790551565773,0.7470417116145034,0,0,0,PAYMENT,0
705.3439146782379,2.3227143574432727,0,0,1,PAYMENT,0
2332.377977174087,3.7194422040754285,0,1,0,PAYMENT,0
10684.385862974375,2.75899996144165,0,0,1,PAYMENT,0
1166.321836247384,0.22177448109900003,0,0,0,TRANSFER,0
510.1192311074143,0.7364464671433097,0,0,0,PAYMENT,0
335.30306406708024,1.0029156393794247,1,0,0,WITHDRAWAL,0
1904.462120608632,1.3828416826872856,0,0,1,TRANSFER,0
187.8011983258698,0.2984597558858998,0,0,0,PAYMENT,0
1901.398793523975,0.29510898143876624,0,0,1,WITHDRAWAL,0
2484.214038633499,2.496158187092001,0,0,0,PAYMENT,0
1696.4268298510171,0.6761207984125368,0,0,0,PAYMENT,0
880.3665264277664,0.3530362850161951,0,1,0,TRANSFER,0
1929.3542753253328,0.4618345516240906,0,0,0,DEPOSIT,0
1301.0649119124482,1.3143368611285622,1,0,0,PAYMENT,0
503.6472680842585,0.5622642293884244,0,0,0,PAYMENT,0
6977.265259668841,1.1842834990066822,0,0,0,WITHDRAWAL,0
771.4876164336931,0.5040352091518492,0,0,0,PAYMENT,0
2382.134707182415,0.29495275465834553,0,0,0,WITHDRAWAL,0
97.64961525796093,2.7103183877762205,0,0,0,PAYMENT,0
3930.299390619587,1.3214543863603918,0,0,0,DEPOSIT,0
4763.6227736863075,0.7916581549616598,0,0,0,PAYMENT,0
1129.8428001603195,0.6942291364473683,0,1,0,WITHDRAWAL,1
1917.4875391597345,2.7882948896811266,0,0,0,TRANSFER,0
1916.997006725534,1.5129645917719934,0,0,1,DEPOSIT,1
576.63900551561,2.231712263809373,0,0,0,PAYMENT,0
1895.280836921538,0.6645900635195237,0,0,0,PAYMENT,0
488.5146838685783,1.0361030190445242,0,0,0,PAYMENT,0
596.5977354741815,1.325167996480407,0,0,1,WITHDRAWAL,0
3384.4379940357735,0.6804177191672003,0,0,0,PAYMENT,0
2906.3628267807135,0.9353144684912231,0,0,0,PAYMENT,0
541.1110348922567,0.6646283691517488,0,0,0,PAYMENT,0
526.5907368908648,1.322258736514891,0,0,1,TRANSFER,0
575.0191804482587,0.39654096977001746,0,0,0,TRANSFER,0
2281.6167384391624,1.4923902264656939,0,0,0,PAYMENT,0
403.4349333987566,1.2429644863708271,1,0,0,TRANSFER,1
1566.677852715864,0.8673471575422322,0,1,0,PAYMENT,0
2314.2635862772095,1.3697962442529772,0,0,0,DEPOSIT,0
1004.0072784794286,0.7745614160345895,0,0,0,WITHDRAWAL,0
3011.108904971242,0.6255703290098434,0,0,0,PAYMENT,0
808.9117537957628,1.4631743799691563,0,0,0,PAYMENT,0
885.4928644777708,1.5081893171882481,0,0,0,TRANSFER,1
412.7135500340717,0.7011109243468961,0,0,0,WITHDRAWAL,0
3032.6052502035022,0.6602500813657518,0,0,0,WITHDRAWAL,0
509.52532296185416,0.8797817280064295,0,0,0,PAYMENT,0
1555.8414718678962,0.6794959830940285,0,0,0,PAYMENT,0
1021.1491940177522,2.9083426327359105,0,0,0,PAYMENT,0
382.68681409073696,1.2479884310795306,0,0,0,PAYMENT,0
596.3912170524999,1.0102725677283608,0,0,0,DEPOSIT,0
4371.547039428189,0.520530142686728,0,0,0,WITHDRAWAL,0
1341.6527690172977,1.6774799088067343,0,0,0,PAYMENT,0
399.7541202121412,0.6517309667061195,0,0,1,PAYMENT,0
1488.2084416680893,0.6332290222590738,0,0,1,TRANSFER,1
947.555933948722,1.717432192788455,0,1,0,PAYMENT,0
34684.4383303912,1.3114401764651022,0,0,0,TRANSFER,0
1458.441737056064,0.17335507584139587,0,0,0,TRANSFER,0
749.4766424895074,0.8954404716875685,0,0,0,TRANSFER,0
4537.030117264649,1.0918393317310884,0,0,0,PAYMENT,0
173.9840855555473,0.7884255403610728,0,0,0,TRANSFER,0
1205.1028034849355,1.1187976322158002,0,1,0,TRANSFER,1
8058.063085763111,0.2817369056985973,0,0,0,TRANSFER,0
976.3300699257012,0.13783273150579564,0,0,1,TRANSFER,0
193.77524477370122,0.5051864212383563,1,0,0,WITHDRAWAL,1
738.1020067588955,1.2184419900019097,0,0,0,PAYMENT,0
4696.242692973455,0.10461489268873937,0,0,0,PAYMENT,0
1597.2993826833779,0.5540600264743583,0,1,0,PAYMENT,0
473.9699345611538,0.26029682137690263,1,0,0,TRANSFER,1
552.6678525766711,0.8438024120225857,0,0,0,PAYMENT,0
626.5945801415311,3.9374349389308114,0,0,0,PAYMENT,0
1573.7205690971462,0.8589683556525369,0,0,0,PAYMENT,0
4180.541794124491,0.9275097320942494,1,0,0,WITHDRAWAL,0
3141.3974032891692,1.799415083625275,1,1,0,TRANSFER,1
1730.2344215690068,1.0150263679857474,0,0,1,PAYMENT,0
289.5578892651624,0.860282685967672,0,0,0,PAYMENT,0
290.6347970364991,1.9129607005798754,0,0,0,PAYMENT,0
1869.1742246340168,1.3914147083596264,0,0,0,WITHDRAWAL,0
285.58191398212404,1.223894555725942,0,0,0,WITHDRAWAL,0
875.1829751307623,0.9074234157183297,0,0,0,TRANSFER,0
1486.456600404994,0.7848636321403465,0,1,1,PAYMENT,1
351.5690038976697,1.9003149197262124,0,0,0,WITHDRAWAL,0
393.75845606943324,0.7901568302533194,0,0,1,PAYMENT,0
998.1254156821227,2.3676005486079674,0,0,0,TRANSFER,0
1814.6543495147594,0.48046424932839066,0,0,0,PAYMENT,0
3170.101135842793,2.7282183255914596,0,0,0,PAYMENT,0
2012.3398626456506,1.3915636711784678,0,0,0,PAYMENT,0
1180.4566038075136,0.5076442123653463,0,0,0,PAYMENT,0
519.9877462754691,1.4280145374984463,0,0,0,WITHDRAWAL,0
375.81349791718657,0.6343134609530867,0,0,0,TRANSFER,0
657.9460332805584,1.023675557508913,0,0,0,WITHDRAWAL,0
1652.3199092173666,0.7113156496548727,0,0,1,TRANSFER,0
1535.5189892566154,0.9111584064516554,0,0,0,PAYMENT,0
134.3029426453833,1.932861516027769,0,0,0,PAYMENT,0
499.8574569775285,1.4375757047875322,0,0,0,TRANSFER,0
3657.399122829856,0.45486446922501256,0,0,0,PAYMENT,0
1187.0363858995072,0.4734696293559181,1,0,0,PAYMENT,0
265.86564492109466,1.2086970088367834,0,0,1,PAYMENT,0
11565.955388635984,1.2715428285884112,0,0,0,TRANSFER,0
1065.3495792229055,0.6236839772774032,0,1,0,TRANSFER,0
1610.5547426985017,3.046278976464275,0,0,0,PAYMENT,0
1635.207123005171,1.7672885088320276,0,0,0,WITHDRAWAL,0
759.3057537091412,0.6453880883460847,1,0,0,DEPOSIT,0
529.7611889839079,0.6031564150769282,0,0,0,TRANSFER,0
9151.517440999529,0.8525961846676623,0,0,0,PAYMENT,0
2990.529884613975,0.7927097910050322,0,0,0,TRANSFER,1
2494.733530573692,2.4092373511405984,0,0,0,PAYMENT,0
1951.3743373939096,1.992053629214454,0,0,0,PAYMENT,0
402.0926801317052,1.024852458651892,0,0,0,TRANSFER,0
3934.464997920014,1.6072648648534307,0,0,0,DEPOSIT,0
471.94730716353604,1.7790555941872157,0,0,0,PAYMENT,0
1455.764976008228,1.0416255375477403,1,0,0,PAYMENT,0
212.8547683747223,1.3255574335837923,0,0,0,PAYMENT,0
142.4713816983322,1.5157817126939297,0,0,0,TRANSFER,1
1507.6255408601257,1.4068089823573842,0,0,0,TRANSFER,0
488.2857231651263,0.5797474623896218,0,0,0,PAYMENT,0
150.02957310581624,0.6222602719340238,0,0,0,PAYMENT,0
1882.9773557240828,0.8170816394882109,0,0,0,WITHDRAWAL,0
9136.93958683239,0.60977515060455,0,0,0,WITHDRAWAL,0
4400.882018556682,0.35658936374634886,1,0,1,WITHDRAWAL,1
847.8316708521687,1.605068400269636,1,0,0,PAYMENT,0
1106.376241804743,1.2744130106640115,0,0,0,WITHDRAWAL,0
2664.325627628892,0.3915834610923269,0,0,0,PAYMENT,0
3368.180679430202,0.844811546653975,0,1,0,PAYMENT,0
777.7960016925514,0.8789739021919204,0,1,0,PAYMENT,0
1134.7614319693673,1.1358270908519643,0,0,0,DEPOSIT,0
1481.2103058182392,0.4689093963030492,0,0,0,PAYMENT,0
1908.1249175493278,0.38759435417015314,1,0,1,DEPOSIT,0
959.9906626311872,1.4387967114600404,0,0,1,DEPOSIT,0
972.5434517247834,0.34171664504733196,0,0,0,WITHDRAWAL,0
4358.278111374367,0.8497063624366906,0,0,1,PAYMENT,0
3675.7802514922855,0.7959220460505142,0,0,0,PAYMENT,0
1767.6576250165788,0.9173198906807953,0,0,0,PAYMENT,0
6118.725303209107,1.1935145226294737,0,0,1,PAYMENT,1
745.126675216864,3.0617891433422724,1,1,1,PAYMENT,0
5557.887942550723,0.3263957945192932,0,0,0,TRANSFER,0
1886.569620928123,1.8470820209883094,0,0,0,WITHDRAWAL,0
28883.509976800073,0.17230130968420615,0,0,0,WITHDRAWAL,0
332.79213412217035,2.6527525636203246,0,0,0,PAYMENT,0
550.4052074490381,0.2393068789429172,0,1,0,PAYMENT,0
1667.028248304079,5.5040063075507994,0,0,0,PAYMENT,0
1631.4656359886803,0.7612164899979835,0,0,1,WITHDRAWAL,0
7708.963210548545,2.467654594249685,0,0,0,PAYMENT,0
562.0693926291624,2.1359450954443626,0,0,0,PAYMENT,0
2710.5816414718734,0.7367236936698632,0,0,0,PAYMENT,0
3506.8132731493774,0.777381193236625,0,0,0,TRANSFER,0
2218.63591258269,0.556542759804834,0,0,0,PAYMENT,0
419.47488619641393,1.7352632248651427,0,0,0,DEPOSIT,0
4481.704874020887,0.7434693982656974,0,0,1,DEPOSIT,0
3749.3018613105087,0.5636687799224328,0,0,0,WITHDRAWAL,0
1997.3658566989582,1.4565828931602633,0,0,1,PAYMENT,0
1345.2668679794888,0.5336455048918748,0,0,1,WITHDRAWAL,0
1374.8611319355466,0.7943051241384823,0,0,0,PAYMENT,0
1013.6005866249126,1.0778562398784275,0,0,0,PAYMENT,0
2081.37733586054,0.6378190589754337,0,0,0,PAYMENT,0
1131.3137567058457,0.7088693261900352,0,0,1,TRANSFER,0
469.4092666250333,2.928493833317385,0,0,0,PAYMENT,0
384.2941808203568,0.8667847176882232,0,0,0,PAYMENT,0
516.9590923594014,0.7774477250522933,0,0,1,DEPOSIT,0
1369.4058553786112,0.884628411065803,0,0,0,PAYMENT,0
1067.467354707373,1.374539123398628,0,0,1,PAYMENT,0
1360.141195128694,0.4849523802718052,0,0,0,WITHDRAWAL,0
1809.5131922844064,1.348578102962978,0,0,0,WITHDRAWAL,1
585.6246609761836,1.1961094121098796,0,1,1,PAYMENT,1
4748.8614252341085,0.28591555647150474,0,0,0,PAYMENT,0
839.0658359641078,3.511273957164273,0,0,0,PAYMENT,0
710.9293197436255,2.780329629772986,0,0,0,PAYMENT,0
1776.4748127330445,0.5709840215906746,0,0,0,PAYMENT,0
174.77331609063972,0.45580117860116676,0,0,0,PAYMENT,0
497.43532605912213,1.1730838469795286,0,0,0,TRANSFER,0
2925.067389926983,0.3685774911199895,0,0,0,PAYMENT,0
192.9783624453718,2.5986655612314555,0,0,0,PAYMENT,0
3352.8774516551616,0.7204223692381855,0,0,0,PAYMENT,0
4969.808396617686,3.1119976457729726,0,1,0,PAYMENT,1
757.894854905896,0.5615343342666039,0,0,0,TRANSFER,0
1468.2298455053506,0.9244637309662085,0,0,0,TRANSFER,0
3357.9538184606304,2.4279537504564592,0,0,0,DEPOSIT,0
687.6024330410023,0.7975046323527789,0,1,0,PAYMENT,0
2611.7493387273503,1.2098110860922209,0,0,1,PAYMENT,0
560.5123100363408,2.148695962263582,1,0,0,TRANSFER,1
680.2073693904725,0.6775762302498339,0,0,0,PAYMENT,0
493.0761061585262,0.41345054882653665,0,0,0,PAYMENT,0
1544.7960886957057,0.3601994340632012,0,0,0,TRANSFER,0
3491.089180341725,1.5044132041654152,0,0,0,PAYMENT,0
912.2253628012827,1.312777170743804,1,0,0,PAYMENT,0
307.5848056907826,2.10257802163112,0,0,0,PAYMENT,0
371.40502462829517,0.8254461067911336,0,0,0,PAYMENT,0
1627.1729823195665,0.36732212896219485,0,0,0,PAYMENT,0
6933.475026967105,0.19264105999769252,0,0,0,PAYMENT,0
1625.7507682729513,7.445231601993883,0,0,0,TRANSFER,1
744.7908564339369,1.4460650559039727,1,1,0,PAYMENT,1
2359.450346458489,1.1004885628636174,0,0,0,PAYMENT,0
863.0748023252763,1.2153691189020956,0,0,0,PAYMENT,0
751.2321931718054,0.36716745153954744,1,0,0,PAYMENT,1
420.5405444164854,0.573263164017643,0,0,0,PAYMENT,0
4484.798492371195,3.38830938190521,0,0,0,WITHDRAWAL,0
86.55604147719508,1.585410081076402,0,0,0,PAYMENT,0
2435.3827262716345,0.5859514396445723,0,1,0,WITHDRAWAL,0
689.698856316419,0.42368258276762655,0,1,0,DEPOSIT,0
727.5329343086973,0.6969888424857156,0,0,0,PAYMENT,0
5956.957577310776,0.8018758744902468,1,0,1,PAYMENT,0
536.9306312181709,4.197135316572319,0,0,0,PAYMENT,0
555.534573669321,0.876527532563678,0,0,0,WITHDRAWAL,0
962.5690088328473,0.4348795212522869,0,0,0,DEPOSIT,0
1658.7961141660426,0.9598083455269715,0,1,0,TRANSFER,1
704.9622235130155,1.2032628732357422,0,0,0,WITHDRAWAL,0
227.2705298756668,0.40804304637952304,0,0,0,TRANSFER,0
461.4168291237829,1.3251370315346178,0,0,1,TRANSFER,1
3949.458881416794,2.3308690167167687,0,0,1,WITHDRAWAL,0
1181.7796852972522,1.1019373944527866,0,0,0,PAYMENT,0
1721.734141514178,0.5723837583833284,0,0,0,PAYMENT,0
844.3598724080042,0.6905897707201225,0,0,0,TRANSFER,0
567.0810868536968,0.3131148622661956,0,0,0,TRANSFER,1
5869.762487307957,0.9105698525451957,0,0,0,PAYMENT,0
908.5120423496933,1.243022569669591,0,0,0,PAYMENT,0
703.8956498120424,0.533848702186598,1,1,1,PAYMENT,1
3281.783705950345,3.887592633285513,0,0,0,PAYMENT,0
532.5302167971568,1.7412367677759877,1,0,0,PAYMENT,0
605.0267404990095,0.2850917737861473,0,0,0,PAYMENT,0
1107.927779268131,0.28921532735320893,0,0,0,PAYMENT,0
1096.9294035344892,0.5021699544566108,0,0,0,PAYMENT,0
1421.7038816181616,3.007862774091083,0,0,0,PAYMENT,0
8880.996866224106,1.8657165667261781,0,0,0,WITHDRAWAL,0
1534.9425710925173,3.116150845728351,0,0,0,TRANSFER,0
101.69173560341046,1.0071720977697103,0,0,0,PAYMENT,1
1519.7466820895693,0.8636026346471689,0,0,0,TRANSFER,0
1138.970421741372,0.41758939400140815,0,0,0,PAYMENT,0
1145.3322222636682,1.277338667490071,0,0,1,TRANSFER,0
1402.4097828808203,0.8716932305110364,1,1,0,WITHDRAWAL,1
1065.6302768317578,0.8485124399247044,0,0,0,PAYMENT,0
1040.4284796440572,3.1038261387046506,0,0,1,PAYMENT,0
2024.4315210256366,0.9153562712490234,0,0,0,TRANSFER,0
637.7326826335978,2.538788530700378,0,0,0,PAYMENT,0
425.0954212708922,0.32901489265923056,1,0,1,WITHDRAWAL,1
22556.56543402263,6.5645145706592585,0,0,0,WITHDRAWAL,0
536.0044998181971,0.770058091688567,1,0,0,PAYMENT,1
1212.1402920659039,1.6405455128141517,0,0,0,TRANSFER,0
245.75614139316204,1.8338013235069255,0,0,0,WITHDRAWAL,0
1232.0915052182509,0.7059931731726267,0,0,1,WITHDRAWAL,0
431.287296528894,1.7741493401046806,0,0,0,PAYMENT,0
704.5272828623006,1.839883443346045,0,0,0,PAYMENT,0
3118.3667487336716,0.6070153798695356,0,0,0,PAYMENT,0
1758.1362329320139,0.6120690616963732,1,0,1,TRANSFER,0
1936.0585779315265,1.0322230489807276,0,0,0,PAYMENT,0
186.56788390226714,0.9223359384523733,0,0,0,PAYMENT,0
6883.587058419153,2.6516738101947834,0,0,0,PAYMENT,0
332.99207438718656,1.6353677939201672,0,0,0,PAYMENT,0
5057.162399130166,0.9518988511532627,1,0,0,PAYMENT,0
3045.876129394122,1.5284506436161016,0,0,0,PAYMENT,1
1953.4117571032457,0.23867388554318894,0,0,0,PAYMENT,0
466.3867469917079,0.6500424038407355,0,0,0,TRANSFER,0
1276.133196998761,1.2232052967004947,0,0,0,PAYMENT,0
684.7669691451415,2.1831217575067363,1,0,0,PAYMENT,0
1128.9458176046949,1.1500880840396996,0,0,0,PAYMENT,0
854.1678677419138,2.7753234528303414,0,0,0,PAYMENT,0
142.79206675533058,1.835942365962609,0,0,0,PAYMENT,0
3367.022666126063,0.7104685501258522,0,0,0,TRANSFER,0
1011.1998180427122,0.9066294543782647,0,0,0,TRANSFER,0
675.3287440248522,1.3309529379418474,0,0,0,PAYMENT,0
626.2018524763778,0.7304862380881357,0,0,0,DEPOSIT,0
1569.417132720743,2.920933113184108,0,0,0,TRANSFER,0
448.65026378898705,0.46019346860090804,0,0,1,WITHDRAWAL,0
114.98761668048348,1.2476658869287536,0,1,0,PAYMENT,0
1647.690357926548,1.6733251749964944,0,0,0,PAYMENT,0
1842.913455281011,0.8029901010083363,0,0,0,TRANSFER,0
898.1779177269038,0.6858066564748908,0,0,0,TRANSFER,0
347.9633384036344,0.9481363978245745,0,0,0,TRANSFER,0
1198.6312273710091,1.7654382484155002,0,0,0,PAYMENT,0
253.52631686002175,0.704763073740068,0,0,1,PAYMENT,0
392.5914105830763,0.47319636396476045,0,0,0,WITHDRAWAL,0
517.6514107450383,2.2376122642957275,0,0,0,PAYMENT,0
2550.2306139120324,1.3224783724146714,1,0,0,TRANSFER,0
763.0999734956264,2.024859268978328,0,0,0,PAYMENT,0
700.7376656322374,1.7015374281852982,0,0,1,PAYMENT,0
7744.1462580873695,4.599384617756905,0,0,1,TRANSFER,0
1560.0333795915146,2.1825205509378947,0,0,0,TRANSFER,0
1539.1637223506848,0.6023866926394749,0,0,0,PAYMENT,0
757.7088847315887,1.3898385329671161,1,0,0,PAYMENT,0
604.0326980797962,0.6768929756671851,0,1,0,PAYMENT,0
123.17345435471667,0.7276840554982205,0,0,0,TRANSFER,0
2889.216196169242,0.3720413479692732,0,0,0,PAYMENT,0
1716.9585261236425,0.8185021730093717,0,0,0,PAYMENT,0
916.7492664491687,1.464514813036426,0,0,0,PAYMENT,0
956.0147082805438,0.954836465390405,0,0,0,TRANSFER,0
2289.6271398402755,0.4632178198548675,0,1,1,PAYMENT,0
231.66443573284448,0.34434420266297533,0,0,0,PAYMENT,0
607.9658231404663,4.3854496127675,0,0,0,PAYMENT,1
352.023219217078,1.25559872072429,0,0,0,PAYMENT,0
6447.896821865737,0.5616657152849429,0,0,0,PAYMENT,0
2632.411254248325,1.381608529944159,0,0,0,TRANSFER,1
121.18367366952953,4.6294138159853535,0,0,0,PAYMENT,0
241.34763749760054,1.5439184791830554,0,0,0,TRANSFER,0
960.6924501062734,0.14213932956464298,0,0,0,PAYMENT,0
683.7277334909247,6.401959923881931,0,0,1,PAYMENT,0
291.66847332373084,0.27404237364724937,0,0,1,PAYMENT,0
7667.625300717835,0.8657073489555721,0,0,0,DEPOSIT,0
1498.9796375423962,0.4523120279365238,0,0,0,PAYMENT,0
1763.077821357708,0.5957098990473205,1,0,0,PAYMENT,0
548.9377520120216,1.220287857260485,1,0,0,PAYMENT,0
2258.0889725264938,0.23463680848453994,0,0,0,PAYMENT,0
749.6206203507065,0.9387820739377559,0,0,0,PAYMENT,0
826.0512571795862,2.2325394310990654,1,0,0,WITHDRAWAL,1
2020.301344723771,0.5541786190117707,0,0,1,PAYMENT,0
215.07836174149708,0.3778720842986548,0,0,0,WITHDRAWAL,0
5415.539904665963,0.9070900308917289,1,0,0,PAYMENT,0
1316.0488282414426,0.7891182918807845,0,0,0,TRANSFER,0
3947.9202836852096,0.6592454409820223,0,0,0,TRANSFER,0
374.12136247824566,0.43524671259158415,0,0,0,PAYMENT,0
435.6481298868677,1.4382530348099691,0,0,0,PAYMENT,0
343.12670400978084,1.5169237842587973,0,0,0,PAYMENT,0
1408.5240649188163,0.47428222925058755,0,0,0,PAYMENT,0
1171.4332779114493,0.5225275594252714,0,1,0,TRANSFER,0
689.2390622854276,1.100257667773431,0,0,0,PAYMENT,1
397.79261717692106,0.508912002408589,0,0,0,TRANSFER,0
309.0192986943945,1.1332202832303326,0,0,0,PAYMENT,0
1044.7324464682938,2.7944423509081315,0,0,0,DEPOSIT,0
688.4297092824158,0.9589888058874181,1,0,0,WITHDRAWAL,1
552.4666157816745,0.42761524105754145,0,0,0,PAYMENT,0
5151.738379568722,1.3158363198121545,0,0,1,WITHDRAWAL,0
1009.9683995860404,0.8830633731659021,0,0,1,PAYMENT,0
3905.1166505477713,0.9002255587326509,1,0,0,PAYMENT,0
643.3879058101342,1.394765095839829,0,0,1,WITHDRAWAL,0
1400.7684863145676,1.6221074225371632,0,0,1,PAYMENT,0
1037.4530351382866,1.0251628887633986,0,0,0,TRANSFER,0
200.81371564339435,0.9584132546912519,0,0,0,PAYMENT,0
4574.8917044176405,4.2396428971698965,0,0,1,WITHDRAWAL,0
957.9986731677798,2.3172654363226197,0,0,0,PAYMENT,0
2313.2719262528785,1.7922687629748708,0,0,0,PAYMENT,0
516.9629856915881,1.0961939802191654,0,0,1,PAYMENT,0
929.9730604040196,0.4945929068776829,0,0,1,TRANSFER,1
460.8845787053961,2.201569401048075,0,0,0,TRANSFER,0
3774.4066962066618,1.1062831718047221,0,0,0,TRANSFER,0
1497.2858989546744,0.6676318970331673,0,0,1,PAYMENT,0
1582.9627473825426,0.8434975196790147,0,0,0,PAYMENT,0
4264.943221197227,0.5084808131959762,0,0,0,TRANSFER,0
3485.4111626125377,2.096208695760302,0,0,1,PAYMENT,0
2357.465867486688,1.6130486472686074,0,0,0,PAYMENT,0
264.6141303564193,1.1355790795485206,0,0,0,PAYMENT,0
546.9300311749196,0.9704941525953551,0,0,0,TRANSFER,0
401.8632529622638,0.6209726660282946,0,0,0,PAYMENT,0
2269.996783753576,0.22513594693663816,0,0,0,PAYMENT,0
1300.6923020644192,0.37193029263335026,0,0,0,WITHDRAWAL,0
273.0043055673055,0.5946086995103472,0,0,1,PAYMENT,1
908.0103588749204,0.5352205000289083,0,0,0,PAYMENT,0
246.13684562215724,1.2245242941020054,0,0,0,PAYMENT,0
1039.8622297127338,1.7648145594204385,0,0,0,WITHDRAWAL,0
209.4798379885509,0.9140157705637523,0,0,0,WITHDRAWAL,0
1860.9222802004633,2.681139403107023,0,0,0,TRANSFER,1
1600.325981692932,0.5780884445804201,0,0,1,TRANSFER,0
7390.483908643093,0.9094857139592012,0,0,0,PAYMENT,0
2560.2835408818332,0.9649383887905174,0,0,0,WITHDRAWAL,0
718.44255007299,2.1479855086473787,0,0,0,WITHDRAWAL,0
2485.104756746216,1.076937061187198,0,0,0,PAYMENT,0
271.0588942040274,1.0980086710537176,1,0,0,PAYMENT,0
418.85608833019234,0.3139912434685575,0,0,0,PAYMENT,0
1530.1828729916629,0.5326265822791781,0,0,0,TRANSFER,1
126.69090959161753,2.153655415253055,0,0,0,PAYMENT,0
1056.6293002791647,0.23392854242377314,1,0,0,PAYMENT,0
395.3362655283851,2.5602242612398167,0,0,0,DEPOSIT,0
1213.5522180122102,1.4187343087406947,0,1,0,PAYMENT,0
373.2556755085047,0.5925826453634399,0,0,0,PAYMENT,0
1676.1388731016414,0.5585370727780514,0,0,0,PAYMENT,0
1118.034401335983,3.7703532973489984,0,0,1,DEPOSIT,0
4448.694302251927,2.685814582243296,0,0,0,TRANSFER,0
1104.0433960729831,0.9197912470370845,0,0,0,TRANSFER,0
508.44507456772226,1.09879509428395,0,0,0,PAYMENT,0
856.7225702324769,0.6361461460599043,0,0,0,PAYMENT,0
285.93474000544137,1.098942973333008,0,1,0,TRANSFER,1
1646.055756673358,0.6239203381406406,0,0,0,TRANSFER,0
1978.0172761897586,0.946503967178668,0,0,0,PAYMENT,0
12954.468126508005,3.5510046584689374,0,0,0,PAYMENT,0
588.84559960401,0.9352608238685506,1,0,0,PAYMENT,0
838.9955699722317,0.48016988198585087,0,0,0,TRANSFER,0
616.6129241391072,0.38425056214815145,0,0,0,PAYMENT,0
1355.754901601041,1.0930614512374903,0,0,0,PAYMENT,0
1606.302984373071,0.5870609637078508,0,0,0,PAYMENT,0
1039.6351939709023,1.1884170355763872,0,0,0,WITHDRAWAL,0
3249.725846598803,0.3218556373465923,0,0,0,PAYMENT,0
591.7122758684159,1.62121374529077,0,0,0,TRANSFER,0
2940.0270115445596,0.476105690631904,0,0,0,PAYMENT,0
1879.0053631013468,1.0329389425759332,0,0,0,WITHDRAWAL,0
1083.5197839421655,0.7891394332963972,0,0,0,WITHDRAWAL,0
800.3613868606576,3.3296669154370795,0,0,0,PAYMENT,0
12415.08766000618,1.1275446825895918,0,0,0,PAYMENT,0
484.43891708649096,3.903331283063929,0,1,0,TRANSFER,1
1477.2435691645487,1.4807070053728626,0,0,0,TRANSFER,1
517.8993559026829,2.7122651802299282,0,0,1,TRANSFER,0
6539.531126080551,0.8640205337932787,0,0,0,PAYMENT,0
2661.9822441043366,1.2736058567079531,0,0,1,TRANSFER,1
556.4905120025556,2.346794870472724,0,1,0,TRANSFER,0
1830.9587091391327,1.8841409055871319,1,0,0,PAYMENT,0
1418.9830347027487,1.4501910331131493,0,0,0,PAYMENT,0
654.1752212841793,0.7948877391210843,0,0,0,DEPOSIT,0
2340.6038186627743,0.8948102935712717,0,1,0,PAYMENT,1
1618.5814413080873,2.217462149639804,0,1,0,PAYMENT,0
1360.6240229316468,2.565460190708082,1,0,0,DEPOSIT,0
1051.6128252886929,0.6603376984521566,0,0,0,TRANSFER,0
1687.586182577528,0.5941453562591649,0,0,0,TRANSFER,0
1379.3775994090606,0.5310528933942104,1,0,0,TRANSFER,1
1163.3898802653705,1.7874507290014066,0,0,0,PAYMENT,0
577.659204974272,0.5217156791517865,0,0,0,TRANSFER,0
5965.607901638747,1.7723784191621643,0,0,0,PAYMENT,0
383.5922182320683,1.4651875286548326,0,0,0,WITHDRAWAL,0
1681.827399235844,0.6827924871968956,0,0,0,PAYMENT,0
796.1274273944281,2.988290604377604,0,0,0,PAYMENT,0
6371.226476082629,0.35930587431263566,0,1,0,PAYMENT,0
444.30775436194546,3.1952739254866955,0,0,0,PAYMENT,0
525.7031701983381,1.2500956957349296,1,0,0,PAYMENT,0
415.790670099146,0.23423592391937337,0,0,0,PAYMENT,0
1515.4459801359362,3.047482210885777,0,0,0,TRANSFER,1
277.81330974770094,1.974961200717906,0,0,0,PAYMENT,0
679.5776520235065,0.7410047982105553,0,0,0,WITHDRAWAL,0
127.43853591956746,0.5090014591842738,0,1,1,WITHDRAWAL,0
1394.6815018866455,0.3334218677491794,1,0,0,PAYMENT,0
664.9987368921422,5.423884809723842,0,0,0,PAYMENT,1
247.631871948967,0.5239456549781563,0,0,0,TRANSFER,0
3247.3982068545574,0.41291562967128237,0,0,0,PAYMENT,0
296.584776479571,1.206282585322561,0,0,0,PAYMENT,0
2433.1541287281016,0.3177388605728924,0,0,0,TRANSFER,0
544.0054014878178,0.5030408603350374,0,0,0,TRANSFER,0
5440.201490698563,2.006673620299862,0,0,0,TRANSFER,0
2320.5291926419527,1.3839578705437046,0,0,0,WITHDRAWAL,0
400.1950803621694,0.7630292050554469,0,0,0,TRANSFER,1
438.3060662739284,1.0128971308041184,1,0,0,PAYMENT,1
2009.2668941092038,0.7336454749991641,1,0,0,PAYMENT,0
843.5522710402946,0.9575297704486251,0,0,0,TRANSFER,0
925.79931896461,0.5866845672111796,0,0,0,TRANSFER,0
3913.7014272647584,0.6661985540500167,0,0,0,TRANSFER,0
518.6924505178843,0.6521539037059615,0,0,0,PAYMENT,0
1201.4612126003058,0.6016360429642202,0,1,0,TRANSFER,1
2848.727817133377,2.07661195419894,0,0,0,DEPOSIT,0
2462.95588871786,1.714432589736933,0,0,0,PAYMENT,0
934.8511628307643,0.5206619543302573,0,0,0,PAYMENT,0
821.4689328293787,0.43340803318682186,0,0,0,DEPOSIT,0
192.70962792923427,0.8957502441865378,0,0,1,WITHDRAWAL,0
381.3642698975887,4.520855829825029,0,0,0,PAYMENT,0
1507.7280989499088,0.4870474912984057,0,0,1,PAYMENT,0
955.3882583035096,0.8932783247686084,0,0,0,TRANSFER,0
1181.9573076404317,1.0640733107240943,0,0,1,PAYMENT,0
3100.2982937491092,0.9267703100597211,0,0,0,PAYMENT,0
334.51338407083404,0.7256068701784476,0,0,1,PAYMENT,0
865.9435292927265,2.24466430632956,0,0,0,TRANSFER,0
1324.394911318151,1.3745426203832773,0,0,0,PAYMENT,0
542.3112303783857,1.807715198523774,1,0,1,PAYMENT,1
4589.273969332869,1.510689191280629,0,0,1,PAYMENT,0
2720.543081328048,1.869673516027485,0,0,0,TRANSFER,0
1465.7661105050613,3.0315804466253646,0,0,0,WITHDRAWAL,0
6596.086379467046,2.5388996455436907,0,0,1,TRANSFER,0
244.96239779791478,5.090432368840161,0,0,0,PAYMENT,0
1088.1929102286967,2.344656471143473,0,1,0,DEPOSIT,0
1581.8288694559894,0.6258699083791117,0,1,0,DEPOSIT,0
439.41528842246225,1.8096228063232525,0,0,0,PAYMENT,0
1481.3580417739831,1.644283332721668,0,0,0,DEPOSIT,0
362.64250207215184,3.8351418931890278,0,0,0,PAYMENT,0
2187.593408337189,0.5081335553760322,0,0,0,PAYMENT,0
3158.4439617273147,1.4778166424900996,0,0,0,TRANSFER,0
1439.9064153650595,0.6207981802989678,0,0,0,PAYMENT,0
171.94973314357017,1.431584070618676,0,1,0,WITHDRAWAL,1
417.05015019906,0.860430300697217,0,0,0,PAYMENT,0
1928.9093204344624,1.3988187954193558,0,0,0,TRANSFER,0
1120.128448095036,0.3726048775737062,0,0,0,TRANSFER,0
74.14312763109481,1.7423913993476396,0,0,0,PAYMENT,0
3800.2813553996875,1.1551632322717205,0,0,0,TRANSFER,0
1257.2178540393786,1.112416879532887,0,0,0,PAYMENT,0
483.43909304162025,3.916348873280075,0,0,0,PAYMENT,1
2965.9586983483864,0.7651079233836164,0,1,0,PAYMENT,0
556.9413772565191,1.2707227045774512,0,0,0,WITHDRAWAL,0
550.8970129826365,1.0727114293642632,0,0,0,TRANSFER,0
1569.249331211521,1.148696030098846,1,1,0,TRANSFER,1
6509.633653806653,4.736330753273841,0,0,1,PAYMENT,0
5561.300028410491,1.0456774623410672,0,0,0,TRANSFER,0
1571.383151794694,0.6722695790227647,0,1,0,TRANSFER,1
1741.2972472941597,3.704809931206332,0,0,0,WITHDRAWAL,1
2419.9421939909157,0.8062332906942107,0,0,0,TRANSFER,0
312.00409871512664,0.32509926807911665,1,0,0,PAYMENT,0
2088.3892147274373,0.5953590592626605,0,0,0,WITHDRAWAL,0
526.3290207172201,0.4178589908517823,0,0,0,TRANSFER,0
1507.907288338916,0.28366088351591845,0,0,0,PAYMENT,0
873.5211763586908,0.7756060904663047,1,0,0,TRANSFER,1
1810.2284415810468,0.9520371939379504,0,0,0,PAYMENT,0
1234.107684205974,2.285008034631818,0,0,0,TRANSFER,1
50.75294923197374,1.5536098030737362,0,0,0,PAYMENT,0
1311.4539834176178,1.504836140742153,0,0,0,TRANSFER,0
2084.2262292821024,0.5351292333256679,0,0,0,PAYMENT,0
1712.874698657505,1.8579120127462716,1,0,0,WITHDRAWAL,0
989.7120614373163,2.6481545084342653,0,0,0,PAYMENT,0
5665.563800176716,1.3181109644575042,0,1,0,PAYMENT,0
1497.2316707433913,1.344150581200298,0,0,0,PAYMENT,0
1698.7930379139445,0.4125967274987711,0,0,1,PAYMENT,0
3116.5811478653377,2.091967614251923,0,0,0,TRANSFER,0
1575.9176234963065,3.4784311881289933,0,0,0,PAYMENT,0
446.7424466588954,1.2536592556539887,1,0,0,PAYMENT,1
95.74252778536028,0.6596472247231338,0,0,0,WITHDRAWAL,0
680.5348941380219,0.8927966860786131,0,0,0,TRANSFER,0
2347.1228217942353,0.7450570394533008,0,1,1,PAYMENT,1
770.395229773682,0.7770001331795857,0,0,0,PAYMENT,0
2443.479610474078,1.5739496242918034,0,0,1,DEPOSIT,0
1272.4865465592636,1.216070645116352,0,0,0,PAYMENT,0
3976.137184249806,2.0193095058313224,0,0,0,PAYMENT,0
816.3011088806547,1.2964526207246405,0,0,0,PAYMENT,0
1750.4266313833707,0.5461500185187764,0,0,0,TRANSFER,0
1818.7142321150075,0.7043468097111271,0,0,1,PAYMENT,0
4922.647982999754,0.6743616421245962,0,0,0,WITHDRAWAL,0
199.01151625251822,0.8776309942095831,0,0,0,PAYMENT,1
693.389385649892,3.5124000684444128,0,0,0,TRANSFER,0
2561.9298609114403,3.929175919322339,0,0,0,PAYMENT,0
5145.595987637919,1.7961057344092382,0,0,0,WITHDRAWAL,0
1394.193669774445,1.0866881297113133,0,0,1,PAYMENT,0
818.3546790331212,0.38552217934955696,0,0,0,PAYMENT,0
2338.157181173326,1.16649766878907,0,0,1,PAYMENT,0
2614.17195731391,0.5752186166891611,1,0,0,PAYMENT,0
765.3538847695445,3.131040343983542,0,0,0,PAYMENT,0
1525.8506124209944,0.32488825619937034,0,0,0,PAYMENT,0
3570.7368799075116,1.308837100378877,0,0,0,TRANSFER,0
7262.351789242335,0.5422828423223495,0,0,1,PAYMENT,1
2304.467615261264,0.9933615029897037,0,0,0,PAYMENT,0
1146.121481740363,1.594001837643507,0,0,0,PAYMENT,0
1038.9073594748231,2.044959698871893,0,0,1,PAYMENT,0
1914.8538060141666,0.9584066234954287,0,0,0,DEPOSIT,0
976.8441862778268,1.703783872758222,0,0,0,PAYMENT,0
1325.626555891538,0.6289339290666075,0,0,0,TRANSFER,0
380.7426682320265,1.1875316026628413,0,0,0,PAYMENT,0
4012.048334497399,2.016866743500248,0,0,0,PAYMENT,0
350.65936173252373,1.2617121335073167,0,0,0,DEPOSIT,0
711.864966438567,0.690361029229234,0,0,0,TRANSFER,0
1209.0536931688127,0.822563449314329,0,0,0,TRANSFER,0
8030.378004667907,2.0359432882038466,0,0,0,PAYMENT,0
718.608724193445,0.465663861752239,0,0,0,TRANSFER,0
563.3968058675907,0.5163241083091505,0,0,0,WITHDRAWAL,0
632.1856384028277,1.5236551191252534,0,0,0,PAYMENT,0
5761.177544536274,0.7353560199354694,1,0,0,PAYMENT,0
65.86801759586304,0.3616274511897291,0,0,0,WITHDRAWAL,0
402.32571137031215,2.5742881953949595,0,0,0,PAYMENT,0
16836.235356619458,0.4631426367915306,0,0,1,PAYMENT,0
1980.0593014980795,0.8697051704363739,0,0,0,PAYMENT,0
362.85926184146115,0.6481296985456682,0,0,0,PAYMENT,0
1051.6146435998842,0.811899723333416,0,0,0,PAYMENT,0
1173.1580341718134,0.5383568652791882,0,0,0,PAYMENT,0
2555.8119630402953,1.6487137960502867,0,1,0,PAYMENT,0
6901.554829591254,1.0806648645154362,0,0,0,PAYMENT,0
1617.361960198073,1.990841705000017,0,0,0,PAYMENT,0
639.1963581907299,0.6528435610041177,0,0,1,TRANSFER,1
2409.2829283285023,4.4509396845993505,0,0,0,TRANSFER,0
545.5242741248888,0.2636180114809936,0,0,0,PAYMENT,0
390.20120018757467,0.329692645582438,0,1,1,PAYMENT,0
188.68729632638778,3.411524959062515,1,0,1,WITHDRAWAL,0
229.2634102249309,1.3935147701646489,1,0,0,TRANSFER,0
447.44554532043287,1.2699407656207415,0,0,0,WITHDRAWAL,0
337.71766382924744,1.352416125127851,0,0,0,DEPOSIT,0
1500.0242106220062,1.4915936156416663,0,0,0,PAYMENT,0
330.4971956811336,1.2334774855203672,0,0,0,PAYMENT,0
47.291647674701224,0.5085797997533991,0,0,0,PAYMENT,0
386.09684254129724,1.7731074585079065,0,0,0,PAYMENT,0
684.1247966879992,1.5879990237801878,0,0,0,TRANSFER,0
598.5742108978122,2.718014913676825,1,0,0,PAYMENT,0
5011.671039621699,3.4382710862266133,0,0,0,DEPOSIT,0
593.7494569339353,1.2602791647527005,0,0,0,TRANSFER,0
2646.3152063883776,0.4234650425967083,0,0,0,DEPOSIT,0
1076.0125457999509,3.4582616580180088,0,0,0,TRANSFER,0
1051.2080171093958,0.4903161192809292,0,0,0,PAYMENT,0
475.62023546755546,1.2669024881241053,0,0,0,PAYMENT,0
1034.0282217099184,0.83550934299096,0,0,0,TRANSFER,0
510.2515671907007,0.7397538782031454,0,0,0,PAYMENT,0
1299.8762079408277,1.7074654620796088,0,0,0,WITHDRAWAL,0
865.8834951703417,1.186635176857359,0,0,0,PAYMENT,0
426.3975243103516,1.432282096482223,0,1,0,TRANSFER,1
2956.8930172262226,0.5649712674981613,0,0,0,PAYMENT,0
1680.4896361469114,0.8852789589733683,0,0,0,TRANSFER,0
700.6001086591206,0.583521205572983,0,0,0,TRANSFER,0
1268.3765403612767,0.8699234048738052,0,0,0,PAYMENT,0
1008.4577660175141,0.9202282357152546,0,0,1,WITHDRAWAL,0
460.5443054737635,3.636468146693771,1,0,0,TRANSFER,0
1176.7318178701607,0.8339582314030244,0,0,0,PAYMENT,0
589.3311473015356,0.22584218340128787,0,0,0,DEPOSIT,0
426.2671082204754,2.655317082831237,0,0,0,WITHDRAWAL,0
216.42253333860893,1.3695491003273133,0,0,0,PAYMENT,0
766.1612421363789,0.912372157977257,0,0,0,PAYMENT,0
1933.2748542046072,0.7363492437742396,0,0,0,WITHDRAWAL,0
547.4880563797159,0.5153814570270725,0,0,0,TRANSFER,0
13639.273836103817,3.8830994729044708,0,0,0,PAYMENT,0
2658.947518265359,1.0369579948995369,0,0,0,PAYMENT,0
4041.334073507215,0.29628726647462306,0,0,0,PAYMENT,0
2429.0196338602323,1.257867747149269,0,1,0,PAYMENT,0
6994.3990702477,2.3263957730916656,1,0,0,PAYMENT,0
499.19560679587323,1.1157248326683664,0,0,0,PAYMENT,0
84.71245288962538,0.5319980630467335,0,0,0,PAYMENT,0
701.9585745324764,0.4996976816046127,0,0,0,TRANSFER,0
1916.4284981120074,0.5261740384441832,1,0,0,TRANSFER,0
1276.0402046413553,2.9013048902148317,0,0,0,TRANSFER,0
1444.4336860605406,0.9510726380341222,0,0,0,PAYMENT,0
4108.89741510916,0.30878590994930244,0,0,0,PAYMENT,0
1606.8926700054474,1.30851610132642,0,0,0,TRANSFER,0
2437.9503080928466,1.1037635507838008,0,0,0,TRANSFER,0
428.56278846665475,0.7303533456438659,0,0,0,PAYMENT,0
366.72282254382185,0.4895421417672523,0,0,0,TRANSFER,0
5508.86517191463,0.4748641908441512,0,1,0,PAYMENT,0
1213.0601980779486,2.139653009570761,1,0,0,PAYMENT,0
588.0257953350792,1.189174060170275,0,0,0,TRANSFER,1
589.1056306006673,1.3980110742332412,0,0,0,PAYMENT,0
572.9949356461127,1.1868837403240904,0,0,0,PAYMENT,0
539.714868577973,1.2578225529473777,0,0,0,WITHDRAWAL,0
303.94665146257415,0.7204521597707151,0,0,0,PAYMENT,0
244.5890848527108,0.8658180052235084,0,0,0,TRANSFER,0
902.343819770316,2.2601660042566127,0,0,0,PAYMENT,0
606.1176624491699,2.691808082561287,0,1,0,DEPOSIT,0
3318.138744051809,0.4250857390632976,0,0,0,PAYMENT,0
1470.0866935926642,0.8643468161189573,0,0,0,WITHDRAWAL,0
1429.839787233904,1.799483629588594,0,1,1,PAYMENT,1
521.588828403786,3.7339095166854737,0,0,0,WITHDRAWAL,0
971.6266096629729,3.4811813582180067,0,0,1,TRANSFER,0
1573.4109221658007,0.5729078070216795,0,0,0,PAYMENT,0
2244.40501811561,2.4413039022606817,1,0,0,TRANSFER,1
998.3542502333142,1.041899418660503,0,0,0,PAYMENT,0
3226.4049549961665,2.077347100516492,0,0,1,PAYMENT,0
1105.4295914110778,1.7363671339603517,0,0,0,PAYMENT,0
2423.2069274653363,0.41280711467733955,0,0,0,TRANSFER,1
671.9257151026749,1.4695875300857761,0,0,0,PAYMENT,0
179.00462319842072,2.021798807301475,0,0,0,TRANSFER,0
1434.1949897315153,0.9859903824648845,0,0,0,TRANSFER,0
2264.9864671852247,0.8416243544756042,0,0,0,PAYMENT,0
1949.537281395369,0.3328162516178117,0,0,0,PAYMENT,0
1672.6871120959988,1.6137041675800572,0,1,0,TRANSFER,1
773.8770679558845,1.1573395243190887,0,0,0,PAYMENT,0
489.4360199644068,0.5243852052042824,0,0,0,PAYMENT,0
1904.030566475815,0.7960542057236794,0,0,0,PAYMENT,0
1679.8292262658824,1.1142173992433453,0,0,0,PAYMENT,0
625.8438562998685,0.676349684219066,0,0,0,TRANSFER,0
3325.66252603685,1.0018757462721626,0,0,0,PAYMENT,0
453.5631388042445,0.2937715504318631,0,0,0,WITHDRAWAL,0
611.8435552816219,2.5717720831137854,0,0,0,TRANSFER,0
5633.156449999244,1.0111987411234655,0,0,0,DEPOSIT,0
2613.856347786378,0.4632226501908102,1,0,0,TRANSFER,0
766.619580105238,0.17874479908283927,0,0,1,PAYMENT,0
1461.7369650307933,2.0552437595989597,0,0,1,PAYMENT,0
1280.22643616731,1.477961963243889,1,0,0,PAYMENT,0
70.41357948835568,1.1589101057333322,0,0,0,TRANSFER,0
442.98063267666487,1.8304349219524467,0,0,0,TRANSFER,0
1042.26695351168,1.8269152291883077,0,0,1,PAYMENT,0
767.6919327489592,1.1458040859817982,0,0,0,TRANSFER,0
1404.030860602669,0.8369843117640302,0,1,0,PAYMENT,1
3393.0425761865235,0.7467691938538159,0,0,0,TRANSFER,0
795.0970759763351,1.3426689902143456,0,0,0,PAYMENT,0
380.8270000426926,2.6589251506147495,0,0,0,PAYMENT,0
1517.5487665222586,0.9305009146620853,0,0,0,PAYMENT,0
791.062253093239,2.8109828310752927,0,0,0,DEPOSIT,0
938.1750003838848,1.298496077621809,0,1,1,TRANSFER,1
819.1164676184412,1.3053662829229438,0,0,0,PAYMENT,0
10319.98721327438,5.38478092390816,0,0,0,PAYMENT,0
116.66373524194445,3.1799795035694527,1,0,1,PAYMENT,1
743.7210984421495,3.238228662086687,0,0,0,PAYMENT,0
1092.5951034038758,0.5721640312133923,0,0,1,TRANSFER,0
502.12922541862116,4.639134188447658,0,1,0,PAYMENT,0
2696.812589253883,0.9440730277878845,0,0,0,PAYMENT,0
2473.1741330235923,0.8527884017797874,1,0,0,PAYMENT,1
1045.4946289068137,0.22058462091592676,0,1,1,TRANSFER,0
836.5834234775181,1.2565923551213893,0,0,0,PAYMENT,0
980.480900175411,0.46843975788045566,0,0,0,PAYMENT,0
987.5363896276683,1.3307965596478466,0,0,1,PAYMENT,0
1013.9683512451494,0.44348309586113505,0,0,0,TRANSFER,0
908.6871799526457,3.519749725796925,0,0,0,DEPOSIT,0
1411.5579671179814,1.4712343966251684,0,0,0,PAYMENT,0
2329.041444792221,4.932816400970442,0,1,0,PAYMENT,0
320.45435637149427,0.4886460762307891,1,0,0,TRANSFER,0
383.49865006685974,2.957740023951835,0,1,0,PAYMENT,1
190.84889141764125,0.28311596585807586,0,0,0,PAYMENT,0
2608.152513286474,1.1567945180646237,0,0,0,PAYMENT,0
1408.5601525080026,0.6426621092252636,0,0,0,PAYMENT,0
1817.591434409216,0.7308335297292211,0,0,0,TRANSFER,0
262.5658116447479,0.6965975121073341,0,0,0,PAYMENT,0
6535.1339481033165,0.5271335590874512,0,0,0,PAYMENT,0
596.5416671691103,0.41404450345936067,1,1,0,PAYMENT,0
1297.5145217936617,0.7336679295074654,0,0,0,PAYMENT,0
2577.0088907323566,1.0846093521946953,1,0,0,WITHDRAWAL,0
408.71587978858355,2.2582406792964993,1,0,0,PAYMENT,0
635.0321588618946,1.2296693076102263,0,0,0,WITHDRAWAL,0
1311.8213244546796,2.2627437846436793,1,0,0,DEPOSIT,0
19100.562721601982,0.355324504317384,0,0,0,PAYMENT,0
1481.9658210221965,0.7385410565824888,0,0,1,WITHDRAWAL,0
5466.321323568298,1.6449392334704662,0,0,0,PAYMENT,0
3661.664649240315,1.2715460585998204,0,0,0,PAYMENT,0
1584.4775911509944,0.5472647553273015,0,0,0,TRANSFER,0
407.8111617321213,1.922926461866082,0,0,0,PAYMENT,0
3164.5103371816836,0.6894292294786233,0,0,0,TRANSFER,1
245.15475356702856,0.5803322509583877,0,0,0,WITHDRAWAL,0
5436.415045779169,1.4061611916160082,0,0,0,DEPOSIT,0
1339.437874404124,1.0043278941337395,0,0,0,PAYMENT,0
77.46114475999373,0.6934760085794572,1,0,0,TRANSFER,0
780.1560041206728,0.677186903789818,0,0,1,TRANSFER,0
2108.9549531778384,0.4729064170447745,0,0,1,PAYMENT,0
865.2133526319611,0.7580364766703502,1,0,0,PAYMENT,0
2241.735924457794,2.15978051874517,0,0,0,TRANSFER,1
468.7060590923481,1.1867106547183848,0,0,0,PAYMENT,0
297.0848021621201,1.9562235541002346,0,0,0,TRANSFER,0
1021.0171312859917,1.435119292433766,1,0,0,PAYMENT,1
1131.8012479024196,0.6514384606119586,0,0,1,TRANSFER,0
774.0338828609258,0.3152469773307015,0,0,1,PAYMENT,0
3741.684337476989,0.5226736241627296,0,0,0,PAYMENT,0
468.62019652692373,0.625086606923473,0,0,0,WITHDRAWAL,0
1499.9178326136473,0.59214247299853,0,0,0,PAYMENT,0
1173.7628416478,1.9871748343475388,0,0,0,TRANSFER,0
231.20021063848446,1.9727172888720308,0,0,0,PAYMENT,0
293.23367487440896,4.7035415591985545,1,0,0,PAYMENT,1
1109.7732745142087,0.585900780768941,0,0,0,WITHDRAWAL,0
7952.168984583093,3.0593846906112128,0,0,0,PAYMENT,0
1957.1993198414955,3.046176031878739,1,0,0,PAYMENT,0
195.2664770881795,0.8499441558745158,0,0,0,PAYMENT,0
48.88702065058764,1.3930405132923929,0,0,0,PAYMENT,0
2282.5615839025018,2.383364808701651,0,0,1,DEPOSIT,0
996.0391032168347,0.9595918550965995,0,0,0,PAYMENT,0
3433.2615223495854,0.9089417720107977,0,0,0,PAYMENT,0
454.53825490733306,0.6445929834502471,0,1,0,PAYMENT,0
1556.527251404545,0.19166102480921987,0,0,0,PAYMENT,0
2555.935199909222,1.0505671188401842,0,0,0,TRANSFER,0
701.0199610902006,0.6084086328797966,0,0,0,PAYMENT,0
716.1677518189738,0.471072138436189,1,0,0,PAYMENT,1
1124.6901237022234,1.3438439881277342,0,1,0,PAYMENT,0
1886.8732001093351,0.362069691194051,0,0,0,PAYMENT,0
1081.0261365706021,1.7581391066089072,0,1,0,WITHDRAWAL,0
2904.4413306420324,1.4028691336492736,0,0,0,TRANSFER,0
690.9481679370869,0.75568152998623,0,0,0,PAYMENT,0
290.500353900366,0.9566504818264641,0,0,0,PAYMENT,0
7918.644871719137,0.43467582051952147,0,1,0,TRANSFER,0
599.0626978210076,1.6908595724060551,0,0,0,PAYMENT,0
621.1408801082082,1.1401444543670571,0,0,0,PAYMENT,1
1026.7940753100693,1.2011686624048579,0,0,0,DEPOSIT,0
1172.8372704423227,1.4209465950720734,0,0,0,TRANSFER,0
744.9494453688176,0.6378253432836628,0,0,0,PAYMENT,0
1077.6802604329116,0.34530030460360694,0,0,1,PAYMENT,0
1053.8841079738174,1.954477437749613,0,0,0,TRANSFER,0
1306.1240983385105,1.6194764038940397,0,0,0,TRANSFER,0
103.80483410771893,0.6874603235617638,0,0,0,PAYMENT,0
7193.091331111386,1.3315945573255514,0,0,0,PAYMENT,0
946.4438891831635,2.412301828192375,1,0,1,WITHDRAWAL,0
1959.848825586274,2.2190752657806527,1,0,0,PAYMENT,1
276.4137005401698,0.6735512537034659,0,0,0,TRANSFER,0
684.7129769844435,0.35270166119839386,0,0,0,WITHDRAWAL,0
559.8585338436868,0.3977026761524931,0,0,0,PAYMENT,0
4768.198141996642,0.8039580328859485,0,0,1,DEPOSIT,0
610.4438973919201,2.783257469346605,0,0,0,PAYMENT,0
2340.4066772315987,0.6005485517650198,0,0,1,TRANSFER,0
572.2520535194495,0.6587379331412062,0,0,0,PAYMENT,0
697.415291432922,0.6493147073211838,1,1,0,PAYMENT,1
857.8676511057829,0.6892084199570357,0,0,0,TRANSFER,0
3959.389504483386,0.9921720087010075,0,0,0,TRANSFER,0
165.69476670288446,0.4081848586815355,1,1,0,PAYMENT,1
294.2225473393956,2.1362500298673437,0,0,0,PAYMENT,0
156.44348621395778,0.9035943432843022,0,0,0,PAYMENT,0
369.62829044075727,5.671162948748323,0,0,1,DEPOSIT,0
487.066151620667,0.43977163464003577,0,0,0,TRANSFER,0
218.22327718331744,3.043190039344253,0,0,0,PAYMENT,0
526.2899272541634,2.6483631729880788,0,0,0,PAYMENT,0
146.24532489433804,0.7496275422087044,0,0,0,WITHDRAWAL,0
396.23650832961823,0.7584014398867275,0,0,1,TRANSFER,1
3642.4812843033433,0.524710565989519,1,0,0,TRANSFER,0
1641.8650007511305,0.5289427914559263,0,0,0,TRANSFER,0
1322.7493259112784,0.9995759251027884,1,0,0,PAYMENT,0
402.3093997548281,1.014592636893919,0,1,0,PAYMENT,0
236.01964449695373,0.32574230461145603,0,0,1,PAYMENT,0
351.02025363527036,4.980118701166516,0,1,0,PAYMENT,0
1050.2569978962956,0.8338833120559886,0,0,0,TRANSFER,0
2612.79753746451,1.0469996462853826,1,0,0,TRANSFER,0
2703.675485320066,0.6450895056337396,1,0,0,WITHDRAWAL,1
2060.311290958944,0.829521145873034,0,0,0,PAYMENT,0
524.4987978975744,0.7784000546743477,0,0,0,TRANSFER,0
1123.8885069222345,0.9979508043963734,0,0,0,DEPOSIT,0
795.2507470053174,0.9898390376549927,0,0,0,PAYMENT,0
896.7797009351162,1.7566462369165343,0,0,0,PAYMENT,0
8409.5891310164,1.1724012030173074,0,0,0,WITHDRAWAL,0
188.29309466347604,1.6372174340520302,0,0,0,PAYMENT,0
867.2464427454246,0.9931559526405036,0,0,0,TRANSFER,0
3683.9797742359347,1.1757153708290684,1,0,0,PAYMENT,1
253.18197652264962,0.8445815529583969,0,0,0,PAYMENT,0
576.0834765341214,2.0181438725961915,0,0,0,WITHDRAWAL,0
646.1046596048726,1.253369720543935,0,0,0,PAYMENT,0
877.178299570502,0.8952498853583787,0,0,0,PAYMENT,0
222.303338842947,0.8767467523275574,0,0,0,PAYMENT,0
1988.798686560305,0.92638298523658,0,1,0,PAYMENT,0
2135.1395414355898,1.0215394422027502,0,0,1,PAYMENT,0
1823.2489482651142,0.9613153550224447,1,0,0,TRANSFER,1
459.26451327040434,0.6762522249834855,0,0,0,PAYMENT,0
1195.7283669579926,1.708183266824436,0,1,0,PAYMENT,0
446.1074134837545,1.785419130700262,0,0,0,PAYMENT,0
786.3510641616899,3.485807715565677,0,0,0,TRANSFER,0
9447.145649317035,0.6553795159675085,0,0,1,PAYMENT,0
1206.7612265146302,1.5944153345187189,0,0,0,WITHDRAWAL,0
334.4453285849947,0.26279103104496737,0,0,0,WITHDRAWAL,0
1313.3486036013644,1.7866281806744666,0,0,1,PAYMENT,0
283.7813575663351,0.3607365084992303,0,0,1,PAYMENT,0
330.6265886147618,0.5020619439899401,0,0,0,TRANSFER,0
387.17502975400157,1.2618232897073653,1,0,0,PAYMENT,0
703.234599299092,0.6472327416679835,0,0,0,WITHDRAWAL,0
2798.864268791517,0.5881063635788234,0,0,0,DEPOSIT,0
1955.4941409812718,0.7122180134676865,1,1,0,TRANSFER,1
1850.100661562153,1.6665209573313629,0,0,0,PAYMENT,0
365.4302528884204,0.5204698709148008,0,0,0,PAYMENT,0
638.2216549530189,0.962801124664133,0,0,0,PAYMENT,0
1439.4280222377363,0.7671603799268519,0,0,0,PAYMENT,0
585.0398792763598,1.7752185461332979,0,0,0,TRANSFER,1
830.1725408253063,1.8103953156337156,0,0,0,PAYMENT,0
1705.0653075457492,0.27673435000532415,0,1,1,TRANSFER,1
773.7333605303348,2.0783547458284684,1,0,0,TRANSFER,0
1374.794561475658,0.6521184025619674,0,0,0,PAYMENT,0
5392.306292779834,1.1798703257630108,0,0,1,TRANSFER,0
923.4726660731443,0.5182818263976926,1,0,0,WITHDRAWAL,0
3566.4921822445376,1.2966632343097448,0,0,0,PAYMENT,0
1918.636520751832,5.965210043187876,0,0,0,TRANSFER,0
252.84028543354702,1.0930980286854202,0,1,0,PAYMENT,0
364.2582050644901,0.7247754455697162,0,1,0,TRANSFER,1
476.4696926266592,0.8500051554567962,0,0,0,WITHDRAWAL,0
466.45664680137924,0.35760688945070485,0,0,1,TRANSFER,0
1001.9568871204045,2.7573616546482214,0,0,0,PAYMENT,0
2027.6728762618368,1.2448539020969887,0,0,0,PAYMENT,0
3847.4213232449524,0.4798755236651668,0,0,0,DEPOSIT,0
1492.4511116622616,0.4909451819761926,0,0,0,TRANSFER,0
702.2717546110765,1.010755090013805,0,0,0,PAYMENT,0
136.6959007893809,1.9201374563708653,0,0,0,TRANSFER,0
1176.8416666715368,0.4467782305002537,0,0,0,PAYMENT,0
1125.2608941853093,2.180134428407682,0,1,0,WITHDRAWAL,0
1316.7590792535873,0.9378704182539824,0,0,0,PAYMENT,0
9011.351124675642,0.5214351477042127,0,0,0,PAYMENT,0
3791.8016184358858,0.720807405599898,0,0,0,PAYMENT,0
2404.412616124222,3.400721836667404,0,0,0,PAYMENT,0
419.02176761803315,0.37842047434855114,0,0,0,TRANSFER,1
656.5542009474608,0.5991010069261623,0,0,0,TRANSFER,0
997.4034908656898,1.94801033226635,1,0,0,TRANSFER,0
505.01739589032866,1.163601492642177,0,0,0,PAYMENT,0
1808.882490434765,0.5747221497601122,0,0,0,TRANSFER,0
1566.9852810182533,1.9647308529978886,0,1,0,WITHDRAWAL,0
369.33061073112054,2.031159908184336,0,0,0,TRANSFER,0
3629.3785312740215,1.261086269196468,0,0,0,TRANSFER,0
1214.7703600157517,0.6513698896212018,1,1,0,PAYMENT,1
194.5966302394135,0.7255587481258909,0,0,0,WITHDRAWAL,0
1041.749865981442,1.2205154209416111,1,0,0,PAYMENT,0
1452.7396346187902,0.3991770034272318,0,0,0,WITHDRAWAL,0
2900.946556281179,2.5331141035145524,1,0,0,PAYMENT,0
782.5232206087544,3.287562346612444,0,0,0,PAYMENT,0
2509.749603147246,0.8477509351435369,0,0,0,PAYMENT,0
1322.3185959099542,1.2830924551154026,0,0,1,DEPOSIT,0
294.40176761461316,2.2934596231490216,0,0,0,TRANSFER,0
266.35585794111233,3.9309950491352743,0,0,0,PAYMENT,0
3369.6355434348393,2.9739378048099856,0,0,0,WITHDRAWAL,0
3626.3582195982835,0.2967467316554011,0,1,0,PAYMENT,0
1514.6038981689023,0.8018068128790181,0,1,0,WITHDRAWAL,0
4893.713597686867,1.4197513860498556,0,0,1,WITHDRAWAL,0
3154.5774919721775,0.7075463722252641,0,0,0,TRANSFER,0
2172.4888601875878,3.483148832272703,0,0,1,PAYMENT,0
440.8428713955577,3.1285280455813567,0,0,0,DEPOSIT,0
6194.572293188834,0.5648748375247913,0,0,0,TRANSFER,0
1874.882804544812,0.8925435116800642,0,0,0,PAYMENT,0
745.5790951729389,0.5917400203714747,0,0,0,TRANSFER,1
562.1282320053446,0.8723278849707519,0,0,0,PAYMENT,0
1417.6895975088519,0.854018310520104,0,0,0,PAYMENT,0
206.2194545636171,1.9502947993884518,0,1,0,TRANSFER,0
2207.626588025432,0.5369097485495495,0,0,0,TRANSFER,0
422.60130166241413,0.16013713718176956,0,0,1,PAYMENT,0
1588.5995307677501,0.325243821617862,0,0,0,TRANSFER,0
650.9153888010421,0.4868441980788883,0,0,0,WITHDRAWAL,0
841.832688518963,0.6319252846603818,0,0,0,PAYMENT,0
514.445760133099,1.139992952569423,1,0,0,PAYMENT,0
933.3409506001619,0.4696085827688754,0,0,0,PAYMENT,0
7254.5166930706855,0.42836895378888773,0,0,0,WITHDRAWAL,0
4381.119774824674,0.5217257604067936,0,1,0,PAYMENT,1
1563.1822948389527,0.4579671598551271,0,0,0,PAYMENT,0
1069.2425017267876,0.6783135593682291,0,0,0,WITHDRAWAL,0
2550.8991674706294,0.65829562059598,0,0,0,TRANSFER,1
3394.699060558326,1.6198600747158227,0,1,0,PAYMENT,0
478.27296108120623,0.500238362304142,0,0,0,DEPOSIT,0
1014.9160029810956,0.7785534442068293,0,0,0,PAYMENT,0
177.3352077137261,0.6828255454734655,0,0,0,PAYMENT,0
3371.463190454762,1.7615947085843642,0,0,0,PAYMENT,0
8647.488904309344,0.8976316418564781,0,0,0,TRANSFER,0
1188.0666780153128,2.086499343441077,0,0,0,PAYMENT,0
130.972827116933,0.44634676761347425,0,0,1,WITHDRAWAL,0
2016.04009336839,0.9660336356094003,0,0,0,TRANSFER,0
444.0383061622403,0.668229426263884,0,0,0,PAYMENT,0
564.9010360299925,0.42391078080581446,0,0,0,WITHDRAWAL,0
2052.0126885819354,0.9538415335801488,0,1,0,TRANSFER,1
1414.5321586992834,3.3637264797522035,0,0,0,PAYMENT,0
673.0981945090898,0.5504406377053452,0,0,0,PAYMENT,0
572.7185259983925,0.9146457132818349,0,0,0,PAYMENT,0
1243.687523962063,0.3990924703362043,0,0,0,PAYMENT,0
728.1699345143353,0.36006905721432675,0,0,0,WITHDRAWAL,0
361.68109350881446,0.5763289828554714,1,0,0,PAYMENT,0
786.3773910801889,0.7297975528674702,0,0,0,PAYMENT,0
1540.0845912083494,0.7528358055696239,0,0,0,TRANSFER,0
917.7238544122763,0.8536640808248394,0,0,0,DEPOSIT,0
266.7978890094717,0.3154254714585213,1,0,1,PAYMENT,1
2948.537670084925,0.6452210239756139,0,0,0,PAYMENT,0
70.89419562047459,1.4208153988940104,0,0,1,WITHDRAWAL,0
701.790442828071,0.38644274810311385,1,0,1,DEPOSIT,0
589.8106454345528,0.7798903185796914,0,0,0,TRANSFER,0
1271.7877641195262,1.2275135655090166,0,0,0,TRANSFER,0
1923.0385800244364,0.5783437606921571,0,0,1,PAYMENT,0
3383.8344842660963,1.2700637261882346,1,0,0,DEPOSIT,0
537.85829143571,0.3448008084269848,0,0,0,TRANSFER,0
1971.5638461209412,1.8624907429900543,0,0,1,TRANSFER,1
1333.8414787348688,1.291830898351573,0,0,0,WITHDRAWAL,0
198.03833534683298,1.0397349058672312,1,0,0,WITHDRAWAL,0
7335.935747909297,2.19761486157333,0,0,0,PAYMENT,0
260.141281224966,0.7941012226094838,0,0,1,PAYMENT,0
1668.1946492607572,0.6488853211601228,0,0,0,PAYMENT,0
1619.6412356052933,2.6137370021341964,0,0,1,WITHDRAWAL,0
1444.6708401715039,3.6274722707274996,0,0,0,PAYMENT,0
668.7585731812954,0.6154470317800622,0,1,0,TRANSFER,1
2508.0294676374415,0.9234669516361161,0,1,0,PAYMENT,0
230.35751752004649,2.078257454392606,0,0,0,PAYMENT,0
1026.7679256604774,0.9467677147412554,0,0,0,PAYMENT,0
623.9843721644427,1.516207204205818,0,0,0,WITHDRAWAL,0
557.0762128426918,1.7268216430571357,0,0,0,PAYMENT,1
1683.697905124575,0.6746149448930333,0,0,0,WITHDRAWAL,0
3221.101119691546,1.3411028051086118,0,1,0,PAYMENT,0
778.013781602193,0.9956744959004283,0,0,0,PAYMENT,0
2393.9047298117225,0.42664285735168017,0,0,1,PAYMENT,0
1152.559805437955,0.5001952021239874,0,0,0,PAYMENT,0
449.10997492190745,0.6333754865009746,0,0,0,TRANSFER,0
847.2941397160088,1.915471670736927,1,0,0,PAYMENT,0
812.8235978644005,1.9600122311768942,0,1,1,PAYMENT,0
546.3938690100257,1.6903558059240846,0,0,0,PAYMENT,0
1683.2520219723585,1.3608064368529007,0,0,0,DEPOSIT,0
1386.6501974874843,1.3350629108972571,0,0,0,PAYMENT,0
223.48634181314617,1.2144512330088795,1,0,0,TRANSFER,0
210.2871556997888,1.330184878275195,0,0,0,WITHDRAWAL,0
1676.8703584597981,1.3948038674309005,0,0,0,DEPOSIT,0
485.27394726900076,0.3741511136391538,1,0,0,TRANSFER,0
1483.3245351281782,0.5751220486647999,0,1,1,TRANSFER,1
2394.504449766996,0.486632949529124,0,0,1,TRANSFER,0
307.67596349685977,2.1705953947037044,0,0,0,TRANSFER,0
267.3243580949268,3.1831461801124656,0,0,0,WITHDRAWAL,0
5851.373402882423,0.2190766644837769,0,0,0,PAYMENT,0
1558.6428956827785,2.9902895683344304,0,0,0,TRANSFER,0
721.0866737653743,1.0625853643131369,1,0,0,DEPOSIT,0
430.97907858254086,2.031762968213842,0,0,1,PAYMENT,0
658.2331178919966,1.4255062420484297,0,0,0,TRANSFER,1
333.42823803200974,2.740873150001588,0,0,0,PAYMENT,0
2652.9093218846137,1.1581451345171996,0,0,0,PAYMENT,0
504.33909349512896,0.38503612375184715,0,0,0,TRANSFER,0
3273.2366913473898,0.9286973082216768,0,1,0,PAYMENT,1
734.6330186939496,1.4347049700282817,0,0,0,PAYMENT,0
386.31373193830797,0.8596991546812086,0,0,0,WITHDRAWAL,0
716.0130635574678,1.5847270836105605,0,0,0,PAYMENT,1
79.50605819746154,0.9550532584477103,1,0,0,PAYMENT,1
971.8791090557505,0.6591154808214293,0,1,0,PAYMENT,1
925.0805445121192,0.46757997829518655,0,0,0,DEPOSIT,0
2501.7424461709206,0.7601262297072926,0,0,0,PAYMENT,0
166.28365115516468,1.153960749324313,0,0,0,WITHDRAWAL,0
3504.721578747822,0.25370724308559783,0,1,0,PAYMENT,0
2491.3980431198356,0.5792312489204766,0,0,0,PAYMENT,0
3835.4558164425034,0.24716863776200257,0,0,0,PAYMENT,1
1040.3147847644093,0.6492402812252744,0,0,0,PAYMENT,0
3022.6730479563244,2.312017023760094,1,0,0,WITHDRAWAL,0
251.8304302275914,0.43592657001652974,0,0,0,TRANSFER,0
2237.3503499414564,1.6359306087686682,0,0,0,PAYMENT,0
507.16542777723896,7.346158981803868,0,0,1,PAYMENT,0
210.31326716630096,2.7662059602592066,0,1,0,PAYMENT,0
356.3307889366622,1.0979659879855819,0,0,0,TRANSFER,0
1102.715594344402,1.8237669576759745,0,0,1,TRANSFER,0
480.91993059155715,0.3833610817626926,0,0,0,TRANSFER,0
1597.3056686678517,0.33240862875510757,0,0,0,WITHDRAWAL,0
179.78513528242556,1.0202918117748359,0,0,0,TRANSFER,0
130.69971713334894,1.3218435545214853,0,0,0,PAYMENT,0
4325.951668599842,2.1513229940777325,0,0,0,PAYMENT,0
2707.5518505464065,0.6715723674507004,0,0,0,WITHDRAWAL,0
384.0232755207858,1.1449681717861384,0,0,0,PAYMENT,0
1093.3485786821448,1.117817462110236,0,0,0,PAYMENT,0
3039.6785850277884,0.9121271553473779,0,0,0,TRANSFER,0
1667.6998293327138,0.9505329864961141,0,0,0,PAYMENT,0
1271.844001671114,0.5497491741109612,0,0,1,PAYMENT,0
3278.541970343496,1.216277768948136,0,0,1,WITHDRAWAL,0
528.1009849527783,1.146294981506981,0,0,1,PAYMENT,0
1131.3630782183163,0.7349092651470701,0,0,0,TRANSFER,0
1077.2333945472474,1.5936739102816293,0,0,1,PAYMENT,0
834.8382156194052,2.053369519597447,0,0,0,TRANSFER,0
742.6274372274692,1.6066695069159125,0,0,0,TRANSFER,0
1179.5263491221128,0.482048607759296,0,0,0,PAYMENT,0
1135.0222077067353,1.072242271666465,0,0,0,WITHDRAWAL,0
384.3572111156388,0.5283469578173694,0,1,0,TRANSFER,0
2444.989017063825,1.0699247537575103,0,0,0,WITHDRAWAL,0
413.0690590727814,0.5297894116449834,0,1,0,PAYMENT,0
881.6247883434476,2.4449247274853083,0,0,0,TRANSFER,0
816.2490586106902,1.7303644106359704,0,1,0,DEPOSIT,0
1568.858576598235,2.2413817172076063,0,1,0,TRANSFER,1
131.74866569034427,2.0879974800286787,0,0,0,WITHDRAWAL,0
2672.874636006995,0.8274390764211087,0,1,0,PAYMENT,0
557.2475927531048,0.7423556629991817,0,0,0,TRANSFER,0
3714.3660433754085,3.3845016757461774,0,0,0,TRANSFER,0
679.8247711545055,0.8908459562018058,0,0,0,PAYMENT,0
1044.3567391753902,0.3874352853320628,0,0,0,TRANSFER,0
7433.752371720622,2.0243055704373005,0,0,0,PAYMENT,0
831.0265893929632,1.1058817358644333,0,0,0,WITHDRAWAL,0
3785.1844051571884,2.869566252409263,0,0,0,TRANSFER,0
1140.2981993551136,1.1853982268977792,0,0,1,WITHDRAWAL,0
1661.4048693853206,0.9860965175951375,0,0,0,TRANSFER,0
1176.0993302752013,2.9103826463859166,0,0,0,WITHDRAWAL,0
2560.228077555311,0.3406408980341889,0,0,0,PAYMENT,0
552.5082620114341,0.6638137849286776,0,0,0,TRANSFER,0
409.9156787578173,0.5373239646241634,0,1,0,PAYMENT,0
579.0702555189773,0.2151207361462512,0,0,0,TRANSFER,0
1211.6161109595091,1.8426845439633206,0,0,0,PAYMENT,0
879.348431476047,0.6769262897357785,0,0,0,TRANSFER,1
2231.1554660447473,1.8846792158543857,0,0,0,PAYMENT,0
4042.9572664466127,1.3130603318237681,0,0,0,DEPOSIT,0
413.2950161475607,1.5295900015336488,1,0,0,WITHDRAWAL,0
526.39464568381,0.7270357437320001,0,1,0,TRANSFER,0
260.8017608322604,0.5856846929872593,0,0,0,PAYMENT,0
8352.974573533416,1.0648485821344669,0,1,0,TRANSFER,1
1487.2283503393587,1.902973624606028,0,0,0,TRANSFER,0
1771.890474091963,0.9653472441823079,0,0,0,PAYMENT,0
287.08881131144415,0.6117965870359455,0,0,0,TRANSFER,0
1095.3508599723473,0.43200735562258497,1,1,0,WITHDRAWAL,1
1824.840718024895,1.1536307129071282,0,0,0,PAYMENT,0
851.7067772751647,0.6785159620747905,0,0,0,PAYMENT,0
3215.395431233459,0.9510216880532962,0,1,0,WITHDRAWAL,1
11068.196843208585,0.8460767964297894,0,0,0,PAYMENT,0
425.3605545464324,0.7326393756401868,0,0,0,WITHDRAWAL,0
394.6158476257891,1.2283385605887744,0,0,0,TRANSFER,1
455.8865271012808,1.4742551200826768,0,0,0,PAYMENT,0
5465.435902536414,3.957827490669057,0,0,0,DEPOSIT,1
3109.9294406738527,1.699913555866774,0,0,0,PAYMENT,0
957.6402468227144,3.051330212030122,0,0,0,PAYMENT,0
1137.4675971539598,0.5638199816070039,0,0,0,PAYMENT,0
484.6642454612147,0.3260640842406554,1,1,0,DEPOSIT,0
2670.516444891783,0.989949666560463,0,0,1,PAYMENT,0
750.0187272546201,1.8232471703586064,0,0,1,PAYMENT,0
845.4960195698516,1.6336441638022243,0,0,0,PAYMENT,0
2015.8369975434914,2.334895416542767,0,0,1,TRANSFER,1
908.6909632192386,0.16938488095811835,0,0,0,PAYMENT,0
866.9956907793463,2.403879345657207,0,0,0,PAYMENT,0
1108.2918171714261,1.2646859601334999,0,0,0,PAYMENT,0
2429.2926751882073,0.33932078805637766,0,1,0,TRANSFER,1
5690.156752347197,1.6594234001312231,0,0,0,TRANSFER,0
1969.40398889057,1.125962025238209,1,0,0,TRANSFER,1
2448.7040970577996,1.305858278154515,1,0,0,TRANSFER,0
897.978331159255,2.0124973332584872,0,0,0,WITHDRAWAL,0
540.3419267353283,1.3514698229192947,0,0,0,TRANSFER,0
2109.035962460733,0.3566581321868105,0,0,0,TRANSFER,0
1301.4584830281808,0.904730301717192,0,0,0,PAYMENT,0
264.375740634304,0.32227449759214727,0,0,0,WITHDRAWAL,0
789.9189747349408,1.5751386755836594,1,0,0,WITHDRAWAL,0
1009.3915237124293,2.6606731883688113,1,0,0,TRANSFER,0
658.2219160963359,0.4193638437121913,0,0,1,PAYMENT,0
4825.818296592348,0.6249868731835079,1,0,0,PAYMENT,0
1771.9555335242303,0.5392054969555427,0,0,0,DEPOSIT,0
4329.3596269005975,0.7277965818569293,0,0,0,PAYMENT,0
1427.1364907653551,1.3346862035993867,0,0,0,PAYMENT,0
1189.6183690874768,0.733338131426584,0,1,0,PAYMENT,0
429.8353302303609,1.5789674502228659,0,0,0,PAYMENT,0
1109.7938243184117,2.108055247976509,0,0,0,PAYMENT,0
1111.0423699436913,2.1624276074297613,0,0,0,TRANSFER,0
279.4675305182203,0.4571577476669113,0,0,0,PAYMENT,0
639.3631035949003,2.6383408696536663,0,0,1,PAYMENT,0
793.7094017391927,2.790583180929787,0,0,0,TRANSFER,0
1658.1860518997712,2.9649967960711474,0,0,0,TRANSFER,0
1739.494985713585,0.8954128574747935,0,0,0,TRANSFER,0
613.1940955483986,0.5907929086747185,0,1,0,DEPOSIT,1
1752.6244032323214,0.5020935439922165,0,1,1,PAYMENT,1
914.0827200093531,0.4624365500128421,0,0,0,PAYMENT,0
62.201553489273806,1.0082168592603664,0,0,0,PAYMENT,0
675.3951777267226,1.8103067382089844,0,1,0,PAYMENT,0
3225.9689707302355,2.495754051745456,0,0,1,WITHDRAWAL,0
204.0151474660724,0.7118486350066787,0,0,0,PAYMENT,0
1227.4464094366465,0.9732816365264769,0,0,0,PAYMENT,0
5352.190600836751,0.9296647075280073,0,0,0,PAYMENT,0
512.5442490983072,0.64101900410862,0,0,0,PAYMENT,0
1098.9924455264118,1.6736797923618956,0,1,1,TRANSFER,1
297.66947979775097,1.2891637761510502,0,1,0,TRANSFER,1
5581.602171457964,1.1043713097281582,0,1,0,TRANSFER,0
1008.9519249689579,1.285070791430504,0,0,0,PAYMENT,0
1148.9765203620116,1.5385122431090583,0,0,0,PAYMENT,0
4248.4116621214225,1.5277650462702732,0,0,0,TRANSFER,0
2124.8965432533037,0.5560244731267114,0,0,0,PAYMENT,0
456.8573818687237,1.8727912857423472,0,0,1,PAYMENT,1
574.0532005517142,1.1957292883522306,0,1,0,WITHDRAWAL,0
1798.9011846743642,0.7376901920528215,0,0,0,PAYMENT,0
587.5015856169032,1.1781681111606284,0,0,0,PAYMENT,0
131.99402915373526,1.2726918619898107,0,0,0,DEPOSIT,0
1039.7745620318424,2.1324009831398727,0,0,0,WITHDRAWAL,0
249.58195516633455,0.4807975747651001,0,0,0,PAYMENT,0
5520.8204118560225,2.52815312881652,0,0,0,WITHDRAWAL,0
1308.6974882167483,1.016348649672235,0,0,0,PAYMENT,0
443.5563908429941,0.7016593314885128,0,0,0,TRANSFER,0
545.3171681712906,0.6867872806221806,0,0,0,PAYMENT,0
165.77018677139122,0.49611008523771655,0,0,0,DEPOSIT,0
365.2339522130697,0.2956318293434086,0,0,0,TRANSFER,0
3030.0160712755915,1.6066960317519994,0,0,0,PAYMENT,0
10216.773868629687,4.001304689432495,0,0,0,PAYMENT,0
2267.416855042341,0.3222812252748168,0,0,0,PAYMENT,0
1000.2022028370724,0.5141195046913523,0,0,0,PAYMENT,0
711.9734521040341,1.6923333081253273,1,0,0,PAYMENT,0
421.36699937380365,0.9685590416226123,0,0,0,PAYMENT,0
8602.136652423529,1.7933645090670378,0,0,0,TRANSFER,0
908.0062829589108,0.9312715522465363,0,0,0,TRANSFER,0
9096.361979176241,0.6660175552955874,0,0,0,PAYMENT,0
4418.340754173601,0.8537733850671653,0,0,0,PAYMENT,0
192.328254033579,0.18872533109514153,0,0,0,PAYMENT,0
563.4325366125049,0.449131733150363,1,0,0,PAYMENT,1
561.6926846284889,1.942149912813013,0,0,0,PAYMENT,0
1012.4755351705603,2.3032700888459003,1,0,0,PAYMENT,0
1032.4457146948362,2.6759815257589286,0,0,0,PAYMENT,1
21943.781938743203,1.3615292853384726,0,0,0,PAYMENT,0
373.4455181496867,0.20613000603355994,1,0,0,PAYMENT,0
1378.8015180895272,0.6411418379854941,0,0,0,DEPOSIT,0
2031.4553624222158,2.527571533487104,0,0,0,WITHDRAWAL,0
1094.91060049146,3.1147159711735095,0,0,0,PAYMENT,0
1224.368619899573,2.595692706988175,0,0,0,TRANSFER,0
385.750622774645,0.8475743412047486,0,0,0,TRANSFER,0
1219.8536781632877,0.40067562004516344,0,0,0,PAYMENT,0
1828.770196533993,0.9719585563108931,0,0,0,WITHDRAWAL,0
1521.7261344252977,1.010418814537562,0,0,0,PAYMENT,0
1939.5299015641954,2.9918603186043558,0,0,0,PAYMENT,0
4503.489864490303,1.1728702034876144,1,0,0,WITHDRAWAL,0
2798.8574012970503,1.0117452654689816,0,0,0,PAYMENT,0
1177.6716774209985,1.0527929695424671,0,0,0,PAYMENT,0
339.7607345998676,1.322999068212833,1,1,0,WITHDRAWAL,1
601.8418633217412,1.5503924000953988,0,0,0,PAYMENT,0
880.3933956427885,0.6021936523166672,0,0,0,DEPOSIT,0
1411.4119020684197,0.47695445432983363,0,0,0,PAYMENT,0
679.7106809903252,2.610106343089461,0,0,0,TRANSFER,0
430.2071344882234,0.31703950034376194,0,0,0,PAYMENT,0
334.22061901091445,3.146916930873668,0,1,0,PAYMENT,0
210.36039804847536,0.2625076411903407,1,0,0,PAYMENT,0
867.008947004883,0.664195468217235,0,0,0,TRANSFER,0
252.22828188105277,1.9744655998969296,0,0,0,TRANSFER,0
403.2167731001236,1.000239350994671,0,0,0,PAYMENT,0
739.5915890523879,0.39790827597472805,0,0,0,WITHDRAWAL,0
288.323378031284,1.3478351434781757,0,1,0,WITHDRAWAL,0
1603.1924290792654,1.048020387321138,0,0,0,TRANSFER,0
2298.985145846908,0.8596466881247181,0,0,0,TRANSFER,0
633.0649225940205,0.6461357851554642,0,1,0,PAYMENT,0
708.3743468078658,0.976066851357477,1,0,0,PAYMENT,0
1876.9994998782377,0.6654144972484274,0,0,0,PAYMENT,0
537.0036560461629,5.496837177510904,0,0,1,PAYMENT,1
501.33076278385306,0.8453436851977311,0,0,0,PAYMENT,0
3628.223734597628,0.7697958973303586,0,0,0,PAYMENT,0
2654.967622569986,0.6844461541541272,1,0,1,TRANSFER,1
2001.2955050058763,3.4689973011160062,0,0,0,PAYMENT,0
2767.3476721676184,0.31747798090745544,0,0,0,PAYMENT,0
151.8238966688082,1.286084968202089,0,0,0,TRANSFER,0
4246.436955115923,0.8457740966131441,0,0,0,PAYMENT,0
1623.049581896568,0.36921355103468945,0,0,0,PAYMENT,0
3013.2707147706683,0.5636321652617717,0,1,1,WITHDRAWAL,1
1615.1155468205232,1.2484063223125923,0,0,0,PAYMENT,0
1151.6198836306178,0.5460333340324742,0,0,0,PAYMENT,0
832.7144511310876,1.1992480672350845,0,0,0,TRANSFER,0
1583.1065664060466,3.3548506711219317,0,0,0,TRANSFER,0
802.9175980786274,1.1268436271962712,0,0,0,TRANSFER,0
2612.012040482633,0.36151247283861604,0,0,0,PAYMENT,0
224.42539943310328,0.5528008973255084,0,1,0,TRANSFER,0
638.0547777527095,0.8189076040002959,0,0,0,PAYMENT,0
8474.553516793574,0.7814808892953944,0,0,0,PAYMENT,0
586.3515570665323,1.1122774738898995,0,0,0,TRANSFER,0
863.7784194444706,1.2444704019469333,0,0,0,PAYMENT,0
453.69223271341673,3.358080626305639,0,0,0,TRANSFER,0
1534.3247683045715,0.9973996212958588,0,0,0,WITHDRAWAL,0
525.176874602936,0.446401676280635,0,0,0,PAYMENT,0
910.8598697654935,2.242663655151882,0,0,0,PAYMENT,0
2562.8277969720257,2.420846333816486,0,0,0,TRANSFER,0
545.2457340370919,1.1766955936390961,0,0,0,WITHDRAWAL,0
2412.9639347033003,0.8415784219492233,0,0,0,PAYMENT,0
2495.462384740298,1.5461724374990862,1,0,0,TRANSFER,0
3149.36490716508,0.8626416863184847,0,0,0,PAYMENT,0
1262.1110000741621,0.2371656942796586,0,0,0,WITHDRAWAL,0
28036.403703267322,1.4835412972568032,0,0,0,PAYMENT,0
3148.0349020845524,1.8674540523288905,0,0,0,TRANSFER,0
1517.5881715469638,2.7422014899065292,0,0,0,TRANSFER,0
456.7223175229396,0.5995769774130703,0,0,1,PAYMENT,0
995.197165814703,1.1715360149672898,0,0,0,WITHDRAWAL,0
4565.699337933235,1.1894127411669295,0,0,1,WITHDRAWAL,0
6060.421406222621,1.0615900080096525,0,0,0,PAYMENT,0
4809.407143146737,1.0837196312445874,0,0,0,PAYMENT,0
2404.7285489967826,1.026336033096067,0,0,0,TRANSFER,0
312.41729985982346,1.1597733302971227,1,0,0,PAYMENT,0
1784.978800773181,1.6794674074799694,0,0,1,PAYMENT,0
316.9035984991962,2.349497010611554,0,0,0,PAYMENT,0
247.77691538904418,0.5889389832584032,0,0,0,PAYMENT,0
1392.9215913476244,0.8863787396295524,0,0,0,TRANSFER,0
1850.4783408450253,0.7439170934290282,0,0,0,PAYMENT,0
2706.4067146254474,0.673026448946838,0,1,0,PAYMENT,0
1802.8720225227019,0.32263875387083985,0,0,0,WITHDRAWAL,0
1866.0627067435705,1.0171002832091545,0,0,0,PAYMENT,0
409.66813905625224,1.3986734597494734,0,1,0,PAYMENT,0
987.3487448933411,0.8971162502952448,1,0,0,PAYMENT,1
242.9566942183533,0.9937490912514535,0,0,0,WITHDRAWAL,0
147.91397734102827,1.340316593062386,1,0,0,WITHDRAWAL,0
2299.9501087705407,2.68527672674452,0,0,0,PAYMENT,0
516.3968743624158,0.7453993449955822,0,0,0,TRANSFER,0
2624.113758321302,0.44037507146714905,0,0,0,PAYMENT,0
3322.0840068241514,0.9386542270473028,0,0,0,TRANSFER,0
590.3305742764948,3.7377838576163,0,0,0,PAYMENT,0
1978.9290520492466,0.4436894532420874,0,0,0,PAYMENT,0
566.1410609166568,1.5763231059780254,0,0,0,WITHDRAWAL,0
173.1435683804131,2.249120521567077,0,0,0,PAYMENT,0
1240.5491263985307,0.19092512307634835,1,0,0,PAYMENT,0
684.7995175289228,1.3326317767317708,0,0,0,TRANSFER,0
706.2088317349272,1.5255994975392897,0,0,0,PAYMENT,0
7905.730204359755,0.8293320667973982,0,0,0,WITHDRAWAL,0
238.4460352110944,0.6360316245374045,0,0,0,PAYMENT,0
1608.2005069970667,0.661355576356937,0,1,0,PAYMENT,0
405.5291521589127,0.7945352335927636,0,0,0,TRANSFER,0
2719.657981443077,0.8093958108469571,0,0,0,PAYMENT,0
1477.9795071797764,0.7092523230553237,0,0,0,PAYMENT,0
1602.5387174859393,0.7857373702913198,0,0,0,PAYMENT,0
426.2859573238029,2.3014843324021608,0,0,0,TRANSFER,0
510.00069410705805,0.42737213052074846,1,0,0,DEPOSIT,0
2771.7952871434663,0.2939513809344169,0,0,1,TRANSFER,0
6443.3103834663425,2.3273949038657937,0,0,0,TRANSFER,0
1772.7863861382152,0.8742294304510748,0,0,0,WITHDRAWAL,0
447.00924611853003,0.7620351431513489,1,0,0,WITHDRAWAL,1
1539.077550044891,0.9251013437938314,0,1,0,PAYMENT,1
12425.076952895084,1.1577676259131253,0,1,0,PAYMENT,0
1214.907001316619,0.6929233728576606,1,0,0,TRANSFER,1
4730.75864833664,1.424971465562003,0,1,0,WITHDRAWAL,1
523.0466380397272,0.509877997909729,0,0,0,WITHDRAWAL,0
1051.4379141447357,0.8095487182849807,0,0,0,PAYMENT,0
2037.6759681572298,0.21218698704366096,0,0,0,WITHDRAWAL,0
1631.6194174925738,2.271785291481746,0,0,0,PAYMENT,0
509.59246594119236,0.8840325572169508,0,0,1,PAYMENT,0
488.08156968039816,1.598511468796298,0,0,1,WITHDRAWAL,0
2946.2380643303186,1.395987721740083,1,0,0,PAYMENT,0
3610.3168322794277,1.4694227642032496,0,0,0,TRANSFER,0
4974.815473355108,0.9945719155773953,0,0,0,PAYMENT,0
6660.371103663566,1.3122709354979425,1,1,0,DEPOSIT,1
1254.659420091054,0.5102272374714045,0,0,0,PAYMENT,0
803.3582514744114,0.44050874147669594,0,0,0,TRANSFER,0
4234.374670888736,0.931672283336129,1,0,0,PAYMENT,0
2237.398938216925,0.621360738545026,0,0,1,PAYMENT,0
410.5693033560593,2.7123757768763372,0,1,0,PAYMENT,0
390.08487142286356,1.300307923323964,1,0,1,PAYMENT,0
1793.5105895439162,0.60559915444644,0,0,0,PAYMENT,0
918.4847841271976,0.8268943798279602,0,1,0,PAYMENT,1
1068.0288638794575,1.0975765438824758,0,0,0,WITHDRAWAL,0
3205.2115220937953,0.9535131437423721,0,0,0,PAYMENT,0
2342.647888736857,1.2095183506563236,0,0,1,TRANSFER,1
4145.892020588688,1.0492316990278403,0,0,0,TRANSFER,0
158.93000634415282,0.3777737815843766,0,0,0,WITHDRAWAL,0
1412.8976100102334,0.2218767575897116,0,0,0,PAYMENT,0
2196.6494966398213,0.7698756032362053,0,0,0,PAYMENT,0
238.27230142905879,1.4804482204318299,0,0,0,PAYMENT,0
569.6968394292026,0.7759568824509575,0,0,0,PAYMENT,1
473.1984410768008,2.3764193484523988,0,0,0,PAYMENT,0
1120.6881228865043,0.9677120649581933,0,0,0,TRANSFER,0
5585.079626978036,2.585805965804501,0,1,0,TRANSFER,0
8288.210850774822,2.239678676273308,0,0,0,WITHDRAWAL,0
485.75891780540763,2.087361452795828,0,0,1,WITHDRAWAL,0
1856.702326595369,0.43065062005120097,0,0,0,PAYMENT,0
1917.5389618883132,1.0120707379487053,0,0,1,TRANSFER,0
1615.8651220419167,2.3535891037341363,0,0,0,PAYMENT,0
1634.3159796755365,1.2100253470090725,1,0,0,WITHDRAWAL,0
1485.850333417552,1.4741063378007078,0,0,1,PAYMENT,0
5928.758558836406,0.3785068480821693,0,0,0,TRANSFER,0
3302.603957637312,3.8311037667493255,0,1,1,TRANSFER,1
379.87646296403614,0.5746684105704888,0,0,0,TRANSFER,0
2430.1811499984583,0.24756116424915586,1,0,0,PAYMENT,0
2676.7894113466828,0.7820879971228679,0,0,0,WITHDRAWAL,0
1502.622640170418,0.1802809708275303,1,1,0,PAYMENT,1
3399.6384628781097,0.46785933178537364,0,0,0,TRANSFER,0
1323.5516342254812,5.995194808853448,0,0,0,PAYMENT,0
1340.057390924898,0.766417250381461,0,0,0,PAYMENT,0
1237.98525728122,0.36808145596138137,0,1,0,PAYMENT,0
145.73004658329066,1.017866246100033,0,0,1,PAYMENT,0
1011.9167727441837,0.5334112259008239,0,0,0,PAYMENT,1
562.139154741229,1.831551532788861,0,0,0,PAYMENT,0
334.80625519115586,0.5365039547391058,0,1,0,TRANSFER,1
4600.950928682916,1.2086615581632636,0,0,0,TRANSFER,0
1815.6658129747047,0.44800928299505594,0,0,1,PAYMENT,0
1064.4025332238361,6.1676611707965305,0,0,1,TRANSFER,1
623.4051627485852,1.4226717302987715,0,0,0,DEPOSIT,0
1474.6406096764995,0.9031613510103119,0,0,0,PAYMENT,0
2955.5383421071106,0.8145896614279058,0,0,0,PAYMENT,0
479.6392008925233,0.6787380673129847,0,0,0,WITHDRAWAL,0
1091.3509677422762,0.5870534331023043,0,0,0,PAYMENT,0
2612.509411752256,0.5758674833825849,0,0,0,WITHDRAWAL,0
158.22196214943148,3.23759313870355,1,0,0,DEPOSIT,0
1035.2831442341803,0.6792067061687329,1,1,0,PAYMENT,1
713.8755371678919,0.22523899632126948,0,0,0,PAYMENT,0
959.2676629459644,0.4421184684651312,0,0,0,DEPOSIT,0
664.0592939639668,1.9144056980044604,0,0,0,PAYMENT,0
1258.4355546603942,0.8380924690879413,0,0,0,PAYMENT,0
7507.270428403587,0.910412832646943,0,0,0,PAYMENT,0
793.2016890623493,2.2679358848362527,0,0,0,TRANSFER,0
1468.0804484863045,0.5804122730078454,0,0,0,TRANSFER,0
8060.6253424996485,1.5568933688316096,0,0,1,WITHDRAWAL,0
632.6924364169929,0.6265553222638155,0,0,0,PAYMENT,0
6732.3217543270475,1.496476950210583,0,0,0,PAYMENT,0
1102.486107822508,0.7604882060627856,0,0,1,TRANSFER,0
6515.2197957409935,0.8444376109278303,0,0,0,PAYMENT,0
2322.0393876967146,1.7755203950315428,0,0,0,WITHDRAWAL,0
1490.859923876497,1.6881231765103168,0,1,1,PAYMENT,0
1026.9713555053213,0.890653701513852,0,0,0,PAYMENT,0
587.5483615255948,0.71882555744325,1,0,0,PAYMENT,0
1182.9795176987138,3.0630259782907743,0,0,0,TRANSFER,0
2690.1748191613087,1.5106372294244164,1,1,0,TRANSFER,1
1082.3485787211102,0.7604847150331414,0,0,0,WITHDRAWAL,0
799.012983193805,0.6330796380139658,0,0,0,TRANSFER,0
853.3906937820524,2.0491565200778683,1,1,0,WITHDRAWAL,1
2958.615240157435,1.0841324265144794,0,0,0,PAYMENT,0
3733.724183334512,0.8918234459090038,0,0,0,WITHDRAWAL,0
562.757882182005,1.0838100129969346,1,0,0,WITHDRAWAL,0
561.9495867355103,1.2667541129817983,0,0,0,PAYMENT,0
1602.5620674247948,0.9610946312636455,0,0,0,PAYMENT,0
5051.962520800305,2.3223527931985406,1,0,0,DEPOSIT,0
3449.519787514661,2.4146079475053677,0,0,0,PAYMENT,0
313.60925113067736,1.4510997009665565,0,1,0,TRANSFER,0
842.1212700069999,2.617718909590657,0,0,0,PAYMENT,0
432.4196139122814,1.005965460608264,0,0,0,PAYMENT,0
839.2322435248376,1.6213055236639553,0,0,0,PAYMENT,0
5455.666083988295,2.020044262315368,0,0,0,PAYMENT,0
264.3831432498825,2.040769200817913,0,1,0,TRANSFER,0
217.26867182660948,1.898756889605979,0,0,1,WITHDRAWAL,0
478.87798988722557,1.555555063343851,0,0,0,TRANSFER,0
1461.6344905307685,3.935310086586258,0,0,0,PAYMENT,0
2040.1014594800515,0.6853764362542197,0,0,0,PAYMENT,0
1698.4110812002214,0.8970402453739909,0,0,0,PAYMENT,0
3553.4896627558455,0.8605725687455302,0,0,0,PAYMENT,0
188.08884025631423,0.7728680053341648,1,0,0,TRANSFER,1
3598.7309138372584,0.2485427464353204,0,0,0,TRANSFER,0
802.6387040074155,2.6179861154949324,1,0,0,PAYMENT,0
2279.0051974003054,0.4876153889196208,0,0,0,TRANSFER,0
291.94766981249046,1.126223990887643,0,0,0,PAYMENT,0
1102.0823305157305,0.3696115002245854,1,0,0,DEPOSIT,0
1388.9047565279188,1.5441923324657107,0,0,1,PAYMENT,0
3483.354472958754,0.5770783546009338,1,0,0,WITHDRAWAL,0
224.6953258843689,0.4515029615105262,0,0,0,TRANSFER,0
1130.881333131467,1.145728208878736,0,0,0,DEPOSIT,0
370.4671248157212,0.612311458787626,0,0,0,TRANSFER,0
1818.006852910923,0.6690400419142907,0,0,0,TRANSFER,0
2385.6252694721798,1.1277818405911846,0,0,0,PAYMENT,0
3972.576845169442,1.7506595760812649,0,0,1,PAYMENT,0
642.245446272017,0.5638988759560191,0,0,0,PAYMENT,0
2771.728704827252,0.499656342537542,0,0,1,DEPOSIT,0
4276.548711563437,1.016574423323414,0,0,0,TRANSFER,0
212.0353551079214,1.45859961290608,0,0,0,TRANSFER,0
2023.0163518349025,2.7841110610706554,0,1,0,PAYMENT,0
2859.8122470664143,0.472399279993666,1,0,1,PAYMENT,0
846.638339594199,0.80045339276956,0,0,0,PAYMENT,0
326.76015227059514,2.2774359289063453,0,1,0,PAYMENT,0
2815.670656610722,3.9795397634953193,0,0,0,PAYMENT,0
330.46183380013036,0.4989927564261058,0,0,1,PAYMENT,0
917.4963167590349,0.5962064114938614,0,0,1,TRANSFER,1
1053.5028538852478,1.3057401780452436,0,0,0,PAYMENT,0
2242.9293851548273,0.6673636364534402,0,0,0,PAYMENT,0
586.0285101270425,0.587744923863204,0,0,0,TRANSFER,1
553.0322461764674,1.186644319881803,0,0,0,TRANSFER,0
1210.6533829538275,2.958238434257049,0,0,0,PAYMENT,0
3000.068730695815,0.3998612741834626,0,0,0,WITHDRAWAL,0
10801.604864669518,2.8543206831550183,0,0,0,PAYMENT,0
242.86817349261298,0.6687543654563558,0,0,0,TRANSFER,0
1503.1858244208229,1.2738634188907139,1,1,0,TRANSFER,0
369.9859284747371,3.045288081617316,0,0,0,PAYMENT,0
3037.5642606869733,1.2557418514188048,0,0,0,PAYMENT,0
428.999370984681,0.8120090985767693,0,0,0,PAYMENT,0
558.5542683441561,1.653216750688947,0,0,0,PAYMENT,0
608.3370828606311,0.8858422942927617,0,0,1,PAYMENT,0
1016.1752071773651,1.4404358403687079,0,1,0,TRANSFER,0
1515.0407221038665,0.8665142722061135,0,0,0,PAYMENT,0
1778.8126917334218,1.8272407240144333,0,0,0,PAYMENT,0
1090.3264805520182,0.3768295993657543,0,1,0,PAYMENT,0
290.0661433697433,0.4919072301544166,0,0,0,TRANSFER,0
2270.569931959681,0.37297275779504435,1,0,0,PAYMENT,0
1040.0679601899938,0.9612693768083034,0,0,0,TRANSFER,0
3504.2604898883133,0.3427764638486416,0,0,0,PAYMENT,0
540.3738530727162,0.6161393629097857,0,0,0,PAYMENT,0
220.90334936043783,0.46058584524133667,0,0,0,WITHDRAWAL,0
1059.9468001585165,2.8172841701446787,0,0,0,TRANSFER,0
4007.6194405106135,0.4998354940865619,0,0,0,TRANSFER,0
1288.1239501416183,0.40633310827456,0,0,0,WITHDRAWAL,0
898.1438105214629,1.1898615712021032,0,0,1,WITHDRAWAL,0
459.27675587945475,3.2568966957835723,0,0,1,WITHDRAWAL,0
6359.890674744356,0.9219659787848818,0,1,1,PAYMENT,1
391.6612880255848,0.9732604897037892,0,0,0,PAYMENT,0
530.9170224039264,2.4683014024474654,0,0,0,DEPOSIT,0
1939.2065936965555,1.8492137278082803,0,0,0,TRANSFER,0
171.39645273365696,1.3468795725384133,0,0,0,PAYMENT,0
3922.9165161992246,0.6652193055703437,0,0,0,PAYMENT,0
2047.1279999560518,1.3759859578395714,0,0,0,TRANSFER,0
2695.209109033412,0.38575652732788285,0,0,0,TRANSFER,0
1916.233868622455,0.6462473947031008,0,1,0,PAYMENT,0
933.4398094515667,2.723788809334146,0,0,0,PAYMENT,0
378.74050600069666,2.4877902814906214,0,0,0,PAYMENT,0
953.295147024693,1.3583072963840255,1,1,1,WITHDRAWAL,1
413.54390519027527,0.25909833825463063,0,0,0,PAYMENT,0
1783.1831096180172,0.4292331349341366,0,0,0,WITHDRAWAL,0
2457.2050649291878,0.6214929572028512,0,0,0,TRANSFER,1
4802.100143954692,0.8867525391158739,0,0,0,WITHDRAWAL,0
1590.4426306875885,0.4167420618203781,0,0,0,WITHDRAWAL,0
2764.3902261436747,0.841625947341317,0,0,0,PAYMENT,0
814.7287720078176,3.4456296734660876,1,0,0,TRANSFER,1
679.7484899229308,1.323904220387569,0,0,0,TRANSFER,0
1761.0612527318178,1.1655331715100248,0,0,0,PAYMENT,0
745.106474741044,0.4905202122850205,0,0,0,PAYMENT,0
1435.381273652156,0.31749622493176977,0,0,1,TRANSFER,0
379.4822450634113,0.42327317784217466,0,0,0,WITHDRAWAL,0
454.1249214283587,0.30864226116541976,0,0,0,PAYMENT,0
2070.2182200524776,1.0539285764762698,1,0,0,PAYMENT,1
2661.619564699896,1.3082888514350652,0,1,0,WITHDRAWAL,0
409.2572089130559,0.5087986262330433,0,0,1,PAYMENT,1
2144.398367153757,1.1090940799814297,0,0,0,WITHDRAWAL,0
643.7203077075234,2.7962959638500977,0,0,1,PAYMENT,0
1114.8834800100149,3.9368784575580875,0,0,0,PAYMENT,1
4523.061722693956,1.7147842063922216,0,0,0,PAYMENT,0
2458.943915292411,0.8848046854205723,1,1,0,PAYMENT,1
2430.5479093620893,1.6764407934181307,0,0,0,PAYMENT,0
7396.708318881715,2.576075169633164,1,0,1,TRANSFER,1
542.46342237622,0.24535240934707153,1,0,0,PAYMENT,0
409.167670765717,2.8220069788904536,0,0,1,WITHDRAWAL,0
532.6570212863464,0.6830339083740904,0,0,0,PAYMENT,0
850.2232368520622,0.6876508409725183,1,0,0,PAYMENT,1
104.11014088397997,0.7800091872750246,0,0,1,TRANSFER,0
891.2025792525395,1.2511447061070786,0,1,0,PAYMENT,0
636.146745157271,0.459379791961266,1,0,0,TRANSFER,1
2401.2861470447865,0.8192468599187067,0,0,0,PAYMENT,0
1559.9661152436847,1.4444000492935565,1,0,0,WITHDRAWAL,0
601.4259219067221,1.1653248326849006,0,0,0,PAYMENT,0
1978.2360551148508,1.3054791786107462,0,0,0,PAYMENT,0
2260.3231297777966,0.7970976396958577,0,0,1,TRANSFER,1
508.4944038459009,1.6251448767388623,0,0,1,PAYMENT,0
669.7977121395656,2.094869552659834,0,0,1,DEPOSIT,1
118.46728101857269,2.0087397161188374,0,0,0,PAYMENT,1
368.46289907729107,1.348950878090787,0,0,0,PAYMENT,0
521.9284134932509,1.9294303928278274,0,0,0,PAYMENT,0
1181.0582960813747,1.8399573810509153,0,0,0,PAYMENT,0
426.075823829116,6.511406822750915,0,0,0,TRANSFER,1
656.2540681359283,2.345847981316947,0,1,0,PAYMENT,0
322.03792509833374,0.9397692659118237,0,0,0,TRANSFER,0
1301.293304501525,0.528255346626583,0,0,0,PAYMENT,0
1678.5986620492058,0.832936243357149,1,0,0,WITHDRAWAL,0
1639.858683355473,0.7927483880584278,0,0,0,PAYMENT,0
1110.2729132795546,1.4304596088293111,0,0,0,PAYMENT,0
234.84530093937443,0.6125165162427603,0,0,1,PAYMENT,0
589.9550432452486,2.303717264088811,0,0,0,PAYMENT,0
729.7436642995393,0.3780631234211521,1,0,0,PAYMENT,1
732.6768074178615,0.3189351158670443,0,0,0,WITHDRAWAL,0
1182.0212998600343,0.9097538545662627,0,0,0,PAYMENT,0
4562.1139124029005,0.5544429658184507,0,0,0,PAYMENT,0
2470.303292783793,0.4144662638160394,0,0,0,TRANSFER,0
408.4960399594294,0.6402164424312429,0,0,0,PAYMENT,0
2161.165363431269,0.5868182804884509,0,0,0,PAYMENT,0
2080.372758935641,1.0071192541152059,1,0,0,TRANSFER,1
489.7683513859119,0.6476987700015632,0,0,0,PAYMENT,0
2562.8262249348813,0.6856458413816442,0,0,0,TRANSFER,0
934.1372388031008,0.996599791092658,0,0,0,TRANSFER,0
267.7480723830372,2.033928408301018,0,0,0,PAYMENT,0
1728.8344370785753,2.7997267575840503,0,0,1,TRANSFER,0
1362.3437262302837,1.1089762514302965,0,0,0,PAYMENT,0
873.337754792894,1.1710258776572788,0,0,0,WITHDRAWAL,0
1056.3204926169244,0.8796502338021986,0,0,0,PAYMENT,0
534.2770481125616,1.4005626294121527,0,0,0,PAYMENT,0
2018.5415078598264,1.3141020128629703,0,0,0,PAYMENT,0
1050.004118464557,2.529681430877085,0,0,1,PAYMENT,0
1295.2368380645,0.26657670839643793,0,0,0,PAYMENT,0
1567.350549012462,0.8486160604291768,0,0,0,PAYMENT,0
345.64574271821505,1.2679899224506797,0,0,0,WITHDRAWAL,0
448.41402927436764,0.9817694538090677,0,0,0,PAYMENT,0
120.30805043295389,0.5181859509525122,0,0,0,PAYMENT,0
1928.9715389428068,0.40270271245796513,0,0,0,PAYMENT,0
326.29111583793343,1.7584376188259647,0,0,0,TRANSFER,0
1252.0903453705243,0.5886943883443289,0,0,0,TRANSFER,0
1589.2034978316333,0.2927517367300029,0,1,0,WITHDRAWAL,0
2002.9028633185117,1.8213919236668359,0,0,0,TRANSFER,0
328.9754362631613,1.37890268947356,0,0,0,TRANSFER,0
1027.4531835314572,0.9220905330473265,0,0,0,PAYMENT,0
5827.133169709224,0.5271942961808376,0,1,0,WITHDRAWAL,0
6089.459958363467,0.9236620598240797,0,0,0,PAYMENT,0
2943.407179835365,2.3417799915845903,1,0,1,TRANSFER,1
1536.854599423633,0.3229397517588632,0,0,0,WITHDRAWAL,0
401.37398000504805,0.3346117643117419,0,0,0,PAYMENT,0
2249.8562975224954,0.6443999366172254,0,1,0,PAYMENT,0
936.3401056854996,0.9815222650994713,1,0,0,PAYMENT,0
1920.8599882233523,0.7065196044734334,0,0,0,WITHDRAWAL,0
582.3994457100371,1.5682676501605848,0,1,0,PAYMENT,0
922.4810993174975,2.1429508071904317,0,0,0,PAYMENT,0
1292.2592990648145,1.2154788838503383,0,0,0,PAYMENT,0
1402.8737516626713,1.4803856684641366,0,0,0,TRANSFER,0
1796.7283638674605,1.2098176991718532,0,0,0,TRANSFER,0
614.4975951399132,1.006677861790451,0,0,0,TRANSFER,0
286.20706372281205,0.4043432674546874,0,0,0,WITHDRAWAL,0
5567.965689452395,0.4869498223865242,0,0,0,PAYMENT,0
13216.934050844324,0.38842975595287343,0,0,0,PAYMENT,0
1715.4328376093458,0.9012673347282921,0,0,0,TRANSFER,0
291.7822792851776,1.1765596414647366,0,0,0,PAYMENT,0
506.13573442016,0.3625895976318255,0,0,0,TRANSFER,0
1824.6027462797715,1.0521298444384415,0,0,0,DEPOSIT,0
4192.764630498975,0.5419121206112192,1,0,0,PAYMENT,0
326.06911413909836,0.47310423704070753,0,0,0,PAYMENT,0
968.421260571417,0.6454906255380225,0,0,0,DEPOSIT,0
1333.993113867619,0.45642378460621313,0,1,0,PAYMENT,0
2603.412728713716,1.5290725613716845,0,1,1,PAYMENT,0
777.7451544940567,0.8890488526336453,0,0,1,PAYMENT,0
229.56479221554702,1.7694165153455497,0,0,0,PAYMENT,0
2041.0048915543418,0.7331188513797277,0,0,0,PAYMENT,0
3377.1787992744107,0.7527815170238927,0,0,0,PAYMENT,0
1009.7000022663358,3.7112466653453446,0,0,0,PAYMENT,0
1644.5796379545968,0.3210551607808422,0,1,0,PAYMENT,0
682.3268331702108,2.457481070821844,0,0,0,TRANSFER,0
470.70294511651485,3.1840909311483125,0,0,0,PAYMENT,0
3060.7818858144533,1.7092800310535317,0,0,1,WITHDRAWAL,0
1615.6551965035426,0.7934781079987978,0,0,0,WITHDRAWAL,0
1790.7120255921832,2.715107236016391,0,0,1,PAYMENT,0
4925.175305482918,0.7983302245353682,0,0,1,PAYMENT,0
381.8995690069814,0.6101503297292882,0,0,0,TRANSFER,0
631.4215662878197,0.7620159125254755,0,0,0,PAYMENT,0
1284.2540832630796,0.6708997095207033,0,0,0,PAYMENT,0
623.7107768224614,0.515490611841458,0,0,0,PAYMENT,0
2399.790054630648,2.174949582639347,0,0,0,PAYMENT,0
909.2324473063192,0.5819249177732851,0,0,0,PAYMENT,0
406.4525493884878,0.9794609670686015,0,0,0,WITHDRAWAL,0
1171.1853975467282,0.3639858365864688,0,0,0,TRANSFER,0
1300.2850268060033,1.0218017363563041,0,0,0,PAYMENT,0
2792.4707681316822,0.445237143973188,1,0,0,PAYMENT,1
1624.8014507541016,0.4376481175646236,0,0,0,PAYMENT,0
1739.1406508002867,0.9263514904231825,0,0,0,PAYMENT,0
1510.644536358882,2.095685244611537,0,0,0,TRANSFER,0
908.4841839447425,1.3610950797167358,0,0,0,PAYMENT,0
535.810677409962,1.4281562408509862,0,0,1,TRANSFER,0
1463.8692078929632,0.9130706437358037,0,0,0,PAYMENT,0
785.935897780172,0.7906118136399809,0,0,0,PAYMENT,0
5942.128137156101,1.7398492072063971,0,0,0,TRANSFER,0
4197.239367777796,0.6742030086630573,0,1,0,TRANSFER,0
2064.9042418854365,1.7933832292374419,0,0,1,PAYMENT,0
1601.1332508452406,2.3753929044433733,0,0,0,WITHDRAWAL,0
1004.2948666537127,0.5548981208716419,0,0,0,WITHDRAWAL,0
310.715054479984,0.6150130161406476,0,0,0,PAYMENT,0
883.4438862073582,0.6825040250097542,0,0,0,TRANSFER,0
1213.665057221858,0.35812476846715685,0,0,0,TRANSFER,1
1379.4725217197836,0.7199439536578985,0,0,0,PAYMENT,0
1753.7933805935395,2.4868449434487867,0,0,1,PAYMENT,0
2755.433881342912,0.480992847218409,0,0,0,WITHDRAWAL,0
548.8613877533313,2.528527900937411,0,0,0,PAYMENT,0
553.8668931412396,0.7382955055015844,0,0,0,WITHDRAWAL,1
4679.079491630452,4.392176745386801,0,0,0,PAYMENT,1
2370.797295581299,0.6204755084900074,0,0,1,PAYMENT,0
741.9108278655765,0.9041252612353661,0,0,0,PAYMENT,0
985.1449926980063,0.528808907610541,0,0,0,PAYMENT,0
989.5853859393646,0.6179235457784344,0,0,0,TRANSFER,0
1131.8108173127694,2.5516122564236876,0,0,0,PAYMENT,0
1759.320778500046,1.3939977239608397,0,1,0,WITHDRAWAL,0
13835.496047305829,2.0547875187989493,1,0,0,TRANSFER,1
1325.780419875524,0.39815555406626907,0,0,0,PAYMENT,0
2127.2772410903517,1.5815097317063311,0,0,0,PAYMENT,0
203.06442511889847,0.5066117632417728,0,0,0,WITHDRAWAL,0
675.2614891715756,0.3921452550923185,0,0,0,PAYMENT,0
3747.390472443198,1.1819153460800234,0,0,0,PAYMENT,1
1639.7767628778497,1.1734836850356762,0,0,0,PAYMENT,0
13.611096989408283,1.038048024871948,0,1,0,DEPOSIT,0
2151.7208628913704,1.6525026375501854,1,0,0,DEPOSIT,0
7466.371331895608,1.8431875230972818,0,0,0,WITHDRAWAL,0
149.0217716727457,2.7977360524665027,1,0,0,PAYMENT,0
5010.984469360552,0.43463872995108405,0,0,1,WITHDRAWAL,0
68.58297796868372,2.8616871738264495,0,0,0,PAYMENT,0
2801.7484425672187,3.7345153188455504,0,0,0,TRANSFER,0
1087.1896837721224,0.7738625450667933,0,0,0,WITHDRAWAL,0
104.58799607366878,0.3110056567221162,0,0,1,PAYMENT,0
1713.2335473518033,0.37967136129478557,0,0,0,WITHDRAWAL,1
3466.2886566053076,0.7237596139545184,0,0,0,PAYMENT,0
1577.9581873660288,4.095542197143666,0,0,1,WITHDRAWAL,0
1968.1073759216697,1.012027758808975,1,0,0,PAYMENT,1
726.5620491282659,0.6491906266684064,0,0,0,PAYMENT,0
170.47867997652983,0.6189185607097477,0,0,0,TRANSFER,1
2190.4538139764713,0.3961724718764177,0,0,1,PAYMENT,0
6309.13536152333,1.8444907456533541,0,0,0,PAYMENT,0
3393.376947417928,0.9375847536753752,0,0,0,PAYMENT,0
150.22349778435043,4.348716120541427,0,0,0,WITHDRAWAL,0
241.07439837220122,1.552313777419466,0,0,0,WITHDRAWAL,0
470.6111918996441,1.7877456652366046,0,0,0,TRANSFER,0
222.9671717455137,0.8441092230858995,0,0,0,PAYMENT,0
1146.1799616630572,0.46592936354502434,0,0,0,PAYMENT,0
1625.2481733759612,0.5425328262234784,0,0,0,PAYMENT,0
262.3676374978936,0.3834780634504411,0,0,0,PAYMENT,0
2385.415159577561,1.8913224698373463,0,0,0,WITHDRAWAL,0
2000.4030095545854,0.763806624556715,0,0,1,PAYMENT,0
633.8680914600837,1.9478970947366507,0,0,0,PAYMENT,0
922.8604340435322,1.0998129079045311,0,0,1,PAYMENT,0
156.05348863508476,0.8146694351689483,0,0,0,WITHDRAWAL,0
786.614146117589,0.440994892833845,1,0,1,PAYMENT,0
1104.76174368691,1.2350888527936381,0,0,0,TRANSFER,0
1298.2176902100641,0.8580927273383948,0,0,0,PAYMENT,0
1601.789806386418,1.8804831708048422,0,0,1,PAYMENT,0
1400.0199188198092,0.6060532211356422,0,0,0,TRANSFER,0
841.8958413532109,1.5392194564092296,0,0,1,PAYMENT,0
1460.00471267143,3.1537552679736685,0,0,1,PAYMENT,0
2987.0214320830764,1.2102042418258658,0,0,0,PAYMENT,0
996.7519341243735,1.7327400802137416,1,1,0,WITHDRAWAL,1
1506.576128775143,1.492306892008004,0,0,0,TRANSFER,0
910.3498146399302,3.775995434361905,0,0,1,WITHDRAWAL,1
574.3512158594668,1.2970497925929902,0,0,1,PAYMENT,0
1849.886688833938,1.6322692037468196,0,1,0,TRANSFER,0
629.4044506286936,0.9749264760948686,0,0,0,PAYMENT,0
1613.4772328691586,0.5815420626056692,1,0,0,PAYMENT,1
1128.0608453428702,0.4292469090796333,0,1,0,PAYMENT,0
809.2155515057624,2.4274634051363937,1,0,0,PAYMENT,0
789.861147893798,0.49368799029004845,1,0,1,PAYMENT,0
659.7618968517929,1.685572299651258,0,0,0,DEPOSIT,0
211.49446499574168,1.338047740106422,0,0,0,DEPOSIT,0
1608.2390396054627,1.9011324623420853,0,0,0,WITHDRAWAL,0
1382.3591192052006,0.697468159487932,0,0,0,PAYMENT,0
2564.8884117012462,0.5749277259193518,0,0,0,PAYMENT,0
644.5440049420577,1.3032488818168695,1,0,0,PAYMENT,0
7298.204408751614,0.8149413176270046,0,0,0,WITHDRAWAL,0
750.1431478741463,0.4224349385567887,0,0,0,PAYMENT,0
457.09459366691436,3.8843974669842867,0,0,0,PAYMENT,0
405.9845400399297,0.5746548288005533,0,0,0,TRANSFER,1
193.65487826171784,0.4988035748060386,0,0,0,PAYMENT,0
5077.77215590425,0.8440909430808783,0,0,0,TRANSFER,0
4320.244992118414,2.4036802453642134,0,0,0,TRANSFER,0
1999.6854314262923,0.21943163997061418,0,0,0,TRANSFER,0
447.605020214168,2.26804568781719,0,1,0,WITHDRAWAL,0
6709.4192853219865,0.5283314473554775,0,0,0,PAYMENT,0
771.4569257923612,1.203420198362027,0,0,0,PAYMENT,0
837.9631860367361,0.623002421598245,0,0,0,PAYMENT,0
4615.885858108661,4.032319617341773,0,0,0,PAYMENT,1
2119.4472117294818,1.0911520455882142,0,1,0,PAYMENT,1
9908.052989565758,0.6091662346381737,0,0,0,PAYMENT,0
1406.3068057249022,0.809965256628854,0,0,0,PAYMENT,1
737.2810777521634,1.0647563061176668,1,0,0,PAYMENT,0
594.7820979517707,1.132438899942017,0,0,0,WITHDRAWAL,1
172.95022266050373,1.359522776403472,1,0,0,PAYMENT,0
829.9821771059779,0.9990172578300708,0,0,0,WITHDRAWAL,0
3444.7042779760513,0.3813591520315246,0,0,0,TRANSFER,0
1995.8677010908941,0.7880550196812599,0,0,0,PAYMENT,0
1119.1312644384434,1.5290717659744928,0,0,0,PAYMENT,0
405.4775694261423,0.6256789089548586,1,1,0,TRANSFER,1
1375.9133140694173,1.601509938494282,0,1,0,TRANSFER,0
3019.4008758125387,1.022451007202475,0,0,0,PAYMENT,0
1687.0205375348266,0.8586292044492473,0,0,0,PAYMENT,0
1295.6077507379448,2.3068909866428293,0,1,0,PAYMENT,0
494.2504372473859,0.29620840215189814,0,0,0,TRANSFER,0
2610.199186605911,0.6233016868902316,0,0,0,WITHDRAWAL,0
47.85115144547932,2.3695500783706502,0,0,1,PAYMENT,1
1608.1596165965539,3.6003620656894153,0,0,0,TRANSFER,1
14333.030543962022,4.95399706823864,0,0,0,PAYMENT,0
242.65158616381171,1.035877476831614,0,0,0,PAYMENT,0
861.4616549117437,1.3778553081430631,0,0,0,TRANSFER,0
1087.9919297457427,1.7721605981121846,0,0,0,WITHDRAWAL,0
690.5008376419676,2.4413537243295904,0,0,0,PAYMENT,0
3091.3842364993197,1.2450358868400042,0,0,0,TRANSFER,0
1758.9125264326753,1.9122952963701527,0,1,0,PAYMENT,0
1277.0402472235971,1.3796663027281417,0,0,0,PAYMENT,0
2433.954454497614,1.4413162510790933,0,0,0,TRANSFER,0
1115.1572541610751,0.5257873288229256,0,0,0,TRANSFER,0
26366.894046816415,0.7941764576572558,0,0,0,PAYMENT,0
1275.8232476466164,0.6935454954894698,0,0,0,DEPOSIT,0
1333.1263454758678,0.4350793644580166,0,0,0,DEPOSIT,0
198.25061257595416,0.3147037191352896,1,0,1,PAYMENT,0
636.8598863201213,0.7433864495059703,1,0,0,PAYMENT,0
3454.308881174214,0.8313389971475531,0,0,0,PAYMENT,0
288.45616970492534,1.0762964696679276,0,0,0,DEPOSIT,0
126.77867196642761,1.4755288805204154,0,0,0,PAYMENT,1
1132.650195121667,1.140749577578871,0,1,0,PAYMENT,0
4318.850282362193,0.8354056829511836,0,0,0,WITHDRAWAL,0
1144.1087500979356,0.5269822453512832,0,0,0,PAYMENT,0
783.5817511897394,1.8477124643895182,1,0,1,WITHDRAWAL,0
170.9740964465067,0.9312052612039615,0,0,0,WITHDRAWAL,0
1723.7443005932548,0.7381170545151524,0,0,0,PAYMENT,0
2124.4646259422166,0.8776406973020194,0,0,1,TRANSFER,0
184.61406314769565,0.5987440646857622,0,0,0,TRANSFER,0
3410.221242587883,0.6897184925926756,0,1,0,TRANSFER,1
2358.2981756771064,0.6745423491584525,0,0,0,TRANSFER,0
3402.6708370825763,0.8178010455181145,1,0,1,PAYMENT,1
1965.5454958988832,1.5825357565744154,0,0,1,WITHDRAWAL,1
2108.395917783687,1.329733369370383,0,0,0,TRANSFER,0
1845.89751964218,2.9526887180421526,0,0,0,WITHDRAWAL,0
2613.5698424037787,2.3354634812826904,0,0,0,TRANSFER,0
177.90367121862351,3.9333647940712133,0,0,0,WITHDRAWAL,0
244.43283467684827,1.4790661897495696,0,0,1,PAYMENT,0
525.3118571267873,1.4625385454816766,0,0,0,PAYMENT,0
963.121746812979,0.7109230773975946,1,0,0,PAYMENT,1
1616.6912855264773,1.7828450450730156,0,0,0,PAYMENT,0
1517.2907971446598,0.6317371640340622,0,0,1,WITHDRAWAL,0
3351.3073802782505,0.35725021260134426,0,0,0,PAYMENT,0
3458.171632880977,2.9107953924477776,0,0,0,PAYMENT,0
458.3416614510825,0.4171009015777933,0,1,0,PAYMENT,0
1392.1103470388002,1.3596077686094927,0,0,0,WITHDRAWAL,0
469.7348808625736,0.5399752569247377,0,0,1,PAYMENT,0
908.4619108550451,2.2004619948001474,0,0,0,DEPOSIT,0
1512.9117269837486,2.420719935754649,0,1,0,PAYMENT,1
36.28077270987689,1.4483492580587631,0,0,1,PAYMENT,0
12225.069991951428,2.392778628323056,0,0,0,PAYMENT,0
1932.1886934055194,1.0051491646972104,0,0,0,WITHDRAWAL,0
604.4365637931702,4.777523311609871,0,0,1,PAYMENT,0
7535.419290483601,1.6859271728899525,0,0,1,PAYMENT,0
774.7720286605655,0.5323862114043326,0,0,0,PAYMENT,0
1252.0273366767892,1.0499312607991738,0,1,0,PAYMENT,0
673.766889358398,0.8987490577476982,1,0,0,PAYMENT,0
5721.531752614102,0.8392078725668283,0,0,0,PAYMENT,0
987.3408247874692,0.31348697728602887,0,0,0,PAYMENT,1
1273.4488143771932,1.3110196341141576,0,0,0,TRANSFER,0
3654.747012731815,0.37907277068041034,0,0,0,PAYMENT,0
1968.7211676451716,0.1707106780996729,0,0,0,TRANSFER,0
1038.6238916638947,0.7859913051326538,0,0,0,WITHDRAWAL,0
3328.8792752798026,0.5891198960573599,1,0,0,TRANSFER,0
13883.872995944967,0.5471261350810318,0,0,0,WITHDRAWAL,0
1506.2982784366327,0.11393044307648272,0,0,0,PAYMENT,0
1232.4509252374633,0.5512372326763407,0,0,0,PAYMENT,0
1300.659969686686,0.8855473898085637,0,1,0,PAYMENT,0
4066.058984439188,0.6415245935665812,0,0,1,PAYMENT,0
602.3280707958646,1.3114594137064213,0,0,0,PAYMENT,0
830.2131211402234,2.650802578436956,0,1,0,PAYMENT,0
235.69934968839834,1.4354195964511034,1,0,0,PAYMENT,0
335.6712093783191,2.0513046510519906,0,0,1,TRANSFER,0
653.4068595174542,2.173608484933498,1,1,0,PAYMENT,0
1036.9749025290314,0.49007220727584927,0,0,1,PAYMENT,0
6432.273461722646,1.3598580031934488,0,0,0,PAYMENT,0
1874.3042538416696,2.0069379395855766,0,0,0,PAYMENT,1
440.5048651000308,0.7369963534501048,0,0,0,PAYMENT,0
529.5457240843467,0.574969286139386,0,0,0,TRANSFER,0
4336.178387191453,1.4495954557212167,0,0,0,TRANSFER,0
3383.311858800749,0.3544669347600576,0,0,0,PAYMENT,0
1127.9418848685839,0.46691726107925197,0,0,0,PAYMENT,0
704.4895756768777,0.627049719961837,0,0,0,TRANSFER,0
3377.6410671727763,1.3707526234665084,0,0,0,PAYMENT,0
406.1298245037024,1.1656032510845227,0,0,0,PAYMENT,0
1622.9981019722882,2.0599044859574773,0,0,0,PAYMENT,0
10643.013972696066,0.5245004264666085,0,0,0,WITHDRAWAL,0
1346.6235739748404,0.5051847475443365,0,0,0,PAYMENT,0
504.91521330723725,1.443020344037972,0,0,1,PAYMENT,0
1653.035713203687,0.5717423461508012,0,0,0,TRANSFER,0
685.392235520336,0.6554372290037971,0,1,0,PAYMENT,0
272.02232938305633,0.2726039179017273,0,0,0,PAYMENT,0
2210.6370853261737,1.2257981722355193,0,0,0,WITHDRAWAL,0
3353.749996008661,2.941451980254282,0,1,0,WITHDRAWAL,0
803.5933261189836,0.48650785020097226,1,0,0,PAYMENT,1
752.0210577641506,2.0445802837377722,0,0,0,TRANSFER,0
419.23625225271496,0.959273543317166,0,0,0,PAYMENT,0
943.9416941179616,0.2906050218900573,0,0,0,TRANSFER,0
624.9249840900243,0.534561337168232,0,0,0,TRANSFER,0
399.0023526732818,0.5119506051245772,0,0,0,TRANSFER,0
7274.779849899439,0.8012602730113468,0,0,0,PAYMENT,0
1748.463736916311,1.3413277772515935,0,0,0,PAYMENT,0
1943.7902984406246,3.6482441099171097,0,0,0,TRANSFER,0
2652.875881753778,0.3672170986228239,0,0,0,PAYMENT,0
2370.92681000609,0.7122372706109026,0,0,0,WITHDRAWAL,0
725.5210215792928,0.534092306130697,0,1,1,PAYMENT,0
1440.222108905579,0.4116484284036516,0,0,1,DEPOSIT,0
837.9592869746053,1.0690959455414928,0,0,0,PAYMENT,0
1700.1361664980366,1.001036530657769,0,0,1,PAYMENT,0
1543.3194859081075,0.28092665921260834,0,0,0,WITHDRAWAL,0
747.9526988443189,1.0127864256885901,0,1,0,PAYMENT,0
290.2380002972395,0.4300829443590947,0,0,0,PAYMENT,0
1269.320576245024,1.0083137724410218,0,0,0,TRANSFER,0
894.022115168684,2.4318384746975354,0,0,0,PAYMENT,0
165.608695940629,1.3828513632454285,0,0,1,DEPOSIT,0
1821.9484218574437,1.1323124596113994,0,0,0,TRANSFER,0
2879.4140922514944,0.6906403763108452,0,0,0,TRANSFER,0
13743.983933066042,1.0479201136826493,0,0,0,PAYMENT,0
741.5944249893331,1.4833127864360516,1,0,0,PAYMENT,0
639.8847637179945,1.3839150011644692,0,0,0,TRANSFER,0
361.61458761529155,0.9329038532074992,0,0,0,PAYMENT,0
1351.0561602469595,1.1643505069116815,0,0,0,PAYMENT,0
1342.5394085587875,0.3978845966022814,0,0,0,TRANSFER,0
487.2141040680641,0.5980770170060012,0,0,0,TRANSFER,0
920.6409552869192,1.640977050240902,0,0,0,PAYMENT,1
151.61347175974038,1.8029479332504017,0,0,0,TRANSFER,0
2769.374462407571,1.0677130381758346,0,0,0,DEPOSIT,0
507.4107027836069,2.8158833517556743,0,0,0,PAYMENT,0
1059.278874574408,1.4270560151706988,1,0,0,PAYMENT,0
263.3032944828593,0.8494304078741151,0,1,1,PAYMENT,0
612.5596960071042,0.42578237198702956,0,0,1,PAYMENT,0
829.1564398857724,2.737686648777761,1,0,0,TRANSFER,0
1084.3208800901675,1.7146727052891935,0,0,0,PAYMENT,0
1771.7667924286836,3.5212568870186076,0,0,0,TRANSFER,0
4624.27593680457,4.557586553589867,0,0,0,TRANSFER,0
2281.779597620864,0.40622088534561956,0,0,0,PAYMENT,0
2870.2790762743853,0.40696275007347804,0,0,0,PAYMENT,0
4656.894599129044,0.1347626846676806,0,0,0,PAYMENT,0
1938.5739055809017,1.9019002080970675,0,0,0,PAYMENT,0
1057.1086847531872,1.5833421238072936,1,0,0,PAYMENT,1
3008.244323247436,1.0708420483832142,0,0,0,PAYMENT,0
3206.7373134220516,0.4238849259148398,0,0,0,PAYMENT,0
2097.6350825623413,0.9395788064429368,0,0,1,TRANSFER,1
256.04991423743365,1.1380244795551144,1,0,0,PAYMENT,0
472.73730180618935,1.729630785273225,0,0,0,PAYMENT,0
833.0935126661047,1.2105694153645452,0,0,0,PAYMENT,0
2391.368369760236,1.5914744387319557,0,0,0,PAYMENT,0
1073.47205029984,0.9167764606204188,0,0,0,TRANSFER,1
3418.197462794677,2.2865344386802406,0,0,0,PAYMENT,0
4085.6521056676147,1.5561441365502195,0,0,1,TRANSFER,0
3637.9312773707666,0.4356774297422246,0,0,0,PAYMENT,0
3661.1792153155284,2.6444266051304157,0,0,0,PAYMENT,0
388.77707032331426,2.3582034187797225,0,0,0,WITHDRAWAL,0
1776.9176758090987,1.3851830762712993,0,0,0,PAYMENT,0
597.3307374345237,1.217138234084391,0,0,0,PAYMENT,0
210.805028055998,3.1932145272579806,0,0,0,TRANSFER,0
822.6483802954735,0.3187593000236156,0,0,0,TRANSFER,0
4124.652140459436,2.3841845707949725,0,0,0,PAYMENT,0
1738.4375171216116,0.7165231739278031,0,0,1,TRANSFER,1
8248.687465706558,2.1524876342836086,0,1,0,PAYMENT,0
1309.2767248258272,1.0879150790223364,0,1,0,WITHDRAWAL,0
12680.272947567095,0.4189313494051085,0,0,0,PAYMENT,0
1309.6578848922118,0.7064068963819169,0,0,0,PAYMENT,0
1121.5649840526212,2.0446167246416436,0,0,0,PAYMENT,0
305.09094487495605,0.8631683626720519,0,0,1,TRANSFER,1
3329.451119110607,0.6472389127334116,0,0,0,PAYMENT,0
663.7296221944296,0.6442164927802155,0,1,0,TRANSFER,0
574.1854114309816,1.5676429657149684,0,0,0,TRANSFER,0
3949.0509522061207,3.405679642815387,0,0,0,PAYMENT,0
3491.9746895046624,0.22343865889476017,0,0,1,TRANSFER,0
3401.770693383451,7.102729260994129,0,0,0,TRANSFER,0
763.4204026215463,1.153294189727913,1,0,0,WITHDRAWAL,0
1042.1322510934294,1.501038038910829,0,0,0,PAYMENT,0
1032.9205996312642,0.736840945878384,0,0,0,PAYMENT,0
2398.306592111413,0.99754243736399,0,0,0,WITHDRAWAL,1
5185.205059556479,1.1442611083644487,0,1,0,PAYMENT,0
1584.693916743987,0.47980898862890453,0,0,0,TRANSFER,0
7902.157365045255,0.5689418728342218,1,0,0,PAYMENT,0
2689.725487233883,2.2914785829547246,0,0,1,WITHDRAWAL,0
867.1401437594197,0.3373471393371766,0,0,0,TRANSFER,0
2511.6907379334943,1.3616910852122492,0,0,0,WITHDRAWAL,0
6038.677311038483,0.7715437997769684,1,0,1,TRANSFER,1
8089.2312704318665,0.510433453895752,0,0,1,PAYMENT,1
3593.5338066951335,3.976302217640259,0,0,0,PAYMENT,1
1125.153166822668,0.5126551957253798,0,0,0,TRANSFER,0
882.9837046856882,0.4533588064437109,1,0,1,TRANSFER,1
1950.945690648494,0.8773222638609756,0,1,0,PAYMENT,0
5848.698841737506,0.5839201447930775,1,0,0,PAYMENT,0
1692.1735777285223,1.0044764493952145,1,0,0,TRANSFER,0
1727.6750326487927,1.1149164926867121,0,0,0,PAYMENT,0
1154.4713982200735,1.1785214519008853,1,0,0,TRANSFER,0
790.0600358881911,0.9169305065551585,0,0,0,WITHDRAWAL,0
932.4965887702783,0.6117000737520987,0,0,0,PAYMENT,0
1255.6717724959683,1.5689115989500058,0,0,0,PAYMENT,0
6112.554172006592,0.924793382627562,0,0,0,WITHDRAWAL,0
862.8891378442815,0.7068533089356019,0,0,0,PAYMENT,0
1155.8740337045988,2.817910321090011,0,0,0,WITHDRAWAL,0
461.5647463691318,0.9185872635306679,0,0,0,PAYMENT,0
2245.3822803801263,2.1476852216401667,0,0,0,PAYMENT,0
4301.328376399425,2.360295712221257,0,0,0,PAYMENT,0
5566.366833033261,2.4629775022224796,0,0,0,PAYMENT,0
1343.944901984773,1.6222441455676508,0,0,0,WITHDRAWAL,0
1947.6022572126226,0.9995566504954141,0,0,0,TRANSFER,0
940.5357670381782,0.9561607959672699,0,0,0,PAYMENT,0
1859.4177493086531,0.842919276534569,0,0,0,PAYMENT,0
1501.1175642233006,0.21940696872239132,0,0,0,TRANSFER,0
1162.4258927430485,1.6539473497539956,0,1,0,PAYMENT,0
1258.5980129041243,1.1866401334214607,0,0,0,PAYMENT,0
1723.1723893729984,1.7822328465152222,0,0,0,TRANSFER,0
817.1703379851396,0.9213630898698866,0,1,0,PAYMENT,0
860.4910441952604,1.59261546824444,1,0,0,PAYMENT,1
6047.268815674601,0.3812671593268162,1,0,0,PAYMENT,0
16490.615967301386,0.4410990054918314,0,0,0,PAYMENT,0
328.8603035970743,0.17669183308850286,1,0,0,PAYMENT,0
311.22894397901433,0.9102423128296258,0,0,0,PAYMENT,0
421.09024618375713,0.5823009250972759,0,0,0,PAYMENT,0
989.0170636992096,0.5313324809057448,0,1,1,DEPOSIT,0
2685.9251528434957,1.2639688666111542,0,1,0,PAYMENT,0
1980.7937794222446,0.742408954564912,0,0,0,TRANSFER,0
1302.4874480671933,0.36671741834915383,1,1,0,PAYMENT,0
1861.1233703665066,5.937788400675376,0,0,0,PAYMENT,0
548.8986649757089,0.9744252837521452,0,1,0,PAYMENT,0
859.0930401183476,0.46850236136245416,0,0,0,TRANSFER,1
1074.8167400144673,0.6256996454313556,0,0,0,PAYMENT,0
224.92874454319934,0.8858567011521652,0,0,0,PAYMENT,0
343.3292142925376,0.8845535950727906,0,0,0,TRANSFER,0
357.2493290538222,2.4880891124387157,0,0,0,PAYMENT,0
2354.557813103156,0.9459165093344913,0,0,0,WITHDRAWAL,0
1401.579296264743,3.6643307770189253,0,0,0,PAYMENT,0
2020.421031422946,0.7388236197016866,1,1,0,WITHDRAWAL,1
174.22455448510988,1.3478425839446004,0,0,0,TRANSFER,0
248.74625333325304,2.0449761688023527,0,0,0,PAYMENT,0
2128.5907930789467,2.3085199693807206,1,1,0,PAYMENT,1
68.12405343358174,2.5050546538428766,0,0,0,WITHDRAWAL,0
3731.738006497402,0.826621622724006,0,0,0,PAYMENT,0
177.0943880889361,0.9961648906958357,0,0,0,PAYMENT,0
2548.715770609904,0.17629513295021598,1,0,0,PAYMENT,1
450.97656472780557,0.8717897234194364,0,0,0,PAYMENT,0
3130.3613218786004,2.146584393170739,0,0,0,PAYMENT,0
27123.638985021076,1.873457278406215,0,0,0,PAYMENT,0
112.93612234329355,0.9412551911595843,0,0,0,WITHDRAWAL,0
2198.1626863681568,3.285101698979988,0,0,0,PAYMENT,0
179.79859115901908,0.7642932724255541,0,0,0,TRANSFER,0
1680.3693883014232,0.6057439682571856,0,0,1,WITHDRAWAL,0
891.7874651744615,0.7205696388862015,1,0,1,PAYMENT,1
1248.6051440355782,0.455788899028311,0,0,1,TRANSFER,0
440.67767991399876,1.546008614378121,0,0,0,PAYMENT,0
2393.569653452608,1.2237712362403972,0,0,1,PAYMENT,0
257.66032868837317,1.532630610782913,0,0,0,PAYMENT,0
3795.7498638709058,0.7482188180025354,1,0,0,PAYMENT,0
728.3266869783912,0.960164086645008,0,0,0,PAYMENT,0
269.6997552342067,0.21764432040977252,0,0,0,PAYMENT,0
5404.227644298966,1.3012923498322455,0,0,0,PAYMENT,0
1025.21471449459,1.0716387495995299,0,0,0,WITHDRAWAL,0
7388.174574022461,0.4628420799745753,0,0,1,WITHDRAWAL,0
3719.5431452672346,0.929358912014033,0,0,0,TRANSFER,0
493.6635909422981,0.834857262840936,0,0,0,PAYMENT,0
1007.2813007718179,3.438441631020893,0,1,0,WITHDRAWAL,0
1237.734460668677,0.47578515690058015,0,1,0,DEPOSIT,0
5045.758154979083,1.2611176167152152,0,0,0,TRANSFER,0
1698.5287486576565,0.46601481809503514,0,0,0,TRANSFER,1
1308.0498214645659,0.676710708791022,1,0,0,PAYMENT,0
897.9554105574067,1.2138210391779456,0,0,1,WITHDRAWAL,0
1042.5688181888174,0.8624707069549334,0,0,0,PAYMENT,0
4042.392851832929,0.9958151815095061,0,0,0,TRANSFER,0
1100.7041064641394,1.262262159319746,0,0,0,PAYMENT,0
738.7818851244214,0.7078077937927659,0,0,0,PAYMENT,0
623.5898336584685,1.8568891255545226,0,1,1,DEPOSIT,0
630.3245504392132,0.8074809461471459,0,0,1,TRANSFER,0
269.86018835009247,0.9339906765470406,1,0,0,TRANSFER,0
517.8184466201527,1.2877775359280574,0,0,0,PAYMENT,0
4907.010989535286,1.1722208838142667,0,1,1,PAYMENT,1
891.9416712195971,1.5698177772527553,0,0,0,PAYMENT,0
2218.1120132606998,1.2484154173668074,0,0,0,WITHDRAWAL,0
91.94986493003967,1.3886352955393895,0,0,1,PAYMENT,0
1935.8684360969526,0.7963147474557989,0,0,0,PAYMENT,0
933.2259017767623,0.47324608161641346,0,0,0,PAYMENT,0
677.6019201663881,0.3681196595202558,1,0,0,PAYMENT,0
1314.1691993995064,0.3105230630139011,0,0,1,PAYMENT,0
667.9242348280889,3.4346282732038853,0,0,0,TRANSFER,0
131.1215925507175,0.2124727811291179,0,0,1,WITHDRAWAL,1
2757.963823051218,2.3062122250350754,0,0,0,PAYMENT,0
1398.3070884220974,0.5629253190255523,0,1,0,PAYMENT,0
801.1574906258933,2.294485603505751,0,1,0,DEPOSIT,0
417.3038560075477,0.21400026630593244,0,0,0,PAYMENT,0
252.17984002910907,0.8482619977324234,0,0,0,TRANSFER,0
1371.8187690998905,2.7671477100352333,0,0,0,PAYMENT,0
5505.1591577332265,1.6474797474702163,0,1,0,PAYMENT,0
1343.678762800773,0.7897128959023838,0,0,0,PAYMENT,0
275.12853649613743,0.2566391898488654,0,0,1,PAYMENT,0
1373.4989307348885,0.3962373155609554,0,0,0,PAYMENT,0
1039.6683403375305,2.644290976582073,0,0,0,PAYMENT,0
2602.0207302212098,0.7836687655110675,1,0,0,PAYMENT,1
2011.6954991827586,0.9509660917935379,0,0,0,WITHDRAWAL,0
55.37772659505938,1.2195410181064656,0,0,0,PAYMENT,0
1891.7208651060803,0.401725106414167,1,0,1,PAYMENT,1
402.02753869772744,1.3298991680828378,0,0,0,PAYMENT,0
264.6137613757599,0.7454771196955086,0,0,0,PAYMENT,0
908.256283772182,1.2282519134138743,0,0,0,PAYMENT,0
1654.0318124262346,0.6672198718882767,0,0,0,PAYMENT,0
212.5687339003187,0.3324781145207301,0,0,0,TRANSFER,0
2218.477473994668,0.7414401968298906,0,0,0,PAYMENT,0
2352.7469691722326,1.566030904386285,0,0,0,PAYMENT,0
1149.3779894603483,1.3176397426733049,1,1,0,PAYMENT,0
460.5292491615872,1.0218877040604704,0,0,0,PAYMENT,0
411.8346755210084,1.8751568272173644,0,0,0,TRANSFER,0
3059.271612804023,0.8671738452225213,0,0,0,WITHDRAWAL,0
241.961183251505,1.0401796304349054,0,0,0,PAYMENT,0
3179.4721162624696,0.7147397305415647,0,0,0,PAYMENT,0
929.6431853590492,1.9535194339335564,0,0,0,TRANSFER,1
996.4166569272553,1.2263839769798992,0,0,0,TRANSFER,0
198.72307935749356,0.6771444391041089,0,0,0,WITHDRAWAL,0
946.9851101380721,0.352635327511523,1,0,0,TRANSFER,0
2025.5276550869544,2.167279929197093,0,0,0,PAYMENT,0
288.1813334820396,0.5940180720063131,0,0,0,WITHDRAWAL,0
1805.577686079008,1.051739065279437,0,0,1,PAYMENT,0
1198.723181243301,5.190446779740811,1,0,0,PAYMENT,0
576.0787592558337,1.7525233772558735,0,0,0,WITHDRAWAL,0
2577.7522738168827,3.0888680970871887,0,1,0,TRANSFER,0
121.23650577192662,0.6861305461994625,0,0,0,PAYMENT,0
1551.0396837223439,2.1163300450913134,0,0,0,PAYMENT,0
5538.25727012374,1.0188436370993927,0,0,0,PAYMENT,0
4628.291808241944,1.2920264076873305,0,0,0,TRANSFER,0
1619.3930872601259,4.1147957570383245,0,0,0,WITHDRAWAL,0
811.0414997320405,0.8227918084896154,0,1,0,TRANSFER,0
580.6786138367007,1.0135693568506579,0,0,0,TRANSFER,0
810.0323669732401,0.531394680500517,0,0,0,TRANSFER,0
1889.0082746246958,1.8625154920862719,0,0,0,PAYMENT,0
489.1925596805066,0.6754076605856026,0,0,0,PAYMENT,0
2338.8714789105,2.0460217358860304,0,0,0,PAYMENT,0
9257.233436120854,0.31507667117394833,0,0,0,PAYMENT,0
1030.8270960622258,1.4682139326806496,0,0,0,PAYMENT,0
285.8894497380191,0.6372550479842537,0,0,0,WITHDRAWAL,0
285.7894222198317,1.6675614463785493,0,0,0,PAYMENT,0
2384.072769197364,0.9905534803667776,1,0,0,PAYMENT,0
1033.0323870409707,0.6874698943697868,0,0,0,WITHDRAWAL,0
2635.507115250255,0.7629279120254989,0,0,0,TRANSFER,0
643.1421358130684,0.5514126659972285,0,0,0,PAYMENT,0
2516.498040461141,1.7975981787366313,0,0,0,PAYMENT,0
936.0798910773372,0.47996305605335404,0,0,0,TRANSFER,0
527.1556967579588,0.8294810231140599,0,1,0,PAYMENT,0
734.3615785860727,1.2733709887014284,0,0,0,PAYMENT,0
331.27393940029214,3.093942500595893,0,0,1,TRANSFER,0
8017.32062659373,0.9935121171635092,0,0,1,PAYMENT,0
995.8714534374911,0.8438695055842124,0,0,0,PAYMENT,0
2089.1531859817164,1.2111186123718432,0,0,0,PAYMENT,0
641.0650072398115,0.23423627496643518,0,0,0,WITHDRAWAL,0
383.01424359039004,0.43211998316886124,0,0,0,WITHDRAWAL,0
867.9373104619692,0.7689290709124436,0,0,0,PAYMENT,0
3298.399181952398,0.6070898926783356,0,1,0,PAYMENT,0
651.4940140694854,0.32608953030901483,1,0,0,PAYMENT,0
459.19181816908394,1.8229299254470255,0,0,0,TRANSFER,0
1281.0870372638867,1.1994099297991652,0,0,0,PAYMENT,0
1806.2760984365052,1.1031675946387496,0,0,0,TRANSFER,0
5669.454414235652,0.6152086466860853,0,0,1,WITHDRAWAL,0
1562.043967752412,1.057148379787595,0,0,0,PAYMENT,0
2088.0641642418,1.4334937144996756,0,0,0,PAYMENT,0
2251.3273102208127,0.8307492805833864,0,0,0,PAYMENT,1
346.1889132351313,1.3650629809576913,1,0,0,PAYMENT,1
418.4962500897878,0.5727864397266047,0,0,0,WITHDRAWAL,0
370.9635131232571,1.0706219262363459,0,0,0,PAYMENT,0
289.41285835976197,2.224981938480205,0,0,0,TRANSFER,0
2429.5464549730236,2.368871763167598,0,0,0,PAYMENT,0
1465.6441119172762,2.532766449031503,0,0,0,PAYMENT,0
1187.3700081448176,1.2212780480725034,0,0,0,PAYMENT,0
82.04628051671504,1.0223764480187725,1,0,0,WITHDRAWAL,0
8565.320746929916,0.7304078214497789,0,0,1,WITHDRAWAL,0
448.4189698056129,0.2821717560158414,0,0,0,PAYMENT,0
8533.993959560237,0.3900697196585509,0,0,0,TRANSFER,1
257.43274958887145,0.8890173917593955,0,0,0,PAYMENT,0
486.6761155908664,0.9269998136974736,0,0,0,PAYMENT,0
121.16468066251392,2.6873514571404398,0,0,0,PAYMENT,0
1575.1802291868062,2.5101923672934787,0,0,0,PAYMENT,0
364.5789693644186,0.6184491540355075,0,0,0,TRANSFER,0
375.0276834959975,1.7732747892547116,0,0,0,PAYMENT,0
277.96238056511316,0.7160908710488998,0,0,0,TRANSFER,0
2385.9557641609495,1.6125736452256694,0,0,0,DEPOSIT,0
2233.809385242897,1.7580626042185066,0,0,0,PAYMENT,0
6714.562076225905,2.3856341226141846,1,0,0,TRANSFER,0
552.4115769845912,0.7083263477446674,0,0,1,DEPOSIT,1
1364.8766961483727,2.0340168485059476,0,0,1,PAYMENT,0
302.0718196758903,0.26955850492174593,0,0,0,PAYMENT,0
784.4328536680894,2.4777502150006265,0,0,0,PAYMENT,0
652.7242032681214,0.982640732831898,0,0,0,PAYMENT,0
1744.8955175168562,0.997393803452447,0,0,0,WITHDRAWAL,0
3032.133591819758,0.2402186919750274,0,0,0,PAYMENT,0
2954.446760524916,0.7618038881338731,0,0,0,PAYMENT,0
472.09853660092114,2.582700558843664,1,0,0,PAYMENT,0
2976.3943719302433,0.7417883462167254,0,0,0,PAYMENT,0
1049.3380994403117,1.6477717697751346,0,0,0,WITHDRAWAL,0
792.6669167691842,1.024483506403052,1,0,0,TRANSFER,1
539.9564635114097,2.1040591292153064,0,0,0,TRANSFER,0
626.4470199511651,1.143450763279008,0,0,1,PAYMENT,0
6262.3691201471365,0.5208630811989946,0,0,0,WITHDRAWAL,0
1491.3108339241735,1.040306598435296,0,0,0,DEPOSIT,0
1305.8531324489547,3.067466058263226,0,1,0,DEPOSIT,0
843.6630132486654,1.4167302202647687,1,0,0,DEPOSIT,0
12657.163411095988,0.9217212665160267,0,1,0,TRANSFER,0
4044.0845556912864,4.850203551224362,0,0,1,TRANSFER,0
533.2220199599707,2.2511720502082557,0,0,1,PAYMENT,0
834.1263963861464,1.7713000008900925,1,0,1,PAYMENT,1
885.1485257465517,1.2487458475265862,0,0,0,TRANSFER,0
1268.8572589396417,1.6672768792802124,0,0,0,PAYMENT,0
543.9046780711931,1.7055923184018542,0,0,1,TRANSFER,0
1700.7362480232953,0.2169755202123616,0,0,0,TRANSFER,0
4684.845104124067,1.3184480813525952,0,0,0,TRANSFER,0
294.82203142785863,0.8935400679827886,0,1,0,PAYMENT,0
354.90610548788777,0.7047984587200703,0,1,0,WITHDRAWAL,0
676.4384393337789,0.8721393210133901,0,0,0,PAYMENT,0
708.5385298171078,0.3365212166983304,0,0,0,TRANSFER,0
8090.662312479183,0.2827401304894104,0,0,1,PAYMENT,1
2986.0574569130767,2.3930092927255373,0,0,0,WITHDRAWAL,0
2819.5211713413473,1.381970630671037,0,1,1,TRANSFER,1
841.8773230073896,0.1846840985184727,0,0,0,DEPOSIT,0
823.601332634925,0.6679986148795702,0,0,0,PAYMENT,0
256.7992333038912,1.8522223962405233,1,0,0,WITHDRAWAL,0
2396.4415487552783,0.8220039639578433,0,0,0,PAYMENT,0
1791.9408851779126,2.390502195854144,0,1,0,PAYMENT,0
3967.9202292151776,2.0851196912817636,0,1,0,PAYMENT,1
888.176324266129,0.38685789625743683,1,0,0,TRANSFER,1
951.6723960765977,0.9045417028909787,0,0,0,WITHDRAWAL,0
1299.903784205055,0.7307655487896615,0,1,0,TRANSFER,0
2675.5161005539167,0.37814906621025945,0,0,1,PAYMENT,0
252.08954908557948,0.36131973237102705,0,0,0,PAYMENT,0
2289.4253672740424,0.5688064377853042,0,0,0,PAYMENT,0
1074.3858100826376,0.6384909441233901,0,0,0,PAYMENT,0
380.45303197935544,1.2192803944065358,0,0,0,TRANSFER,0
136.3730639241473,2.077051689604839,1,1,0,PAYMENT,0
956.7348488507688,1.432686666140158,0,1,1,TRANSFER,1
4664.392983012016,1.6908993855851007,0,0,0,PAYMENT,0
5852.853896019444,0.8297486336956074,1,1,0,PAYMENT,0
1564.5854984455532,1.5251612430674817,1,0,1,PAYMENT,1
7800.987941644267,0.9013492360349088,0,0,0,PAYMENT,0
1050.5392860290701,0.7341582543123393,0,0,0,TRANSFER,0
2844.9579087706543,3.773378161252454,0,0,0,TRANSFER,0
698.3840114102346,0.1956685408177206,1,1,0,WITHDRAWAL,1
655.501873101856,0.26946601294284295,0,0,0,PAYMENT,0
556.9585847977585,1.3072031147605525,0,1,0,PAYMENT,0
139.69633803780053,0.8306990996582517,0,0,0,PAYMENT,0
3972.267065531447,0.3657193492270977,0,0,0,WITHDRAWAL,0
577.3031744631368,0.47796027061431146,0,0,0,TRANSFER,0
492.0405935207636,0.5235702536331468,0,0,0,WITHDRAWAL,0
336.98159627031885,1.8675652477928129,0,0,1,PAYMENT,0
893.9417026322976,2.3365776165171215,0,0,0,TRANSFER,0
6396.410870527645,3.1509178635952497,0,0,0,TRANSFER,0
8899.753429827744,0.3287992635722004,0,0,0,PAYMENT,0
208.33203398939037,0.3840484844569589,0,0,0,PAYMENT,0
769.3546172835216,0.3660671354721136,0,0,0,PAYMENT,0
389.80329103013406,2.4650199580626255,0,0,0,PAYMENT,0
2946.395215287955,1.3391795068353276,0,1,0,PAYMENT,0
1460.5867934721298,1.0577451776343547,1,0,0,TRANSFER,1
580.2335370704739,1.1743796910592559,0,0,0,PAYMENT,0
1179.1782547571938,0.9610346696755179,0,0,1,TRANSFER,1
680.332315861956,0.45621119343647665,0,0,0,PAYMENT,0
5509.593334183664,1.432213218205351,1,0,0,PAYMENT,1
1894.9723284636111,0.8778347157193375,1,0,0,TRANSFER,1
2142.703055299016,0.4316133738350016,1,0,0,PAYMENT,0
76.1787476809235,1.4948110512787933,0,0,0,PAYMENT,0
1025.7828141123591,0.7422632269738512,0,0,0,TRANSFER,1
8806.1970165817,1.1726175131943621,0,0,1,PAYMENT,0
4130.398085441272,0.9162322367167632,0,0,0,PAYMENT,0
172.93406835439626,1.8663135855011341,0,0,0,PAYMENT,0
801.571493194719,1.166623969936477,0,0,0,PAYMENT,0
329.7980620863098,0.5387034083095953,0,0,0,TRANSFER,0
6069.925195658543,1.2528265724486396,0,0,0,PAYMENT,1
1400.0710751456916,1.2818214921760946,0,0,0,PAYMENT,0
508.8760347705908,1.4303698995371088,0,0,0,TRANSFER,0
1134.7389954795917,2.0649623180159566,0,0,0,WITHDRAWAL,0
80.85314390596902,0.6497367815142363,0,0,0,PAYMENT,0
370.56864215244286,1.5960869332935335,0,0,0,TRANSFER,0
1137.335728426616,0.2989819526364463,1,0,0,PAYMENT,0
2554.662419462102,0.9194410290560465,0,0,1,PAYMENT,0
157.38355939288653,0.8250907329467464,0,0,0,TRANSFER,0
749.0791800614231,2.755204460327793,0,0,0,PAYMENT,0
3009.971046274718,0.8963406036101842,0,0,0,PAYMENT,0
256.86397782687413,1.5304964267715282,0,0,0,PAYMENT,0
1379.0950949691053,0.2913456150355209,0,0,0,PAYMENT,0
1171.422970735328,0.7817419537717921,0,0,0,WITHDRAWAL,0
6089.859685901144,0.5529697905769061,1,0,0,WITHDRAWAL,0
871.1932353931484,5.656796747335127,0,0,0,PAYMENT,0
923.7111380661053,0.6270319830600898,0,0,0,WITHDRAWAL,0
2578.4913354131295,1.052633743660611,0,0,0,PAYMENT,0
291.0954825121045,1.0926468567330245,0,1,0,PAYMENT,1
879.2917847949147,0.32869178084628964,0,1,0,PAYMENT,0
695.2524306298235,0.6919616199654923,0,0,0,WITHDRAWAL,0
954.4050740917716,1.3275518859804605,1,0,0,TRANSFER,0
2561.6489442425263,1.0618424850621961,0,1,0,DEPOSIT,0
1908.6691252069388,0.19983011859581978,0,0,0,TRANSFER,0
518.6958556626723,0.6724052893171958,0,0,0,PAYMENT,0
1257.2715347083429,2.0433184205951362,0,1,0,WITHDRAWAL,0
4868.015382870745,1.5094661558109252,0,0,0,PAYMENT,0
477.5334936367415,2.345792613491787,0,1,0,WITHDRAWAL,0
1267.9627789133065,0.5015995753792885,0,0,0,PAYMENT,0
904.0090062978156,2.4513788807171637,1,0,0,PAYMENT,0
1029.6713824609617,0.9693939139014252,0,0,0,WITHDRAWAL,0
214.72161555233254,3.048213711406419,0,0,0,PAYMENT,0
4495.188377739331,1.002315781147256,0,1,0,WITHDRAWAL,0
505.5505831898788,0.23853652281144633,0,0,0,PAYMENT,0
3059.6994468948697,1.8120851520378434,0,1,0,TRANSFER,0
589.1161671434177,0.7331099600891405,0,0,0,TRANSFER,0
586.6892823634565,0.7684646406264867,0,1,1,PAYMENT,1
3689.046307823617,0.3616177726121912,0,0,0,WITHDRAWAL,0
2962.7838745272497,3.1128529386445094,0,0,0,PAYMENT,1
1351.0885758196407,0.6943557639446147,1,0,0,WITHDRAWAL,1
2347.604087461896,3.0117612557558187,0,0,0,DEPOSIT,0
821.7590452157822,0.7394340275011474,0,0,0,TRANSFER,0
1087.495225144102,0.522347793699661,1,1,0,WITHDRAWAL,1
565.8763591089224,2.518517467412747,0,1,0,TRANSFER,1
2708.2689591016506,0.9499610223826501,0,0,1,DEPOSIT,0
548.1706638422137,0.9564752125789402,0,0,0,TRANSFER,0
4842.354483399,0.4077348643084995,0,0,0,TRANSFER,0
799.6433627272721,0.7259048391587665,0,0,0,DEPOSIT,0
1119.3557370667668,1.349976353730431,0,0,0,PAYMENT,0
2341.923831193851,0.4027553410215151,0,0,0,PAYMENT,0
1123.1184450705102,0.6856682382692765,0,0,0,WITHDRAWAL,0
814.1069012646576,0.745043624318117,0,1,0,TRANSFER,0
1064.1977971394183,1.0476070500033636,1,0,1,PAYMENT,0
2680.660111824037,2.817054264541679,0,0,0,PAYMENT,0
565.1819856973976,0.8106108391723593,1,0,0,TRANSFER,0
966.5789605519861,0.6167136497546358,0,1,0,PAYMENT,0
1107.972145263648,6.8377548703005235,0,0,0,PAYMENT,0
2603.4302868178247,0.7384294245909825,0,0,1,PAYMENT,0
992.42815906565,0.8750618470159665,0,0,0,PAYMENT,0
6689.531324192576,0.7784173504776477,0,0,0,WITHDRAWAL,0
937.7294009748044,0.8238734254383918,0,0,0,PAYMENT,0
864.6427030962141,1.0559368729683436,0,0,0,WITHDRAWAL,0
924.236395662813,1.9051438819616033,1,0,0,PAYMENT,0
293.9349755688097,1.3268283648997816,0,0,1,WITHDRAWAL,0
388.8809101763053,2.125414610900059,0,0,0,TRANSFER,0
645.0534039957321,2.076783021601314,0,0,0,PAYMENT,0
3414.648535513717,1.1571805358412979,0,0,0,PAYMENT,0
1060.9011215551786,1.3013710714565452,0,0,1,WITHDRAWAL,0
675.4342452912832,2.1730151504559796,0,0,1,TRANSFER,0
3738.855193687781,0.45939404581279525,0,0,1,PAYMENT,0
5172.839964799003,5.747401511175843,0,0,0,WITHDRAWAL,0
3848.28341225849,0.6985073405162537,0,0,0,PAYMENT,0
467.27128672639986,0.7821760428030282,1,0,0,PAYMENT,0
668.309493462281,0.4281290191253638,0,1,0,PAYMENT,0
6726.001197325655,0.4371383403976507,0,0,0,WITHDRAWAL,0
1395.6837143492205,1.977481070596717,0,0,0,PAYMENT,0
839.1361208672567,4.899510461697158,0,0,0,WITHDRAWAL,0
2249.240676953666,0.6722882563267076,0,0,0,PAYMENT,0
3002.7958010653747,1.2752236432375044,0,0,0,PAYMENT,0
619.275613144564,1.1666269273766185,0,0,0,PAYMENT,0
1365.723984545991,2.014097478741193,0,0,0,WITHDRAWAL,0
2769.8821945039663,4.726098993711185,0,0,0,PAYMENT,1
343.68063998764205,2.8999149024731516,0,0,0,WITHDRAWAL,0
1110.2555104663484,0.8461475744650179,0,0,0,PAYMENT,0
359.82231744285764,1.4479334674246656,0,0,0,DEPOSIT,0
410.10757489384605,1.552149104944045,0,0,0,PAYMENT,0
624.4678971249766,0.9860349864269979,0,0,0,PAYMENT,0
1767.143248650309,0.4643320798313127,0,0,0,PAYMENT,1
794.7100819585336,0.5716985980321547,0,0,0,PAYMENT,0
573.3990375961126,2.233805996701918,0,0,0,WITHDRAWAL,0
1154.6523284638288,2.4010727029877126,0,0,0,PAYMENT,0
348.2906288922188,0.8647652852636202,1,0,0,WITHDRAWAL,0
1683.791235726527,1.2005007673152954,0,0,0,TRANSFER,0
3399.510609828168,2.3119346270911154,0,0,0,TRANSFER,0
1013.1260805207256,0.3033135438194297,0,0,0,PAYMENT,0
895.472047581994,0.7316546239376212,1,0,1,DEPOSIT,0
1593.1052104598796,4.106249030050759,0,0,0,WITHDRAWAL,0
144.24750100294716,1.2330803660574088,0,0,0,WITHDRAWAL,0
1875.8505394655251,0.4536400398035564,0,0,0,PAYMENT,0
24388.95887494781,1.085561761458979,0,0,0,PAYMENT,0
970.0268765385531,2.0441967286181595,0,0,0,WITHDRAWAL,0
973.4777474767535,0.16820478961588664,0,0,0,TRANSFER,0
2306.7779433106666,1.1313369466931427,0,0,0,PAYMENT,0
5683.557682538862,0.7705195986928223,1,0,0,PAYMENT,0
2907.2643858673323,0.31682722396347385,0,0,1,PAYMENT,1
127.02616913543378,1.0590254289835905,0,0,0,TRANSFER,0
1926.381858306363,0.9088854937310153,0,0,1,PAYMENT,0
14356.098955878333,0.9832782109601123,0,0,0,PAYMENT,0
2043.5444338466918,0.7836581129437558,0,0,0,PAYMENT,0
345.64010913759347,0.4892232809955106,0,0,0,PAYMENT,0
1453.6452183278652,0.36118608464815055,0,1,1,PAYMENT,0
304.6954486287097,0.616631943998746,0,1,0,PAYMENT,0
3762.3674878801658,1.8248111091702397,0,0,0,TRANSFER,0
421.6254716258821,1.1772123232666716,0,0,0,DEPOSIT,0
1181.1497821395667,0.9527322872231224,0,0,0,PAYMENT,0
465.0849132276902,0.4829521472037522,0,0,0,WITHDRAWAL,0
634.9536108547001,0.7697107739079868,0,0,0,TRANSFER,0
4847.171635382067,1.6753302178809322,0,0,0,DEPOSIT,0
1216.1642955770944,1.4238274512029627,0,0,0,PAYMENT,0
626.9065749581415,0.7160257071387842,0,0,0,TRANSFER,1
348.89535300412655,0.16073768860276125,0,0,0,PAYMENT,0
168.72978223556885,0.6235082132630589,0,0,0,DEPOSIT,0
313.78855472350386,0.7132764810112626,0,0,0,PAYMENT,0
1226.5482977561876,0.5299491839396007,0,0,0,PAYMENT,0
2922.6142000188356,0.748845158210609,0,0,1,WITHDRAWAL,0
626.1866612589226,1.771072135956651,0,0,0,PAYMENT,0
5273.995959093247,0.9742303375865613,0,0,0,WITHDRAWAL,0
535.1245790208936,1.9992802354933459,0,0,0,PAYMENT,0
864.3590737789845,0.3478929505293505,0,0,0,PAYMENT,0
372.56938154724025,0.8077159408965784,1,1,0,PAYMENT,0
2953.5459208450266,0.25735071422235467,0,0,1,TRANSFER,1
8933.027248753155,0.7418529241555673,0,1,0,TRANSFER,0
188.3276074439741,0.48096526832480946,0,0,1,WITHDRAWAL,0
775.7559174721262,2.4519337118751556,1,1,1,TRANSFER,1
3884.617673618371,1.3321556292781067,1,1,1,TRANSFER,1
258.02448372407434,2.0347656385180186,0,0,0,TRANSFER,0
1932.720562065376,0.7404157118928344,0,0,0,PAYMENT,0
3719.9749010228775,0.4897781879687759,0,0,0,TRANSFER,0
1185.8662680121104,0.4789811207759378,0,0,1,DEPOSIT,0
1901.2428272943362,1.2041904272397812,0,0,1,DEPOSIT,0
6379.866083857836,3.550587369277223,0,0,1,PAYMENT,0
7695.773446605815,1.3346480236783484,0,0,0,PAYMENT,0
1030.7405329948726,0.7692514264051953,0,0,0,TRANSFER,0
643.9506873281831,0.876218667651887,0,1,0,TRANSFER,1
437.03788684627585,0.9783280534408668,0,0,0,PAYMENT,0
2913.0739721152077,4.131538237067357,0,0,0,DEPOSIT,0
278.1677759350275,2.3715078965127065,0,0,0,PAYMENT,0
851.8632097550632,1.1995797689316405,0,0,0,PAYMENT,0
1215.2313764715752,1.0798394551682855,1,0,0,TRANSFER,0
663.1475319863492,1.2331197906302587,0,0,0,TRANSFER,0
1450.7272552449476,1.413392677509515,0,1,0,WITHDRAWAL,0
14250.01613950158,0.7488335370587974,0,0,0,PAYMENT,0
971.0727707893674,0.5538533917077814,0,0,0,PAYMENT,0
709.5240354096072,2.0596873148825123,0,0,0,WITHDRAWAL,0
3027.013668025985,1.0155069149307416,0,0,0,PAYMENT,0
1393.5136524978525,1.9427598302685003,0,0,0,PAYMENT,0
4625.481585921163,3.165500326494327,0,0,0,TRANSFER,0
1292.9576433686668,1.439693601007733,0,0,0,DEPOSIT,0
855.4064978450897,1.2852894368890293,0,0,0,DEPOSIT,0
184.24660630028737,9.394929100867289,0,1,0,DEPOSIT,0
217.0798604160975,1.15594025893855,0,0,0,PAYMENT,0
174.915204289031,0.46608709392142095,1,0,0,WITHDRAWAL,0
1602.5304117153548,0.8213075278367207,0,1,0,PAYMENT,0
280.83028534610963,2.9629319395767153,0,0,0,PAYMENT,0
3849.0335350806536,0.4041710315457773,0,0,0,PAYMENT,0
1130.3092703734874,0.5905377462247875,0,0,1,PAYMENT,0
859.0379333447328,2.16950442127562,0,1,0,PAYMENT,0
471.60648743668236,0.8268479569610251,0,0,1,WITHDRAWAL,0
2043.1719327378946,0.9257305671421969,0,1,1,DEPOSIT,0
490.53772161269467,2.1198831602837576,0,0,0,PAYMENT,0
409.37106573708917,0.6054551298930165,0,0,1,PAYMENT,0
3598.7790732633557,0.3577139207571938,0,0,0,PAYMENT,0
1563.4046042022578,0.3782423392705962,0,0,0,TRANSFER,0
867.0273932727605,1.5026741843424505,0,0,0,WITHDRAWAL,0
2082.7261940509115,1.198885608430936,0,0,0,TRANSFER,0
1106.472020973827,0.6158224673778734,0,0,0,PAYMENT,0
1608.4289119391556,0.4443449363196344,0,0,0,DEPOSIT,0
484.5167961104369,0.8274544756171476,0,0,0,PAYMENT,0
8694.088656316257,2.184882607097374,0,0,0,TRANSFER,0
614.2364995000024,0.5570654353988441,0,0,0,PAYMENT,0
5197.933007300633,0.6288397555649279,0,0,0,TRANSFER,0
907.8971948818747,0.43458440423177347,1,0,0,PAYMENT,1
2457.9848231970936,0.7732220436867677,0,1,0,PAYMENT,0
2285.2335291021755,1.2670042978773086,0,0,0,TRANSFER,0
3452.492645722263,4.395663162322642,0,0,0,PAYMENT,0
473.1328864179874,1.1646808010658074,0,0,1,TRANSFER,0
3215.16964268749,0.9631224951480577,0,0,0,TRANSFER,0
6949.6032521754,1.8295236349371253,1,0,0,PAYMENT,1
846.6666238369085,1.627997751246492,0,0,0,PAYMENT,0
1135.3611431957138,0.6674020973799986,0,0,0,WITHDRAWAL,0
649.727703560425,5.010030742978768,0,0,0,PAYMENT,0
775.5432471171174,0.9830764923972903,0,0,0,PAYMENT,0
6071.875402970233,1.1799389787881964,1,0,0,PAYMENT,0
401.72407560852986,1.4710023087083508,0,0,0,PAYMENT,0
427.468746520195,1.2739351552784743,1,0,0,PAYMENT,1
5491.19366623825,2.9089097895246017,0,0,0,TRANSFER,0
2047.8554976630408,0.6617045528909131,0,0,0,TRANSFER,0
9139.58491261792,1.7304259190600446,0,0,0,PAYMENT,0
698.9375261302956,1.122095491501925,0,1,1,PAYMENT,0
1244.241190117703,1.9895455316048856,0,0,1,DEPOSIT,1
566.4127519874432,0.8602864919998164,0,0,0,WITHDRAWAL,0
1265.5994578604943,0.7824770005194646,0,0,0,PAYMENT,0
186.0291352761192,1.6693785663165324,0,0,0,TRANSFER,0
2175.3711152202504,1.2847899988379,0,0,1,WITHDRAWAL,0
1515.4596685268086,0.5631518273462927,0,0,0,WITHDRAWAL,0
1035.2987770650348,2.5649233637343705,0,0,1,PAYMENT,0
742.2125631578695,1.6698880071213,0,0,0,TRANSFER,0
448.20289146633274,0.9493830434095142,0,0,0,TRANSFER,0
2270.403645418428,0.7205346463138094,0,0,0,TRANSFER,0
339.9878950888602,1.2903217783005327,0,0,1,WITHDRAWAL,0
1829.6791672984393,1.5877845134838993,0,0,0,PAYMENT,0
8729.395433303402,0.3276358332828661,0,0,0,PAYMENT,0
4844.122961517673,1.3007963394948594,0,0,0,TRANSFER,1
243.4403777560323,1.5789945625901773,0,0,0,WITHDRAWAL,0
641.1490387575914,0.19268201876569455,0,0,0,WITHDRAWAL,0
1671.4565995564567,1.1472098318426636,0,1,0,PAYMENT,1
1022.2057566903435,1.6261681093684637,0,0,1,WITHDRAWAL,0
270.58716465884754,1.501725559573619,0,0,0,PAYMENT,0
1612.1370716193596,1.7536754600398847,0,0,0,DEPOSIT,0
1085.7031329502674,0.7950926625822531,0,1,0,TRANSFER,1
7437.762985351745,0.48290539973581037,0,0,0,PAYMENT,0
851.3057075536339,0.2837047959696195,0,0,0,PAYMENT,0
3526.296275319004,2.148041009472666,0,0,0,PAYMENT,0
308.8672573919002,1.6358226794401785,0,0,0,PAYMENT,0
392.28581817510235,2.265832523804586,0,0,0,PAYMENT,0
2256.7070220300134,0.6019391303319606,0,0,0,WITHDRAWAL,0
3241.3032987574916,1.755380242490643,0,0,1,PAYMENT,0
420.98923947991705,0.34928164853938715,0,0,0,DEPOSIT,0
1123.357678258771,0.5440873413306996,1,0,1,PAYMENT,1
275.45404984777406,1.0921891226372986,0,0,0,TRANSFER,0
914.8683486753699,1.5908132140781857,0,0,0,TRANSFER,0
2532.400093582703,3.2391427566899877,0,0,0,PAYMENT,0
709.8413546150674,0.8453159249835615,0,0,1,PAYMENT,0
854.8835784041469,0.5455150933519155,0,1,0,TRANSFER,0
354.3214676280159,0.5262366752574361,0,0,0,PAYMENT,0
573.4332770452295,0.6178607555738568,0,0,0,PAYMENT,0
6362.081713449953,4.733755004990442,0,0,0,TRANSFER,0
1179.593175769523,1.698612101600499,0,0,0,PAYMENT,0
402.4988474391906,2.178795704993181,0,0,0,PAYMENT,0
800.4932099038118,0.845954324297154,0,0,0,PAYMENT,0
221.97669054918012,0.9988465880124113,0,0,0,TRANSFER,0
397.75661887038336,1.6314760450567005,0,0,0,DEPOSIT,0
4274.146614251953,0.7018334673846405,1,0,1,PAYMENT,0
951.0033409335407,0.8155312638832288,0,0,0,PAYMENT,0
7264.321481390697,0.6235707665752936,0,0,0,PAYMENT,0
996.9016922145486,0.7310708588272348,1,0,0,WITHDRAWAL,0
1057.8790684027879,1.034879535117288,1,0,0,WITHDRAWAL,0
2081.604268916108,0.5625939771807295,0,0,0,PAYMENT,0
75.74802851003304,1.2216290872143456,1,0,1,PAYMENT,0
1346.0630123771232,1.220434840507515,0,0,0,TRANSFER,0
1044.2075088301408,0.8820786540717042,0,0,0,TRANSFER,0
4846.629982849546,0.5603341936402286,0,0,0,TRANSFER,0
2877.5064846480177,1.076240698556564,0,0,1,PAYMENT,0
352.9436154081529,0.7022729070182662,1,0,0,PAYMENT,0
3797.6533619353595,1.0331536462477113,0,0,0,PAYMENT,0
843.605926997836,2.156937145451308,0,0,0,TRANSFER,0
443.8766789340422,0.4160049657168263,0,0,0,PAYMENT,0
1335.5563837581503,4.578815937746178,0,1,0,PAYMENT,1
895.3642729359359,0.9505005729636967,0,0,0,WITHDRAWAL,0
5107.4999353224375,1.3341408034474762,0,0,0,WITHDRAWAL,0
1541.670778625208,0.5904176783323642,0,0,0,WITHDRAWAL,0
1347.0319841884113,2.224535399673764,0,0,0,TRANSFER,0
2699.0282582391674,0.9158171715425597,1,0,0,TRANSFER,0
3271.0673523966157,0.7589018560537503,1,0,0,PAYMENT,0
2400.914761393663,0.6684053254099838,0,0,0,PAYMENT,0
4534.469936035147,0.8286607645318538,0,0,0,TRANSFER,0
2015.6205916911488,1.3402325263921375,0,0,0,PAYMENT,0
1296.795453822998,1.128588213965903,0,0,1,PAYMENT,0
3786.4041025514416,0.9724838472129022,0,1,0,TRANSFER,1
1001.3494906799029,0.6077479781534443,0,0,0,PAYMENT,0
1133.7052346690257,0.583668886715293,0,0,1,TRANSFER,0
6133.844030450708,0.7242548123145703,0,1,0,PAYMENT,1
5552.058994580651,1.3801511173673486,0,0,0,WITHDRAWAL,0
1087.703849351956,1.5897581743150515,0,0,0,DEPOSIT,0
696.7651588894482,1.7470539947985793,0,0,1,TRANSFER,0
4737.067253015247,0.9989737015277184,0,0,0,PAYMENT,0
2441.623236390675,1.3079922901572933,0,0,0,PAYMENT,0
1503.5454842223446,0.8887711564537666,0,0,0,WITHDRAWAL,0
794.8292325919975,0.2953457445035256,0,0,0,PAYMENT,0
1527.971898792265,0.8597198035243279,0,0,0,WITHDRAWAL,0
1073.0834799449785,0.768950533148421,0,0,0,PAYMENT,0
564.3427729944916,0.4831966124228845,0,0,0,WITHDRAWAL,0
1247.681525655306,0.6722157569991308,0,0,0,PAYMENT,0
1429.9918810345337,1.0991794973827087,0,0,0,TRANSFER,0
753.4065077630717,0.45236190262991594,1,0,1,PAYMENT,0
2707.621054311944,0.6080185850351845,0,0,0,DEPOSIT,0
3979.1853536337007,2.955096807470924,0,0,0,TRANSFER,0
2892.561421696708,0.3256622661227149,0,0,1,TRANSFER,0
831.9327554563024,0.879653224954207,0,0,0,PAYMENT,0
2335.126873536097,0.44201274784818284,0,0,0,TRANSFER,0
1185.5491897326367,0.590877972930317,0,0,0,PAYMENT,0
318.7012110657295,0.8707363371718561,0,0,0,PAYMENT,0
2148.938715380766,0.5009227978695077,0,0,0,PAYMENT,0
1269.1867765887305,1.494439814729784,0,0,0,PAYMENT,0
14669.825881809875,2.5748864442957853,0,0,1,WITHDRAWAL,0
4709.188425151542,1.802500189433648,0,0,0,PAYMENT,0
2233.1092077461053,2.0487486300601425,0,0,1,WITHDRAWAL,0
1406.9373113491056,0.3806728343214066,0,0,1,PAYMENT,0
1291.710069900008,0.8435385165424738,0,0,0,PAYMENT,0
401.9431241384859,1.3870715791119332,0,0,1,TRANSFER,1
192.67653006446034,1.8401252498597993,0,0,1,DEPOSIT,0
458.26191657895777,3.412165367260928,0,0,0,PAYMENT,0
1045.5339405765046,2.1134627459080617,0,0,1,TRANSFER,0
133.5479676829541,1.8730011483549465,0,0,1,TRANSFER,1
636.3051270005909,6.318721582060201,0,0,0,WITHDRAWAL,0
856.099807486361,1.0697407796615737,0,0,0,WITHDRAWAL,0
884.1028893343918,0.8168164222252446,1,0,0,PAYMENT,1
565.8202237193606,1.1321862890752301,0,0,0,WITHDRAWAL,0
779.3702218101598,0.527009381452929,0,0,0,DEPOSIT,0
6148.072076287616,1.0484822581436004,0,0,0,PAYMENT,0
2126.314081421486,0.29855636525682394,0,0,0,TRANSFER,0
626.2184194489123,0.690276300803047,0,0,0,PAYMENT,0
1024.184752448237,0.9224392882337469,0,0,0,PAYMENT,0
1066.0192517308308,1.9439941632632307,0,0,0,PAYMENT,0
508.79468522198545,2.1765985956377354,0,0,1,PAYMENT,0
508.1973123253826,0.5093947894306046,0,0,0,TRANSFER,0
3012.4953081186586,4.276878425991616,0,0,0,WITHDRAWAL,0
720.6947104798058,1.1094467136779076,0,0,0,PAYMENT,0
366.97862834593906,1.1829738456086387,1,0,0,PAYMENT,1
1050.3299752564442,0.32226359848639363,0,0,0,PAYMENT,0
1233.9920390767963,0.6478862273746788,0,0,0,TRANSFER,0
152.52000622537872,2.0852248018518504,0,1,0,PAYMENT,0
1052.8474629907007,1.1261952587764397,0,0,0,TRANSFER,0
2612.283270961697,1.0783912080575124,0,0,0,PAYMENT,0
1721.9788204500667,1.1723620026021122,0,0,0,TRANSFER,0
10196.45219955803,0.3641304801743052,0,0,1,TRANSFER,0
3831.874861267837,0.9346099641365908,0,0,0,WITHDRAWAL,0
4670.0918788943545,2.6800387374972865,0,0,0,TRANSFER,0
18035.29474077896,2.139763556784833,0,0,0,WITHDRAWAL,0
2340.585198171825,0.9160909677383055,1,0,0,PAYMENT,1
1290.8680885977617,2.9878918506474195,0,1,1,TRANSFER,1
2903.6977601104345,0.4142154811314304,0,0,0,PAYMENT,0
626.8852857796791,0.506521572240696,0,0,0,DEPOSIT,0
1221.3185337564112,3.6859771644252497,1,0,0,PAYMENT,0
573.7950959671997,1.4986746978820245,0,0,0,TRANSFER,0
1632.6905180092397,0.8169142559791955,0,0,0,WITHDRAWAL,0
571.4008126362336,0.9620171546252216,0,0,0,PAYMENT,0
551.7370091999776,0.5685637816611883,0,0,0,PAYMENT,0
1658.1756866937064,1.2136287289377659,0,0,1,PAYMENT,0
955.5514030202293,1.1481729184914027,0,0,0,PAYMENT,0
159.56938834716885,1.0140166213554063,0,0,0,TRANSFER,0
255.81207136996144,0.4440450087416898,0,0,0,PAYMENT,0
348.18484708510937,1.2036146984222378,0,0,0,PAYMENT,0
453.5148860783448,0.6902799750859567,0,0,0,PAYMENT,0
1659.7517624552195,0.5014837462661136,0,0,0,PAYMENT,0
1365.039775932287,2.4271548896062765,0,0,0,PAYMENT,0
3182.045066353402,4.566764423235084,0,0,0,TRANSFER,1
2328.086170397301,3.8955469386619384,0,0,0,PAYMENT,0
3203.191566183322,1.5763088367361497,0,0,0,WITHDRAWAL,0
2015.0437603880268,0.8303486921781424,0,1,0,PAYMENT,0
1352.4584766839987,0.9519441538599801,1,0,0,PAYMENT,0
3292.3331030268487,1.3283287650029727,0,1,0,PAYMENT,0
2750.1556573737234,0.7451472517909021,0,0,0,PAYMENT,0
1597.3405475887246,2.5172500157884183,0,0,0,DEPOSIT,0
3909.1368372026195,0.24050623947016198,0,0,1,TRANSFER,0
105.02640108917812,0.8130132370836196,1,0,0,PAYMENT,0
820.1906603550613,1.751986075041822,1,0,0,DEPOSIT,1
807.7152106688669,0.5534345656318521,0,0,1,TRANSFER,0
3472.683362748287,0.8452657332661795,1,0,0,TRANSFER,0
5278.488131417043,1.5152044666958238,1,0,0,PAYMENT,1
257.1914192891755,2.8944305050167856,0,0,0,PAYMENT,0
4497.006239045748,0.40423584462904694,0,0,0,PAYMENT,0
339.8671527238884,0.38379292048287067,0,0,0,PAYMENT,1
350.29818693447055,0.5157046136983718,0,1,0,DEPOSIT,0
867.5857009592324,0.3408628454529836,0,0,0,PAYMENT,0
797.7486140773585,0.3582712425210628,0,1,0,PAYMENT,1
230.8071977600633,0.5061800523088644,0,0,0,TRANSFER,0
2100.3892706147067,2.371316968614628,1,0,0,TRANSFER,0
2163.326635007296,0.8037606343115253,0,0,0,PAYMENT,0
3146.486134023915,1.022205527006983,0,0,0,PAYMENT,0
710.9091687402391,0.5123101991282525,0,0,1,PAYMENT,0
1054.0733144959602,1.5581137460925538,0,0,0,PAYMENT,0
1063.7682490109285,3.7174383648470806,0,0,1,TRANSFER,0
5931.280718677078,0.5372235811830832,0,0,0,PAYMENT,0
64.4413312834495,3.344522254965637,1,0,0,WITHDRAWAL,1
421.1780437326401,1.290586889761885,0,0,0,PAYMENT,0
1102.7262953276734,1.0118743969756363,0,0,0,WITHDRAWAL,0
370.3430599375689,1.3232445096773788,0,0,0,WITHDRAWAL,0
846.9821692087608,1.314384571053461,0,0,0,TRANSFER,0
966.7350475313239,3.6691979404452555,0,0,0,TRANSFER,0
568.109334893906,1.4392965859682127,0,0,0,PAYMENT,0
1169.6606302519674,1.4604944164505604,0,0,0,PAYMENT,0
2055.2428142945414,0.7444944556430004,1,0,0,TRANSFER,1
865.8689377067083,1.7992213635795493,0,0,0,PAYMENT,0
697.0138392610969,0.5118145730575531,0,0,0,TRANSFER,0
929.117381485595,1.0792893256209626,0,0,0,PAYMENT,0
1088.5084605948518,7.525509297281612,0,0,0,PAYMENT,0
192.41999071236,0.17326502093404836,0,0,0,PAYMENT,0
1739.8495413151998,1.1772755316428798,0,0,0,WITHDRAWAL,0
698.5444203239183,1.2094141207444655,0,0,0,TRANSFER,0
3872.0334016213383,0.8524315811668001,0,0,0,TRANSFER,0
1980.3987170085863,0.866612381141225,0,1,0,TRANSFER,0
3533.5786003617786,1.0660783703710468,0,0,0,WITHDRAWAL,0
399.013881210154,0.8382806811909831,0,0,1,PAYMENT,0
756.4325425622025,1.1681085423409159,0,0,1,WITHDRAWAL,0
316.5690902982496,0.710826078756464,0,1,1,PAYMENT,1
541.7522486215822,4.1192659216222065,0,0,0,TRANSFER,0
3835.69308818459,0.8382745387260685,1,0,1,WITHDRAWAL,1
4853.670869359924,1.4899282811421948,0,0,0,WITHDRAWAL,0
347.88317006189027,0.6260498553680229,0,1,0,PAYMENT,1
693.4799525417186,1.9216806107685196,0,0,0,PAYMENT,0
1016.1785267181236,1.6710086917837095,0,0,0,PAYMENT,0
1969.6391686027048,1.3410892616377141,0,1,0,PAYMENT,0
188.7059033999357,0.48717360092260115,0,0,0,TRANSFER,0
220.74317429201824,0.5905611287419406,0,0,0,TRANSFER,0
1789.3829949811893,3.2554193177541335,1,0,0,PAYMENT,1
156.17254146603045,0.586002281892925,0,0,1,PAYMENT,0
701.4871586820427,1.5661674481462526,0,0,0,TRANSFER,0
1289.6057217183254,0.5161953854872271,1,0,0,PAYMENT,0
1661.8155191278408,2.02560468309846,0,1,0,PAYMENT,0
951.7304980747773,0.6184875910980123,1,1,0,TRANSFER,1
760.7032093614374,0.5095478468650674,0,0,0,PAYMENT,0
2551.8423301934354,0.6073562643301093,0,0,0,WITHDRAWAL,0
1458.561458193891,0.6786418091344565,0,0,0,TRANSFER,0
574.2032214786541,1.3274653186035432,0,0,1,PAYMENT,0
1138.7915060394687,1.0497673774053982,0,1,0,PAYMENT,0
1608.679640839781,0.4645856917979291,0,1,0,PAYMENT,0
6113.393148368528,0.9806272023250728,0,0,0,WITHDRAWAL,0
2407.450706025621,0.44912636913480686,0,0,0,PAYMENT,0
3694.338737579506,1.5690810907608588,0,0,0,TRANSFER,0
595.494768498916,1.7839536077775315,1,0,0,TRANSFER,1
649.2495086491753,0.9833765825940373,0,0,0,PAYMENT,0
866.6368294464299,1.20943992686904,0,0,0,PAYMENT,0
949.9671008985583,3.409231425465465,0,0,0,PAYMENT,0
400.2042501655687,0.895545638356487,0,0,0,WITHDRAWAL,0
3889.102252491988,0.5163447765415772,0,0,0,DEPOSIT,0
2652.7487293465624,1.4999573361791785,1,0,0,DEPOSIT,0
807.8061680363317,0.45254972334414845,0,0,0,PAYMENT,1
2083.3045730141785,0.8629502180792848,0,0,1,TRANSFER,0
1370.4564835620838,0.6575114949571602,1,0,0,TRANSFER,1
2252.5720618912824,0.6118464765521511,0,0,0,WITHDRAWAL,0
285.9145175546479,0.8394055494021159,0,0,0,TRANSFER,0
947.98523458606,1.8774677517618845,1,0,0,PAYMENT,0
1034.7979529423806,2.168353560791468,0,0,0,PAYMENT,0
2046.0003132427873,1.9123715176793343,0,0,0,WITHDRAWAL,0
584.9710733930093,1.2654754006741458,0,0,0,TRANSFER,0
90.02336753590065,0.8349348401110693,0,0,0,PAYMENT,0
371.77925675232484,0.19195822729830422,0,0,0,WITHDRAWAL,0
1031.68845346677,1.2935141932008314,0,0,0,TRANSFER,0
1168.9769288802127,0.20280056782738745,0,0,0,PAYMENT,0
5906.142101966011,0.2601863709177096,0,0,0,PAYMENT,0
1964.0156172866944,0.8930011957767147,0,0,0,PAYMENT,0
1189.7878337357517,1.2034640074641487,0,0,0,TRANSFER,0
1061.6809396823094,0.7292348591433072,0,0,1,TRANSFER,0
3308.2789622560967,2.9296173112850834,0,1,0,DEPOSIT,1
607.8265416008253,1.3819163015905787,0,0,0,PAYMENT,0
953.0965519914456,0.8398050186391062,0,0,0,PAYMENT,0
368.9797925713387,2.6390446103129657,0,0,0,PAYMENT,0
4531.9430174710815,2.990914948077623,0,0,0,PAYMENT,0
1623.75871796444,1.4315976887159263,0,0,0,TRANSFER,1
540.4903072554363,0.5811883676632971,0,0,0,TRANSFER,0
978.0345432246676,0.680321837923289,0,0,0,WITHDRAWAL,0
1825.5758732095937,0.36323070374131344,0,0,0,TRANSFER,0
853.4449894672659,0.9707446555602954,0,0,0,PAYMENT,0
642.6044542652223,0.4794915491974328,0,0,0,PAYMENT,0
570.0512756227997,0.7942537070870893,0,0,0,TRANSFER,0
1539.1135291412504,1.2001183922535081,0,0,1,TRANSFER,0
766.5851034530733,0.24942523964261895,0,0,0,PAYMENT,0
696.6215303616299,0.41287149359398523,0,0,0,WITHDRAWAL,0
288.2817339772295,0.7013181534237021,0,1,0,WITHDRAWAL,0
1185.1689017410586,0.9638986178512804,0,0,0,TRANSFER,0
914.8650437318463,0.7077080990243932,0,1,0,PAYMENT,0
795.0075817155964,0.8274864454627903,0,0,0,PAYMENT,0
1337.7851836853872,0.6099788239289736,0,0,0,TRANSFER,0
2316.9391524482426,0.362554710968507,0,0,1,PAYMENT,0
2211.8078061177653,0.6877529814049571,0,0,0,PAYMENT,0
1905.9359912776013,0.861381341339945,0,0,1,TRANSFER,0
862.0641788929569,0.8047101950548595,0,0,0,PAYMENT,0
622.0382985398116,1.0814006977105832,0,0,0,PAYMENT,0
386.0953496107925,1.340746031991543,1,0,1,PAYMENT,0
605.9778853986386,1.6115691937427359,0,0,0,PAYMENT,0
1118.3952173482412,0.6417954852406673,0,1,0,PAYMENT,0
499.5530898104747,0.3318547974727701,0,0,0,WITHDRAWAL,0
1207.1978652664313,2.4354156887006857,0,0,0,PAYMENT,0
417.6080537106894,1.3097183851404182,0,0,1,PAYMENT,0
208.30599136200013,0.5125978569419877,0,0,0,PAYMENT,0
2488.427144172476,1.214574171882571,0,1,0,PAYMENT,1
682.3791246501485,2.1119175226115217,0,0,1,PAYMENT,0
474.83451163668246,3.354905381087644,1,0,0,PAYMENT,0
367.290415753647,1.1917552177403459,0,0,0,WITHDRAWAL,0
1674.1083509483578,2.0996474425703777,1,1,0,WITHDRAWAL,1
4336.868016830882,0.42881853253839836,0,0,0,PAYMENT,0
732.8390780664696,0.9751812516651279,1,1,0,PAYMENT,1
883.981933611216,0.7909592303281421,0,0,0,TRANSFER,0
3202.323246471382,1.2709935229822389,0,1,0,TRANSFER,1
179.38858083888985,3.0889639851540154,0,0,1,PAYMENT,0
7839.016373524103,1.1911539891302563,0,0,0,WITHDRAWAL,0
12633.411659282181,0.5187239023182713,0,0,0,PAYMENT,0
73.23419601664266,0.4129589829192259,0,0,0,WITHDRAWAL,0
994.755293850966,3.1646613261909167,0,0,0,WITHDRAWAL,0
534.3510222977729,1.43283555810313,0,0,0,WITHDRAWAL,0
841.5355250631458,1.3684202097220992,0,0,1,PAYMENT,0
721.7038901942159,0.786146614118307,0,0,0,PAYMENT,0
2469.4706588067966,1.2062341687920834,0,1,0,PAYMENT,0
979.879978290241,0.5011389183040773,0,0,0,TRANSFER,0
441.0211289719044,1.3113260130895665,0,0,0,PAYMENT,0
923.1713285776276,0.4393718895942708,0,0,0,PAYMENT,0
1834.9715145504085,0.7776319711497234,0,0,0,PAYMENT,0
335.720400520944,0.6376120810050954,0,0,0,PAYMENT,0
211.40300984877322,0.10226811357541518,0,0,0,WITHDRAWAL,0
8044.491100730381,0.7844769895683491,0,0,0,DEPOSIT,0
576.8448388989895,0.5330145818494273,0,0,0,PAYMENT,0
955.8939855064073,0.8630584004740972,0,0,0,PAYMENT,0
736.7175634951457,1.0012066877998664,0,0,0,TRANSFER,1
1897.1114219492054,3.4471657100710775,0,0,0,PAYMENT,0
6456.159550011447,1.2377513401756035,0,0,0,PAYMENT,0
1958.49939016902,1.2634914022179806,1,0,0,PAYMENT,1
240.23914205282452,1.4147172455396302,0,0,0,PAYMENT,0
274.7541157055274,1.8409209423786816,0,0,0,PAYMENT,0
735.8565719520274,1.3743702383091436,0,0,0,TRANSFER,0
838.6276455169124,1.2179865385059685,0,0,0,WITHDRAWAL,0
195.98707838564266,1.6452179091196124,0,0,0,WITHDRAWAL,0
2488.2649022939763,0.18293139363870062,0,0,0,TRANSFER,0
370.06528725705056,4.316030474948926,0,0,1,PAYMENT,0
4881.957581330134,3.042899644685019,0,0,0,WITHDRAWAL,0
6772.547565103755,1.1641544462644935,0,0,0,TRANSFER,0
855.5516515466243,0.37190958129571444,0,0,0,PAYMENT,0
1701.0017826869057,2.3332107020576345,1,0,1,PAYMENT,1
319.9141817885521,0.6152580231372932,0,0,0,TRANSFER,1
2046.070342622774,1.4530847516234215,0,0,0,TRANSFER,1
666.3450147477071,0.4073697940148364,0,0,0,TRANSFER,0
369.7269197498463,4.751616278286947,0,0,1,PAYMENT,0
821.1165100501823,0.3643822833465315,0,0,1,PAYMENT,0
688.3187235222554,1.0494752204882152,0,0,0,TRANSFER,0
792.221161377266,0.22638208850544825,0,1,0,PAYMENT,0
2834.6674361729956,0.9715566339095231,0,1,0,PAYMENT,0
500.04215624808705,0.7425243281946043,0,0,0,PAYMENT,0
6216.877187514763,2.2167194455398493,0,0,0,WITHDRAWAL,0
291.47095679040166,0.7424753540058496,0,0,0,PAYMENT,0
5516.12154234701,2.218955318758992,1,0,0,PAYMENT,0
396.82261930912574,0.4882711474996246,0,0,0,WITHDRAWAL,0
1095.5225767653596,0.8208842860693579,0,1,0,PAYMENT,0
671.6946762942588,0.8324863376076105,1,0,0,PAYMENT,0
777.6459383225537,1.4146919142490801,0,0,0,PAYMENT,0
2443.9167002801687,1.2941603396466914,0,0,0,WITHDRAWAL,0
4913.917662431546,1.6579097272313486,0,0,0,PAYMENT,0
3606.61415839419,1.2053637906123509,0,0,0,PAYMENT,0
731.5339769143774,1.5887068423634743,0,0,0,PAYMENT,1
1318.5068781198238,0.5333887545258345,1,0,0,TRANSFER,0
501.65976268558757,1.3127958069538481,0,0,0,PAYMENT,0
406.85208319232476,3.0825098429178968,0,0,0,PAYMENT,0
348.52121177416814,0.30851187700519045,0,0,0,TRANSFER,0
707.9876804272677,1.4081905304154128,0,0,0,TRANSFER,1
1407.5496448095498,1.6059987618260496,0,0,0,TRANSFER,0
162.0953658715044,2.781055311798838,0,1,0,PAYMENT,0
1046.960305368971,1.6623509797723484,0,1,0,DEPOSIT,0
4994.163075289267,1.0727454028701706,0,0,0,TRANSFER,0
3367.4500293297615,1.3512785750314997,0,0,0,TRANSFER,0
610.8283113148173,0.5977835875900531,0,0,1,PAYMENT,1
271.27337892266706,0.7621760977004395,0,0,0,PAYMENT,0
1736.8532995638354,0.39258901102396904,0,0,0,PAYMENT,0
108.04758692896512,2.8318229608151855,0,1,0,TRANSFER,0
3328.0909020390127,1.370410216695991,0,0,0,PAYMENT,0
885.7303351255682,0.5266185944124545,0,0,0,TRANSFER,0
6845.18196205999,1.2091889841664032,0,0,0,PAYMENT,0
195.00681651179633,2.2513800798303056,0,0,1,TRANSFER,0
2746.6746072157393,2.0036181633509567,0,0,0,PAYMENT,0
991.7699381354983,0.5223867687176773,0,0,0,PAYMENT,1
787.5678049585412,0.11150485224731704,0,0,0,PAYMENT,0
278.70574136273353,1.3188633398082261,0,0,0,PAYMENT,0
1989.7174181617659,0.5375095550577148,0,0,1,TRANSFER,0
2156.274805636619,1.545935539360536,0,0,0,PAYMENT,1
6536.308280494705,1.9448585934584057,0,0,0,PAYMENT,0
3005.0523352090418,2.180475948157239,0,0,0,PAYMENT,0
605.5303411851143,3.3916561441199913,0,0,0,PAYMENT,0
401.87352166156694,2.3760747053556295,0,0,0,PAYMENT,0
279.0828152076267,3.403091149316743,1,0,0,WITHDRAWAL,0
4784.918855473348,2.6256861182331166,0,0,0,PAYMENT,0
503.6218635393414,2.790867004375205,0,1,0,TRANSFER,1
4818.5574064088705,0.9717976283268343,0,0,0,PAYMENT,0
1853.9467812048704,0.40554294616924025,0,0,0,PAYMENT,0
1525.2336365377153,5.683624685951233,0,0,0,PAYMENT,1
806.8450863406929,1.045052428165119,0,0,0,PAYMENT,0
2123.185667226067,2.3633867285044428,0,0,0,PAYMENT,0
1079.7979693073657,0.6803197425340695,0,0,0,PAYMENT,0
758.0783227959232,1.963533605091381,0,0,0,TRANSFER,0
2199.542771583671,0.1805993336723417,0,0,0,PAYMENT,0
949.587700369903,0.7502788258797403,0,0,0,TRANSFER,0
493.57026083943055,0.9334314440611312,0,0,0,PAYMENT,0
1997.8497885186027,1.3824069379318473,0,0,0,WITHDRAWAL,0
1028.6621406630663,2.1178835692035625,0,0,0,PAYMENT,0
1788.1020190819024,0.46491529785330865,0,0,0,PAYMENT,0
696.5503925015635,1.5872099592282152,0,0,0,PAYMENT,0
327.300495471013,2.360012424508058,0,0,0,DEPOSIT,0
6217.194024686352,5.166203612884372,0,0,0,TRANSFER,0
5149.27604898359,1.6399070914660787,0,0,0,PAYMENT,0
2653.8984768072987,0.7249488436955801,0,0,1,PAYMENT,0
744.1103283452505,0.4105591532533414,1,0,1,TRANSFER,1
812.1475429848182,3.598228383020395,0,0,0,WITHDRAWAL,0
4369.166099190103,1.675546456763121,0,0,0,PAYMENT,0
769.8301933666597,0.9847347709835821,0,0,0,PAYMENT,0
582.5668621460686,0.32178463070622293,0,0,1,PAYMENT,0
7131.199097505058,0.5210919498166965,0,0,0,PAYMENT,0
1045.575069090413,1.5556978174023728,1,0,0,PAYMENT,0
6428.042435587687,1.2810539235150151,0,0,0,PAYMENT,0
270.8616270833269,0.25603731298486193,0,0,1,PAYMENT,0
1841.2222249673514,1.557105718749931,0,0,1,TRANSFER,0
8700.037362873503,0.3335690082461268,0,0,0,PAYMENT,0
1129.7489791216133,2.5800437290177665,0,0,0,PAYMENT,0
842.1814650700449,1.1571836214700377,0,0,0,DEPOSIT,0
341.12469413827836,0.7229646047377128,0,0,0,PAYMENT,0
3236.808376919693,1.9999217151672197,0,0,1,PAYMENT,0
507.6904529973717,1.280754685087965,1,0,0,PAYMENT,0
997.4394454544744,2.5280527085124596,0,0,0,PAYMENT,0
319.0978259545962,1.0579498476896327,0,0,0,PAYMENT,0
5202.5002176187245,1.102051625229313,0,0,1,PAYMENT,0
3480.340144713177,0.8189966358092348,0,0,0,PAYMENT,0
1062.537560026435,1.2021083818024316,0,0,1,PAYMENT,0
345.7967118601035,3.2823696501069817,0,0,0,WITHDRAWAL,0
5094.450297425683,0.7033258936093223,0,0,0,PAYMENT,0
760.5700918631178,1.5739188695310034,0,0,0,PAYMENT,0
363.14244188502335,0.5399328450879263,0,0,0,WITHDRAWAL,0
188.2709196618168,0.23534271103155757,0,0,0,PAYMENT,0
574.8073079969557,1.1562952199885919,0,0,0,PAYMENT,0
256.04721919982285,1.2960015532550038,0,0,0,PAYMENT,0
588.2659628919358,0.9258566253031405,0,1,0,PAYMENT,0
2308.6281062608123,0.35092263969382104,0,0,0,WITHDRAWAL,0
753.4026676184494,1.2373979559831745,0,1,0,WITHDRAWAL,0
1565.0818189919453,1.2049276744013906,0,0,0,TRANSFER,0
532.0116249261063,0.5367910095126234,0,0,0,PAYMENT,0
1170.4798435001915,0.387730759118194,0,0,0,PAYMENT,0
7486.830495155721,0.8380549989954725,0,1,0,PAYMENT,0
773.9551467484052,1.5794085993243014,0,0,0,PAYMENT,0
1610.7085230786865,1.338645540709643,0,0,0,DEPOSIT,0
229.1719906503505,0.5397841732498033,0,1,1,PAYMENT,1
5014.585888532961,1.100591276537967,0,0,0,PAYMENT,0
680.4765564735687,1.8607664706411025,0,0,0,PAYMENT,0
3135.467766985582,0.4400504073437126,0,0,0,TRANSFER,0
969.5380338028774,1.045200525700107,0,0,0,TRANSFER,0
2021.468214062574,2.5542245792859752,0,0,1,PAYMENT,0
2145.252257927807,0.4096498499405562,0,0,0,TRANSFER,0
697.5398610262084,2.245365701085637,0,0,0,PAYMENT,0
3267.911699120398,3.106296612000631,0,0,1,TRANSFER,0
513.3793964238051,0.8559495276370434,0,0,0,PAYMENT,0
2387.3380080642974,0.7865444567315049,0,0,0,PAYMENT,0
742.3306069292927,2.0609480457413163,0,0,0,PAYMENT,0
1555.5087610585622,0.8778397118744632,0,0,0,PAYMENT,0
690.9082232450556,0.19259057999710816,0,0,0,TRANSFER,0
1152.831045346559,0.9331808906413286,0,0,0,WITHDRAWAL,0
374.3930937707731,1.3899708528306955,0,0,0,PAYMENT,0
1404.6690250938232,1.6787654926717337,0,0,0,PAYMENT,0
1146.1775723428652,0.5398627084683382,0,0,1,PAYMENT,0
638.9629336755357,0.8279017561487662,0,0,0,PAYMENT,0
1037.9179699809201,1.9814622552777321,0,0,0,TRANSFER,0
1253.888091732407,0.9588707058924945,0,0,1,TRANSFER,1
592.0807021159247,0.34296852640703307,0,0,0,PAYMENT,0
964.1447358563339,2.3782064394915885,0,0,0,DEPOSIT,0
401.19518683941203,0.8608132339639262,1,0,1,PAYMENT,0
11449.862944075507,2.1465312003436963,1,0,0,TRANSFER,0
3162.501667183183,0.37650660561325144,0,0,0,WITHDRAWAL,0
1441.0021753813958,0.9187964027716636,0,0,0,PAYMENT,0
3540.8175559669467,1.4287718321057117,1,0,0,PAYMENT,0
151.52452958816653,0.9408219197542387,0,0,0,DEPOSIT,0
84.97187013810175,0.4368766707745622,0,1,0,PAYMENT,0
735.6165111097583,0.1881036167998822,0,0,0,TRANSFER,0
276.2858053052853,2.9045706737402437,0,0,0,PAYMENT,0
865.5753891427794,1.18961145015391,0,0,1,TRANSFER,0
1347.02891256686,2.263156990439497,1,0,0,PAYMENT,1
2752.911886684226,1.9156717981599156,1,0,0,TRANSFER,1
351.3335354525029,1.518605953662787,0,0,1,PAYMENT,0
1635.380349858466,0.7985672067633242,0,0,0,PAYMENT,0
1112.527455850711,1.408938871904493,0,0,0,WITHDRAWAL,0
1552.3253475594854,2.7258378873792957,0,0,0,TRANSFER,0
652.119644708783,1.059829079949225,0,0,0,TRANSFER,1
4372.69647382258,3.7855482749654925,0,1,0,PAYMENT,0
988.7992731006057,0.35007939039284536,0,0,1,PAYMENT,0
6465.154724156788,0.32470570567516077,0,0,0,WITHDRAWAL,0
497.50785544728393,1.9970131717160438,1,0,1,TRANSFER,1
2304.9801414152207,0.5637637176705002,0,0,0,TRANSFER,0
1033.1126551228144,4.180102819915913,0,0,1,PAYMENT,0
790.1774838530646,2.5501162844177556,0,0,0,TRANSFER,0
2063.8229450141566,3.0383057917811103,0,0,0,TRANSFER,0
813.0775730571062,1.8572658142466685,0,0,0,PAYMENT,0
76.55693120734243,0.5246056001244813,0,0,0,PAYMENT,0
51.27133770456334,0.3130040591190404,0,0,0,PAYMENT,0
3914.418868663558,2.8482542662152297,0,1,0,DEPOSIT,0
3752.803568409549,0.3500435358090253,0,1,0,WITHDRAWAL,0
7239.742701315688,3.03259892046908,1,0,0,PAYMENT,0
1077.578584660308,1.597964021141749,1,0,0,WITHDRAWAL,0
301.0767446911943,0.9480226755334733,0,0,0,PAYMENT,0
720.8392493889261,1.362652787706754,1,0,0,DEPOSIT,0
1109.2335001424365,1.385004868526026,0,0,0,PAYMENT,0
400.59934000530274,0.8678926283672863,1,0,0,PAYMENT,0
5702.01398988129,2.7127993288919603,1,0,0,WITHDRAWAL,0
10295.91897458543,2.6484659945833404,0,0,0,WITHDRAWAL,0
1769.1963815226422,1.1151194299900147,0,0,0,PAYMENT,0
1084.7840927349132,0.6570494015606285,0,0,0,PAYMENT,0
300.37539873874584,2.4946983774225755,0,0,0,TRANSFER,0
5148.362058392465,0.2427332279413926,0,0,0,PAYMENT,0
1183.589217835404,1.364413716853649,0,0,0,WITHDRAWAL,0
821.2565961344927,1.6781677541875257,0,0,0,WITHDRAWAL,0
1774.3227657369102,0.5599844383248902,0,0,0,PAYMENT,0
610.5062133709816,1.9771370049512969,0,0,0,PAYMENT,0
1270.130808695979,0.9816994240976665,0,0,1,PAYMENT,0
259.182682046635,0.6825018199286981,0,0,0,DEPOSIT,0
3252.200715031413,1.962572941769916,0,1,0,TRANSFER,0
987.907390323693,0.46767620129902115,1,0,0,PAYMENT,0
3493.9943045750356,1.8375539929558662,0,0,0,WITHDRAWAL,1
896.8277567486448,0.24966322989372183,0,0,0,WITHDRAWAL,0
956.9970330778543,1.2213943460363805,0,0,0,WITHDRAWAL,0
326.25607257097374,1.031166586265212,0,0,0,PAYMENT,0
2344.3347994288324,0.6853764450817391,0,0,1,WITHDRAWAL,1
456.76089394572205,1.3135552697999158,0,0,0,PAYMENT,0
674.2342664121172,0.9458237003566051,1,0,0,PAYMENT,1
1097.7821389027965,2.092348122932034,0,0,0,TRANSFER,0
1237.9650027853618,1.4800941374855905,0,0,0,PAYMENT,0
199.1190843931698,1.3728460077749263,0,0,0,PAYMENT,0
870.610016653453,1.226669584884885,0,0,0,PAYMENT,0
2428.9885585662487,0.718552491130189,1,1,0,PAYMENT,0
751.19251626891,0.8095615412427213,0,0,0,PAYMENT,0
875.9142918419838,1.1897593837565137,0,0,0,WITHDRAWAL,0
1290.0110340454307,0.8857224485206839,0,0,0,PAYMENT,0
966.8463288353651,2.1771506515457566,1,0,0,PAYMENT,1
391.30390065280756,1.0676021289378677,0,0,0,WITHDRAWAL,0
1057.4904459670493,1.3010564983840769,0,0,0,WITHDRAWAL,0
2963.342609073261,0.37460664368178653,0,0,0,PAYMENT,0
383.3023306038607,1.9352977496694885,0,0,0,TRANSFER,0
754.0948158107584,0.6657630080272933,1,0,0,WITHDRAWAL,0
275.4396851818051,0.4819776633476636,0,0,0,WITHDRAWAL,0
2811.2428234974436,3.1655607318927004,0,0,0,PAYMENT,0
999.8865206192559,1.6296007818372173,1,0,1,TRANSFER,1
468.6238243797735,1.9817236636868014,0,0,1,TRANSFER,0
1202.6293937524615,1.3745787602981754,1,0,0,PAYMENT,0
329.1125485442251,0.9368748622725246,0,0,0,TRANSFER,0
390.1395394293927,0.8222401234172739,0,0,0,PAYMENT,0
254.64399461341654,1.7252589062829524,0,0,0,PAYMENT,0
377.3679712355436,2.2094935570591105,0,0,0,PAYMENT,0
4261.334205465828,0.9533924802428644,1,0,1,PAYMENT,0
526.8319771237502,4.266441064239196,0,0,0,PAYMENT,0
1747.9957461353008,0.8709915664370607,0,0,1,WITHDRAWAL,0
475.18232858891406,0.37688849239579864,0,0,1,PAYMENT,0
2343.8115384121675,0.29967224485860927,0,0,0,PAYMENT,0
393.04259847789626,0.3068357295458197,0,0,0,TRANSFER,0
1140.506713045313,0.7485118416044669,1,0,0,TRANSFER,0
1156.1505911037732,0.8500903723148713,0,0,0,TRANSFER,1
11246.422267949718,1.6125547883403732,0,0,1,WITHDRAWAL,0
2059.9258952977902,0.980173556353537,0,0,0,TRANSFER,0
606.1309098961893,1.8046374705000718,0,0,0,TRANSFER,0
2175.576495165849,1.031923960682943,0,0,0,PAYMENT,0
9303.765321531268,1.0095099330423407,0,0,0,TRANSFER,0
214.94107257534992,0.6674702814935494,0,0,0,TRANSFER,0
472.2544632792906,2.706921258971777,0,0,0,PAYMENT,0
865.3226480303891,0.3423098329967415,0,0,0,PAYMENT,1
722.6404335960253,1.2348101128729456,1,0,0,PAYMENT,0
786.2252285268486,0.8805968848266694,0,0,0,PAYMENT,0
297.60518764408516,1.7284554707381188,0,0,0,PAYMENT,0
4464.694426925768,0.9855252011145686,1,0,0,TRANSFER,0
264.38104149325426,1.0060689357488923,0,0,0,WITHDRAWAL,0
897.6562414366025,0.8297359713405638,1,1,0,PAYMENT,1
3120.756101788544,2.6519082704148564,1,0,0,PAYMENT,0
1064.0260395401526,1.0016855384679544,0,0,0,PAYMENT,0
411.82801920894025,3.9699593213268254,0,0,0,TRANSFER,0
284.66821483213215,1.2099426443714667,0,0,0,PAYMENT,0
871.3125945016103,1.0153484850152041,0,0,0,WITHDRAWAL,0
514.3841882177369,0.9032744215512276,0,0,0,PAYMENT,0
1346.4558078564176,1.484343860423222,0,0,0,WITHDRAWAL,0
270.03426335875935,0.6624068326091295,0,0,0,PAYMENT,0
2472.625293133129,1.1074052645041816,0,1,0,TRANSFER,1
1230.9598663366362,1.0057121624131384,0,0,0,PAYMENT,0
1325.8862653803865,1.255675141746914,0,0,0,TRANSFER,0
4633.5415961044,1.2776484353276225,0,0,1,WITHDRAWAL,0
707.8303891370851,1.324978742785502,0,1,0,WITHDRAWAL,0
530.6927907192219,1.0686897039507648,0,0,0,WITHDRAWAL,0
634.1188336502694,2.998944653598905,0,0,0,PAYMENT,0
904.5824268981843,1.3441988315869324,0,1,0,PAYMENT,0
1001.2806455536141,6.19777528000198,0,0,0,DEPOSIT,0
477.85257451270866,1.03551199544915,0,0,0,WITHDRAWAL,0
145.02624803465824,1.9566607175221395,1,0,1,PAYMENT,0
625.8251375680297,0.6015567227440042,0,0,0,PAYMENT,0
1571.562562737728,2.6659287040124204,0,0,0,PAYMENT,0
1256.7173295505129,0.6107920290482014,0,0,0,PAYMENT,0
3639.328515413219,1.3759090123363669,0,0,0,PAYMENT,0
7750.297773247494,0.8310219744499605,0,0,0,WITHDRAWAL,0
2343.342883190369,1.3721865068219123,0,0,0,PAYMENT,0
4370.010288384348,0.848438764690143,0,0,0,PAYMENT,0
2360.843601154695,0.5755224593690995,0,0,0,PAYMENT,0
6062.631683062594,0.8268643674931485,0,0,0,PAYMENT,0
6980.345089503537,2.942048439604736,1,0,0,WITHDRAWAL,0
2838.880805116865,1.386930993779861,0,0,1,PAYMENT,0
2222.482617976651,0.4056782095677179,1,0,0,DEPOSIT,0
893.1618684058709,2.1527969224400128,0,0,0,PAYMENT,0
1052.225494840645,0.5357648503382675,0,0,0,WITHDRAWAL,0
782.2408368559769,1.6826189890997651,0,1,0,PAYMENT,0
2041.1152137936833,1.4728740135655207,0,0,0,TRANSFER,0
533.6029177537141,1.539437863945016,0,0,0,TRANSFER,0
905.8681722562059,3.659155621606213,0,0,0,PAYMENT,0
104.04568846356432,0.5598711296105269,0,0,0,TRANSFER,0
6143.131422343318,1.533505579724446,0,0,0,TRANSFER,0
879.6511579092386,2.4150307711555308,0,0,0,PAYMENT,0
1729.487563139919,0.6374119104793927,0,0,0,PAYMENT,0
4711.618199187449,0.5933163749245015,0,0,0,PAYMENT,0
1480.734366744715,0.8178868499917152,0,0,0,TRANSFER,0
4648.703777030534,1.255222848160121,0,0,0,PAYMENT,0
316.79731605273844,0.3725688627621453,0,0,1,TRANSFER,1
12056.709507933576,1.4710572994807734,0,0,0,DEPOSIT,0
3252.275546547167,0.3731142077442788,0,0,0,TRANSFER,0
1351.8137557439875,2.4727516973639343,0,0,0,PAYMENT,0
4560.006521338246,1.4328088947048965,0,0,0,PAYMENT,0
340.8236247529167,3.8159815188090493,1,0,0,PAYMENT,0
821.7080167853644,1.5970347561984337,0,0,0,PAYMENT,0
4648.270046747194,0.8078876187945198,0,0,1,PAYMENT,0
169.51472888213166,0.5717382514740279,0,0,0,PAYMENT,0
1920.7245717644648,1.182018701362589,0,0,0,WITHDRAWAL,1
1867.164333670421,0.9790472129406563,0,0,1,WITHDRAWAL,0
7857.516093358569,2.2940007012917696,0,0,0,PAYMENT,0
225.2125403887001,0.5220284600336847,0,0,0,PAYMENT,0
5484.224938273305,4.114969410000578,0,0,0,TRANSFER,0
626.7384176496287,2.440843946463068,0,0,0,PAYMENT,0
701.3384214540465,0.8672165698499499,0,0,0,PAYMENT,0
323.1109016456825,3.520048008679262,0,0,0,DEPOSIT,0
369.49897358393594,0.5779952279185683,0,1,0,TRANSFER,1
1641.7570962873644,1.1547834681562967,0,0,0,WITHDRAWAL,0
360.5634999138653,0.409208801498032,0,0,0,TRANSFER,0
2299.126009090677,3.6422385519127523,0,0,0,TRANSFER,0
565.11765761337,0.3156343772936064,1,0,0,TRANSFER,1
326.0224337396494,0.36483532653412126,0,0,1,PAYMENT,0
646.8994375790228,0.6412735391512344,0,0,1,PAYMENT,0
1535.6471876087119,2.5234488882241224,0,0,0,PAYMENT,0
831.0140799297244,1.9510963010330162,0,0,1,TRANSFER,1
1134.798201795191,1.0891912406266362,1,0,0,PAYMENT,0
2199.988609506777,2.04060911243808,0,0,0,WITHDRAWAL,0
3237.062143521313,0.9223877346792233,0,0,0,PAYMENT,0
804.2455969776879,1.3440670718251853,0,0,0,DEPOSIT,0
385.97707805479513,3.177860758487104,1,0,0,PAYMENT,0
1183.337930735642,0.8414461912525997,0,0,0,PAYMENT,0
1755.7468239651446,0.5848143488325583,0,0,0,PAYMENT,0
254.49334695749891,1.389939470829892,0,0,0,PAYMENT,0
450.06485877624084,1.6789893168066243,0,0,0,PAYMENT,0
534.2228660449206,1.0803806319134333,0,0,0,PAYMENT,0
890.8515573404723,2.0185247434966267,0,0,0,WITHDRAWAL,0
512.3285386856662,0.8685923246656091,0,0,0,PAYMENT,0
2223.9512276063715,1.0933891745513251,0,0,0,WITHDRAWAL,0
220.27280448349214,1.2997896163505525,0,0,0,PAYMENT,0
225.94267187080283,1.2228115134396955,0,0,0,PAYMENT,1
785.3356362365299,3.093459798723074,0,0,0,DEPOSIT,0
919.9756440740961,1.2952314110777399,0,0,0,TRANSFER,0
256.04574684852,0.8083731607633924,0,0,0,PAYMENT,0
597.7969557128046,1.4471371001862068,0,0,0,PAYMENT,1
734.3282844027004,2.026267819166716,0,0,0,PAYMENT,0
740.0383824123103,1.71938180249103,1,1,0,TRANSFER,1
1276.5054208063068,1.6539482359236453,0,0,0,TRANSFER,1
565.902111619022,0.350415705090755,0,0,0,WITHDRAWAL,0
4807.037649120941,0.17468711286576327,0,0,0,PAYMENT,0
1786.8411866714016,2.4416771922245926,0,0,0,PAYMENT,0
489.2562981961478,1.359613152160289,1,0,0,PAYMENT,0
1205.3334062844672,0.9850093045306149,0,0,1,DEPOSIT,0
1241.425156761677,1.625831080903912,1,1,0,DEPOSIT,0
3694.946944302604,3.8540207537455395,0,0,0,PAYMENT,0
601.6149189313105,2.6898133809414677,0,0,0,PAYMENT,0
2362.1764502656542,1.9611958229748492,0,0,0,WITHDRAWAL,0
1143.5062461795692,0.5375637383774856,0,1,0,PAYMENT,1
4873.494505967664,0.5887500421383676,0,0,0,DEPOSIT,0
3987.387177462033,0.18815611214925945,1,0,1,WITHDRAWAL,0
1335.3908567729598,1.5580880049794679,0,0,1,TRANSFER,1
843.6328423072717,2.172848627461739,0,0,0,TRANSFER,0
1820.0257160693573,2.3004957250323783,0,0,0,PAYMENT,0
915.5728847192876,1.6044825885834881,0,0,1,PAYMENT,0
5885.853894723798,0.8977651228310024,0,0,1,WITHDRAWAL,0
1186.1524091545118,0.6736839308825967,1,0,0,PAYMENT,0
730.9589977059945,0.5611565499248695,0,0,0,PAYMENT,0
692.5531000719428,0.8919034479978231,0,0,0,WITHDRAWAL,0
326.0218536321287,0.5043532428567437,0,0,0,PAYMENT,0
1913.2509229583213,3.4183837289959684,0,0,0,TRANSFER,0
482.9865455983234,0.40185655309270507,1,1,0,TRANSFER,1
3288.373196064122,0.8711533167276652,0,0,1,PAYMENT,0
300.98635936520554,0.25785628364475827,0,0,0,PAYMENT,0
1245.4366234370443,1.2307065100663814,0,0,0,PAYMENT,0
3464.1541126837233,0.9983327945037335,0,0,0,PAYMENT,0
127.4536711933111,0.7789929777857817,0,0,0,PAYMENT,1
8252.45114587968,0.5205089030756544,0,1,0,WITHDRAWAL,0
716.7411826232673,1.001724770620085,0,0,0,WITHDRAWAL,0
1262.810892300976,0.6830941214267909,0,0,0,PAYMENT,0
1941.9525704627688,0.9086388917291479,0,0,0,TRANSFER,1
2266.810499434094,3.9361417857462837,0,0,0,PAYMENT,0
1442.140775509294,1.1280878724216952,0,0,0,PAYMENT,0
2973.171727545192,1.4520945706478463,0,1,1,DEPOSIT,1
1842.8539577160343,0.7224367955886015,0,0,0,PAYMENT,0
6379.730538054904,0.5774664943145137,0,0,0,DEPOSIT,0
1848.8656037879477,0.9840580405072475,0,0,0,PAYMENT,0
7821.530416943936,5.770439245715798,1,0,0,TRANSFER,1
2700.1938352195966,0.8177493671744892,0,0,0,WITHDRAWAL,0
180.23289473819284,1.2878915996209401,0,0,0,TRANSFER,0
14929.623587414353,0.5599661404498303,0,0,0,TRANSFER,0
617.4856883811012,0.1453384051802015,0,0,0,PAYMENT,0
4892.917426001176,0.5752894736945495,0,0,0,TRANSFER,0
1126.4129060448568,5.293590076795715,0,0,0,PAYMENT,0
3168.7429979038902,1.5170584146370556,0,0,1,PAYMENT,0
550.8822528526009,3.153922577178264,0,1,0,PAYMENT,0
2050.3064383633714,0.7839535056153148,0,0,0,TRANSFER,1
851.3381916351409,0.1920918237406328,0,0,0,PAYMENT,0
5318.800630848741,0.46019898708119966,0,0,0,PAYMENT,0
1700.483952405796,1.3203770407332078,0,0,0,TRANSFER,0
2795.993116110706,1.1809624039834123,0,0,0,PAYMENT,0
125.95480202702052,0.9927298983721282,0,0,1,TRANSFER,0
1006.6943488812475,0.6899236713750253,0,0,0,WITHDRAWAL,0
1653.3381346325925,1.9305423634342562,0,0,0,PAYMENT,0
1371.4377299127643,0.7040241131334362,0,0,1,TRANSFER,0
2867.3892154584364,1.2404470131297305,0,1,1,WITHDRAWAL,1
760.5909940689124,1.146518220560108,0,0,0,TRANSFER,0
1151.461293869177,0.7726325413583545,0,0,1,DEPOSIT,0
3573.23549129723,0.5396107483567337,0,0,0,PAYMENT,0
112.3154012951933,0.7414622265037859,0,0,0,PAYMENT,0
1977.0290195436714,3.711867977511946,0,0,0,TRANSFER,0
785.3387662120105,2.1786676152512214,0,0,0,PAYMENT,0
440.39932645180977,2.042699284488258,0,0,0,PAYMENT,0
1535.3969474469363,0.5766472249176602,0,0,0,PAYMENT,0
3742.283616832553,0.3655389310087174,0,0,0,TRANSFER,0
3099.9579674188826,2.1544725797609465,0,0,0,TRANSFER,0
958.037545831092,1.8838867866086755,0,0,0,TRANSFER,0
2632.636155770235,1.1008408354627144,0,1,0,WITHDRAWAL,0
2612.5130682090658,0.771531389787646,0,0,0,PAYMENT,0
1004.8853450993953,0.35888213543053604,0,0,0,WITHDRAWAL,0
548.3531139818783,1.8352492641680347,0,0,0,PAYMENT,0
581.0088382541895,2.293994406704808,0,0,0,DEPOSIT,0
2534.7577488324455,0.6216582963720646,1,0,0,WITHDRAWAL,0
1051.3740285348986,0.586360951688014,0,0,1,WITHDRAWAL,1
385.2212252378175,2.3839132199339725,0,1,1,WITHDRAWAL,0
203.3924094319005,0.6380713780809145,0,0,0,WITHDRAWAL,0
2519.5395664775174,3.474123251648574,1,0,0,PAYMENT,0
634.743879231101,0.9265046350601412,0,0,1,WITHDRAWAL,0
1525.9733620889685,0.7629267958677709,0,0,0,PAYMENT,0
3788.4297834464296,1.0320793987254702,0,1,0,WITHDRAWAL,0
296.2120322772381,0.7628893986864355,0,1,0,TRANSFER,1
1048.2345210638696,2.1997608951684136,0,0,0,PAYMENT,0
924.5488176197731,1.859052775832201,0,0,1,PAYMENT,0
1603.177498824929,2.1418595598760297,0,0,0,PAYMENT,0
3786.3584249064934,1.137876514105874,0,0,1,TRANSFER,0
290.1935706575756,0.7265498738706244,1,0,0,TRANSFER,1
1938.7485153349348,0.9936752805745374,1,0,1,PAYMENT,0
3076.4258843564453,0.7423104299520095,0,1,0,PAYMENT,0
910.1623007160563,2.7916074007290397,0,1,0,PAYMENT,0
955.8041299851844,2.016960361674064,1,0,0,PAYMENT,0
1666.447458144968,0.9379429555536104,0,0,1,TRANSFER,1
1548.1517481870396,0.5228124571613229,1,0,0,TRANSFER,1
1963.242274846604,2.9405239558359018,0,0,0,PAYMENT,0
1922.3055009430607,1.1004056613664894,0,0,0,TRANSFER,0
410.76763694319874,0.9129106912840801,0,0,0,DEPOSIT,0
2952.0835781616065,2.958720477613195,0,0,0,WITHDRAWAL,0
3521.9960311804916,0.6997975714770085,0,0,0,PAYMENT,0
1320.9188787817789,0.7999157807401918,0,0,0,WITHDRAWAL,0
246.1262691446303,0.850839930506499,0,0,0,PAYMENT,0
977.7502741262191,0.3978825490457362,0,0,0,PAYMENT,0
1331.958743058145,1.2473418359526438,0,0,0,PAYMENT,0
349.11443492090154,0.5864655673692164,0,0,0,PAYMENT,0
764.98936856016,0.6706517940020489,0,0,0,WITHDRAWAL,0
267.90451037313886,0.6107272397645546,0,0,1,WITHDRAWAL,0
2012.8204470930486,0.6630206504401625,0,0,0,PAYMENT,0
1294.5977587783045,0.5558592719284985,0,0,0,PAYMENT,0
211.498273468975,1.1889254599141328,0,0,0,PAYMENT,1
1558.4778108187581,0.896806495083339,0,0,0,DEPOSIT,0
1036.381970861324,1.034176747066297,0,0,0,PAYMENT,0
1837.9650412761252,5.194766380764854,0,0,0,PAYMENT,0
741.3460840369437,0.896826528144174,0,0,0,DEPOSIT,0
492.0206067517474,1.527241757481051,0,0,0,PAYMENT,0
507.3268008441764,1.6538811196047543,0,1,0,PAYMENT,1
640.2314703907874,0.9569543047947717,0,0,0,DEPOSIT,0
1117.4729234073213,1.211257882669485,0,0,0,PAYMENT,0
1271.5074771573534,1.014594203640488,0,0,0,PAYMENT,0
906.2182057035933,1.152335643449,0,0,0,PAYMENT,0
718.1514292101574,0.6632775476132771,0,0,0,PAYMENT,1
771.7006625286266,0.707549337647104,0,0,0,WITHDRAWAL,0
13463.327485099355,1.0119160139952714,0,1,0,TRANSFER,0
507.38741731421356,0.25149490434640426,0,1,0,PAYMENT,0
627.6784364464006,2.8498060884793137,0,0,0,PAYMENT,0
29550.445780889266,4.538518388291228,0,1,0,PAYMENT,1
1670.7256006610692,1.1266461177164722,0,0,1,WITHDRAWAL,0
275.89471735825225,1.5933335982098031,0,0,0,PAYMENT,0
2547.04006207248,2.131317576584502,1,1,0,PAYMENT,1
441.4042449537137,0.3956327813789289,0,0,0,PAYMENT,0
2721.834846554439,1.915147343980504,1,0,0,TRANSFER,1
888.0585900745839,0.7419244531915771,0,0,0,WITHDRAWAL,0
706.4158950412316,4.970433009055136,0,0,0,PAYMENT,0
5481.669401320299,0.8765323220784187,0,0,0,PAYMENT,0
1932.1745406809614,1.888395555712798,1,0,0,WITHDRAWAL,0
2901.5183196023404,0.8825948199427726,0,0,0,PAYMENT,0
1694.1216408647792,4.653803905752632,0,0,0,PAYMENT,1
703.1396186931424,0.698622212118077,0,0,1,PAYMENT,0
2021.0135465145208,2.260446027537259,0,0,0,PAYMENT,0
3674.658171211428,1.5506504959772855,0,0,0,PAYMENT,0
1254.8082405509117,1.3271276871830875,0,0,0,WITHDRAWAL,1
6645.150399310425,1.1738690585508467,0,0,1,PAYMENT,0
2566.9846553689454,0.6269372880642083,0,0,0,PAYMENT,0
1355.5771041618386,0.1636149598605123,1,0,0,TRANSFER,1
1410.199596306162,2.1213962405301614,0,0,0,WITHDRAWAL,0
1257.948035241002,0.710215114091896,0,0,0,TRANSFER,0
313.80168639901814,2.2675956850094012,1,0,1,PAYMENT,0
1002.1748868520835,1.2791405889399796,0,0,0,PAYMENT,0
1368.1113421639127,2.3167833735556367,0,0,0,PAYMENT,0
723.3656821505127,1.7529932652280344,0,0,0,TRANSFER,0
1537.137222055464,0.1781219900021682,0,0,0,PAYMENT,0
1120.2503771757576,1.5379139671325932,0,0,0,TRANSFER,0
2377.2315875074687,0.7861773782571639,0,0,0,TRANSFER,0
2128.371433538046,2.2603232433502014,0,0,0,PAYMENT,0
1296.149580863165,1.512623025208363,0,0,0,WITHDRAWAL,0
279.4398625712813,1.5251279780574,0,0,0,TRANSFER,0
6572.981006802286,0.8264879370934772,0,0,0,PAYMENT,0
951.5659552158653,0.5279127081192063,1,0,0,TRANSFER,1
1011.4230173582076,0.7385836810232709,0,0,1,TRANSFER,0
778.5857643044887,0.2836754196218508,0,0,1,TRANSFER,0
672.8943569094371,0.6615030966504681,1,0,0,PAYMENT,1
5136.144850753991,0.3588282670616303,0,0,0,TRANSFER,0
4385.4359589876085,0.36552574568936713,1,0,0,PAYMENT,0
1710.247547394766,1.0849513996700353,0,0,0,PAYMENT,0
984.8603412329618,1.453296257761365,0,0,1,PAYMENT,0
2036.7648801893556,0.9779903890697502,0,0,0,WITHDRAWAL,0
1180.6223359387486,0.705284967841124,0,0,0,PAYMENT,0
906.6686713587204,0.5152074141032154,0,0,0,TRANSFER,0
1537.7966459207646,0.8008872569792372,0,0,1,PAYMENT,0
705.4544838511966,0.5623920193904326,0,0,0,WITHDRAWAL,0
1411.2967816518228,0.9569716426385056,0,0,1,PAYMENT,0
1345.0963506236903,0.344702951886967,0,0,1,PAYMENT,0
2004.0712616095418,1.6338224074239218,1,0,0,PAYMENT,0
590.4370601212964,0.6723866139904757,0,0,0,PAYMENT,0
2230.846419774994,1.3013209060691289,0,0,0,PAYMENT,0
443.0526036158673,1.860890984476417,0,0,0,TRANSFER,0
618.5842185571599,1.2579829656297326,0,0,0,WITHDRAWAL,0
646.1779568551208,1.7496027334691142,0,0,1,PAYMENT,0
375.38352160578194,0.23535800842297602,0,0,0,TRANSFER,0
3028.014137245164,0.7082205910101019,0,0,0,PAYMENT,0
416.1091159443007,2.1644226829570856,0,0,0,WITHDRAWAL,0
545.1623622019417,1.4282653654802602,0,0,0,PAYMENT,0
3848.3805810207946,3.6470706578793886,0,0,0,WITHDRAWAL,0
619.8126767705536,3.2971759718084197,1,0,0,PAYMENT,0
908.5567167231378,1.2333258878869715,0,1,0,TRANSFER,0
398.60501892567845,0.8382951497099563,0,0,0,PAYMENT,0
2522.362414985982,0.511244617832827,1,0,0,TRANSFER,1
2557.3740369313086,0.716722891840692,0,0,0,DEPOSIT,0
2296.05084934951,0.7514332951962918,1,0,0,TRANSFER,0
1877.1873181933918,0.6601590853040956,0,0,0,PAYMENT,0
1180.3769445941573,0.5257989185712287,1,0,0,PAYMENT,1
649.1237218076194,1.3245908393586114,0,0,0,PAYMENT,0
485.4278627797881,3.2793583383273788,0,1,1,PAYMENT,1
3983.4578465920013,1.921833614305881,0,0,0,PAYMENT,0
2356.197268964494,0.7979622082078981,0,0,0,TRANSFER,0
548.2304746989342,2.033625566310342,0,0,0,WITHDRAWAL,0
1141.195605114643,1.2746295747456329,0,0,0,PAYMENT,0
812.3123283366002,0.9719090531127308,0,0,0,WITHDRAWAL,0
354.8834033624514,0.9303579187963915,0,0,1,WITHDRAWAL,0
1309.8283494049535,0.8693946652350909,0,1,0,TRANSFER,1
723.7943722099144,1.5773500980593758,0,0,0,TRANSFER,0
423.03856017779265,1.1027080936392917,0,0,0,TRANSFER,0
249.8516760164173,0.6005580586409877,0,0,0,PAYMENT,0
229.56736131620008,0.5805400567375959,0,0,0,DEPOSIT,0
756.402674272856,1.2387871385729476,0,0,0,PAYMENT,0
1007.1753710833594,1.349934200616331,1,1,0,PAYMENT,1
457.00722017420543,0.8031668116769037,0,0,0,TRANSFER,0
2102.199439276009,0.45275509178925605,0,0,0,PAYMENT,0
1027.0577686169465,2.400496478398831,0,0,0,PAYMENT,1
1952.5379352661078,2.06891274777643,0,0,0,PAYMENT,0
913.3226465722903,0.24878566143118144,0,0,0,PAYMENT,0
499.13787729638364,2.554120778218802,1,0,0,PAYMENT,0
1229.1984522934783,0.8639131309341822,0,0,0,PAYMENT,0
310.23357700872054,1.1422396678903262,0,0,0,PAYMENT,0
1880.7737130147123,2.21833328643305,0,0,0,TRANSFER,0
429.59838912855423,3.179669150449551,0,0,0,PAYMENT,0
2746.9116591041757,2.017795743535555,0,0,0,TRANSFER,0
781.757237021688,1.1837902289443571,0,0,0,WITHDRAWAL,0
3173.3196156542185,0.3817655965130089,0,0,0,TRANSFER,0
356.8718705773491,0.2421102018849796,0,0,0,PAYMENT,0
556.8134692946521,1.8491226018470999,0,0,1,TRANSFER,1
1605.0897401202692,2.5585002373216716,1,0,0,PAYMENT,0
3535.1008023018376,0.5653832820114693,0,0,1,WITHDRAWAL,0
5805.7780044625615,0.8279140160684706,0,0,0,PAYMENT,0
1142.9479945529044,0.6769985676049449,0,0,0,PAYMENT,0
6889.443770561066,0.6644935871982961,0,0,0,PAYMENT,0
820.8459461881434,2.1222414730043124,0,0,0,DEPOSIT,0
3290.4105472189167,1.1651632348198313,0,0,0,PAYMENT,0
427.442169430711,0.8517818598481375,0,0,1,PAYMENT,0
1669.3681939703774,6.425432954062486,1,0,0,PAYMENT,1
105.45738726521353,0.3663761909572864,0,0,0,WITHDRAWAL,0
357.2404156601246,1.4674669586217535,0,1,0,PAYMENT,0
1748.7854511960866,0.4798485241266477,0,0,0,WITHDRAWAL,1
295.1728591053494,0.8956497822899537,1,0,0,DEPOSIT,0
1680.6730392783961,1.1096524621355084,0,0,0,TRANSFER,1
2714.7580729057595,1.8061852125385807,0,0,0,PAYMENT,0
664.2640972894051,0.8329119650510279,0,0,0,DEPOSIT,0
416.150529398775,0.7734736554340779,0,0,0,PAYMENT,0
682.5347108439333,0.8225388458429657,0,0,0,PAYMENT,0
417.4595614576881,0.46955639030001445,0,0,0,TRANSFER,0
991.0712630473563,1.55677575927862,0,0,0,TRANSFER,1
1214.5034934485152,1.2176637447600398,0,1,0,DEPOSIT,0
807.5378094937989,1.356106966044268,0,0,0,DEPOSIT,0
5850.949531823788,0.9524857794793936,0,0,0,PAYMENT,0
534.1069929996146,0.8737031800597508,1,0,0,PAYMENT,1
4409.132245076787,2.2771399252204807,0,0,0,WITHDRAWAL,0
387.13008120169957,2.0446988746854324,0,0,0,PAYMENT,0
1179.4194088085455,2.692204595861816,0,0,0,TRANSFER,0
3579.954638656282,1.2979888732869345,0,0,0,PAYMENT,0
3399.409952812114,2.5776158080007185,0,0,0,PAYMENT,0
720.353527773134,0.7473229575891793,0,0,0,PAYMENT,0
1910.4034327493823,0.8688400347950552,0,0,0,TRANSFER,0
1671.0025985220395,2.308436666276675,1,0,1,DEPOSIT,0
639.0999263443836,1.8047012701429863,0,0,1,WITHDRAWAL,0
2030.3225217959023,0.8160209218371318,0,0,0,PAYMENT,0
7062.060702134137,0.48076304258762814,0,0,0,PAYMENT,0
1757.593222693811,0.8669491582758138,0,0,0,PAYMENT,0
1932.087645812117,0.6191498764344544,1,0,0,PAYMENT,1
2147.7047187822686,3.343948979374823,0,1,1,PAYMENT,0
254.42940046265346,1.7023820062354946,0,0,0,WITHDRAWAL,0
1737.5383918199034,0.5849986121356798,0,0,0,PAYMENT,0
396.7238414506596,0.4811897132165832,0,0,0,PAYMENT,0
607.9624129821851,0.5799465750603294,0,0,0,TRANSFER,0
9527.539524348727,0.676259996330384,0,0,0,PAYMENT,0
851.277694062426,0.889860762024974,0,0,1,PAYMENT,0
523.1278533732328,2.1818705156830123,0,1,0,TRANSFER,0
3472.335075004267,0.5083618285849681,0,0,0,PAYMENT,0
425.09938861859246,4.966304843822842,0,0,0,TRANSFER,0
701.051152978051,0.516691049753068,0,0,0,WITHDRAWAL,0
3823.9995939481005,0.3729416105150212,0,1,1,PAYMENT,0
1144.5508465895489,3.260280966560876,0,0,0,PAYMENT,0
230.07445061573364,2.521562930746406,1,0,0,TRANSFER,1
1889.352797685974,0.88016652326452,0,0,0,TRANSFER,0
737.6976984262386,1.3059524490568821,0,1,0,DEPOSIT,1
5114.584720518099,1.3292280808071493,0,0,0,WITHDRAWAL,0
598.1329492289641,1.1004274553799556,0,0,0,PAYMENT,0
3137.6392776132366,0.4035173970123485,0,0,1,PAYMENT,0
6474.962094152845,0.17598139005362085,0,0,0,PAYMENT,0
468.27548981893733,0.5536025172538682,0,0,0,PAYMENT,0
903.9616882519201,3.5655135185241846,0,0,0,PAYMENT,0
1617.4809908786963,3.6648574949997728,0,0,0,PAYMENT,0
465.2869199472075,0.832530122045717,0,0,0,TRANSFER,0
1436.9742213548202,0.5114144525515433,0,0,0,TRANSFER,0
875.7491684025672,1.2149280462076162,0,0,0,PAYMENT,0
858.2817524634307,1.3597309330474463,0,0,0,WITHDRAWAL,0
1151.635508947395,1.5227283051871698,1,0,0,WITHDRAWAL,0
1177.6364680150755,0.17051703452931516,0,0,0,TRANSFER,0
1291.9148402823664,9.119630871743686,0,0,0,PAYMENT,0
602.5518107075378,2.209424926976966,0,0,0,PAYMENT,0
629.4385777501732,0.8706592526547818,0,0,0,PAYMENT,0
974.0010787373833,0.6047535005325753,0,1,1,PAYMENT,1
1048.6326524713593,1.9959377416720232,0,1,0,DEPOSIT,0
707.0848409589728,1.4145001679926699,0,0,0,PAYMENT,0
1516.1653680583609,1.066629035849495,0,0,0,PAYMENT,0
178.61600021945955,1.3782771036366988,0,0,0,PAYMENT,0
528.2310280279415,0.9241288925591384,0,1,0,TRANSFER,1
828.877332547145,1.3248557505498109,0,0,1,WITHDRAWAL,0
465.85983842402766,1.6627186366490787,0,0,0,PAYMENT,0
5592.591278423855,1.27165831920588,0,0,0,WITHDRAWAL,0
1117.51399145269,1.2258632979695565,0,0,1,PAYMENT,1
1308.673984826516,2.6511727605384174,0,0,0,PAYMENT,0
676.3896342562684,0.3269411859986301,0,0,1,PAYMENT,1
1079.4652726897125,0.5720564549595403,0,0,1,PAYMENT,0
325.2995778317765,1.0187663965197362,0,0,0,PAYMENT,0
925.360104489603,0.5999509914309554,0,0,1,PAYMENT,0
429.6588713522654,0.757885638987115,0,0,0,TRANSFER,0
830.972262005696,2.4630963763283806,0,0,0,TRANSFER,0
84.78201505574249,0.9009732763789744,0,0,0,TRANSFER,0
354.95704833735925,0.27791284562241836,0,0,0,PAYMENT,0
4740.635154322661,0.7435351702762028,0,1,0,TRANSFER,0
2515.92988329566,1.041517955796856,0,0,0,WITHDRAWAL,0
4101.218222161337,1.0281722102683732,0,0,0,WITHDRAWAL,0
4392.796282402433,1.4758383614112403,0,0,0,PAYMENT,0
2149.493311256795,1.393853205576353,0,0,0,PAYMENT,0
697.2411366933098,0.9073942314806133,0,0,0,TRANSFER,0
388.67715128265644,0.43381902246792026,0,1,0,PAYMENT,0
3452.1227319882473,0.7343294742026893,1,0,0,WITHDRAWAL,0
1169.7764888688,0.6466542029060378,0,0,1,PAYMENT,0
13280.111464175463,0.8190807027065604,1,0,0,PAYMENT,0
761.204482390589,1.622256327049137,1,0,1,WITHDRAWAL,1
7886.406457618565,1.3269352033022714,0,0,0,PAYMENT,0
937.4919857777039,1.7803393632073097,0,0,0,PAYMENT,0
4171.5735647031315,0.7642515863471461,0,0,0,WITHDRAWAL,0
5983.085819824704,2.8744246652808934,0,0,1,PAYMENT,0
394.2755663550218,1.6015741011184013,0,0,0,PAYMENT,0
675.195259050814,1.0817328837852893,1,0,1,PAYMENT,1
390.3410227305544,1.5255310959411086,0,0,0,PAYMENT,0
320.5555267490869,0.6231099504818881,1,0,0,PAYMENT,1
2136.8046768816707,0.22852082129174803,0,0,1,PAYMENT,0
900.8796093444712,0.6539741473521569,0,0,0,PAYMENT,0
1155.5900094166998,1.687452288814126,0,0,0,DEPOSIT,0
1912.6387937698478,1.057757633983017,1,0,0,TRANSFER,0
171.16246039757777,0.908660146569891,0,0,0,TRANSFER,0
3970.9713009949733,0.5523971318928368,0,0,0,TRANSFER,0
773.4846590535565,0.2543413343342066,0,0,0,TRANSFER,0
1867.584766312402,2.7112016084460366,0,0,0,PAYMENT,1
2040.0158149374834,0.8645671350002683,0,0,0,DEPOSIT,0
4319.075098574659,0.7403171619853246,0,0,0,TRANSFER,0
987.4665395655679,0.6249070333408161,1,0,0,TRANSFER,0
131.15273249205026,2.4064815291669124,0,0,0,PAYMENT,0
1161.1052282367705,1.853258736446575,1,0,0,TRANSFER,0
1340.3778866632463,0.5081047636807441,0,0,0,PAYMENT,0
389.8410690693005,2.2595825312389004,0,0,0,TRANSFER,1
1270.912791094499,0.9034366449208286,1,0,0,WITHDRAWAL,1
764.3161903573877,0.6522159686836755,0,0,0,PAYMENT,0
286.35893766063725,0.8142167500208707,0,0,0,PAYMENT,0
2146.266060014433,0.5779267922372442,0,0,0,WITHDRAWAL,0
624.0776808120341,0.3966845208846085,0,0,0,PAYMENT,0
730.4207845450993,1.7216647073293707,0,0,0,TRANSFER,0
690.5035767050575,0.8568491461950287,0,0,0,PAYMENT,0
3772.444947638227,1.5404070097495184,0,1,0,PAYMENT,0
1052.6687005039291,1.2226850875803839,0,1,0,WITHDRAWAL,1
1186.8996148312651,1.4681142849526134,0,0,0,TRANSFER,0
705.8225396399564,0.23878522677946767,0,1,0,PAYMENT,1
1742.135297409418,0.5451293491713987,0,0,0,TRANSFER,0
4227.296948235037,1.4896710574627907,0,0,0,PAYMENT,0
2096.1567280668887,0.4096789454574513,0,0,0,PAYMENT,0
2179.535285641774,1.2984166474778145,0,0,0,TRANSFER,0
2010.6839280419754,0.3777611331426581,0,0,0,WITHDRAWAL,0
275.8224486422634,1.011577292498014,0,0,0,TRANSFER,0
456.6335312892359,3.0863626936306283,0,0,1,PAYMENT,0
893.3805218435199,1.719820767978709,0,0,0,PAYMENT,0
530.6676641991793,0.2737558404207987,1,0,0,PAYMENT,0
378.2150598530621,1.810965236595074,1,0,0,PAYMENT,0
168.64978035405397,3.5807302451744447,0,0,0,DEPOSIT,0
285.27989523123273,7.084513517884101,0,1,0,PAYMENT,0
848.5036977567335,1.394523829618563,0,0,0,WITHDRAWAL,0
1023.0806843574012,0.3847759944123986,0,0,0,PAYMENT,0
496.18370139362224,1.3556412432205982,0,0,1,PAYMENT,0
1186.692390918392,3.056356495657965,0,1,0,PAYMENT,0
710.6402747549231,0.8772513498199992,0,0,0,DEPOSIT,0
3263.558969688672,2.0754463645984735,0,0,0,PAYMENT,0
932.9711102215417,0.5555914265400813,1,0,0,PAYMENT,0
2200.260147901587,1.2977698316709074,0,0,0,PAYMENT,0
1343.7423008972103,0.17504614385943712,0,0,0,PAYMENT,0
269.8669232805338,0.5141528072775817,1,0,0,PAYMENT,0
1001.5878045095045,0.9957247120779458,0,0,0,DEPOSIT,0
318.7400564934281,0.7754205812049698,0,0,0,WITHDRAWAL,0
984.2492440561643,0.40235027214841407,0,0,0,TRANSFER,0
520.5412745351912,0.7048577013076988,0,0,0,WITHDRAWAL,0
1606.7407599823548,1.2595550629125365,0,0,0,PAYMENT,0
286.4733929431508,0.9414262080351201,0,0,0,WITHDRAWAL,0
1112.8747656125265,1.0435791539112087,0,0,0,PAYMENT,0
1943.830097048297,1.6692562403428353,0,1,0,PAYMENT,1
2717.8477272227206,0.7864596268220913,0,0,0,PAYMENT,0
510.72548888768523,2.589395674395196,0,0,0,WITHDRAWAL,0
1116.2732629107788,0.5003288252231229,0,0,0,PAYMENT,0
1318.3641581435984,3.8558897600526767,0,0,0,PAYMENT,0
5151.927933084242,2.179568761366622,0,0,0,PAYMENT,0
249.3032281368835,0.779425283927067,0,0,0,PAYMENT,0
440.9349923434571,0.8166676231061629,0,0,0,PAYMENT,0
18114.400211535776,1.1557100466928036,0,1,0,TRANSFER,1
834.5583944632042,1.5205462585331946,0,0,0,WITHDRAWAL,0
165.50579182011762,2.1515398447868397,0,0,0,TRANSFER,0
612.4393129743431,0.39124791210668175,0,0,0,PAYMENT,0
68.79470491520259,1.3582672892652923,0,0,0,PAYMENT,0
1395.378121626565,0.2272828557257531,0,0,0,DEPOSIT,0
2464.5998983948853,0.8832823740535114,0,0,0,PAYMENT,1
440.6882123066923,2.766930969320174,0,0,0,PAYMENT,0
684.9022160281047,0.3707132884513857,0,0,0,TRANSFER,1
2761.8448390643052,0.3264539275851438,0,0,0,TRANSFER,1
190.52521255014176,1.1671403009475516,1,0,0,WITHDRAWAL,1
292.4895056183633,2.6411129886378872,0,0,0,PAYMENT,0
872.9557072379365,1.2558050182645022,0,0,0,PAYMENT,0
516.8047597834019,0.26362371150066527,0,0,0,TRANSFER,1
817.4037039716751,0.3078354508887334,0,1,0,TRANSFER,1
309.9000048963506,1.0708176366351405,0,0,0,PAYMENT,0
1358.7405533045626,0.43802920466681156,0,0,0,WITHDRAWAL,0
944.6050605739171,1.1004073239188836,0,0,1,PAYMENT,0
1899.2046917469881,1.147053613340113,0,0,1,PAYMENT,1
1339.965974529347,0.7097586775762523,0,0,0,TRANSFER,1
1348.4216947656657,3.562020734094388,0,1,0,PAYMENT,0
258.1891989601275,1.5118393822650622,0,0,1,PAYMENT,0
1794.697120602933,2.335237537703313,0,1,0,WITHDRAWAL,0
787.7128329082751,1.904857553638831,0,0,1,TRANSFER,0
928.3433859911094,0.9002781630407037,0,0,0,WITHDRAWAL,0
3128.360600125343,0.8727439405696684,0,0,0,PAYMENT,0
534.0900424057988,0.8119357839281001,0,0,0,PAYMENT,0
4235.193634440584,1.6108654429063254,1,0,0,PAYMENT,1
4649.315574056074,0.6342858084459908,0,0,0,PAYMENT,0
2328.0456956268335,3.3451885490620126,0,0,0,PAYMENT,0
411.32316259882,0.593268314560152,0,0,0,DEPOSIT,0
123.18739768791222,1.1619882547704283,0,0,1,PAYMENT,0
3225.47309391902,0.85183999555619,0,0,0,TRANSFER,0
1225.844240262865,0.7293837203653565,0,1,0,TRANSFER,0
520.5065797463765,4.575165151317275,0,0,0,PAYMENT,1
3545.9533956589166,0.7354019643488613,0,1,0,PAYMENT,0
463.3307301790235,0.8079098271952224,0,0,0,TRANSFER,0
717.5515141412484,0.6282019932556718,0,0,1,PAYMENT,1
1853.609993153085,1.029145072605615,0,0,0,PAYMENT,0
360.10554476536674,0.9315415754500532,0,0,0,TRANSFER,0
982.9115047352512,0.45681481387469675,0,0,0,PAYMENT,0
3258.8745474566917,0.743000244611257,0,0,1,PAYMENT,0
1354.3958187057594,1.532316403890675,0,0,0,TRANSFER,0
3817.787467545664,2.052155685578252,0,0,0,PAYMENT,0
3407.050902135769,1.0169423499476216,0,0,0,PAYMENT,1
1105.1521915988,1.0421609077739415,0,0,0,PAYMENT,0
105.98087185632222,0.7767035365723494,0,0,0,TRANSFER,1
362.9364335650438,0.7034846716457177,0,0,0,TRANSFER,1
2352.7358285955975,0.5253444580751706,0,1,0,DEPOSIT,0
232.6996531391434,0.3363326368984998,1,0,0,TRANSFER,0
791.0074699587799,0.6115780641683912,0,0,0,TRANSFER,0
1538.3729542649498,1.8829449371085702,0,0,0,TRANSFER,0
4767.468335738118,0.742975759557063,0,0,0,PAYMENT,0
617.0686633583481,0.7848889167122046,0,1,0,PAYMENT,0
576.2331141666219,0.7742661203072112,0,0,0,TRANSFER,0
1040.601544926164,2.3900047803381725,0,0,0,PAYMENT,0
1557.6179370387697,0.5221147961026815,0,1,0,DEPOSIT,0
939.8809070443211,1.214020206270285,0,0,0,TRANSFER,0
3131.5029652824583,0.9532040418229096,0,0,0,PAYMENT,0
493.1710971969591,1.0486973527784422,0,0,1,PAYMENT,0
1236.6494356245269,1.1865444804499534,0,0,0,PAYMENT,0
1711.6493387866874,1.0408268633649973,0,1,0,WITHDRAWAL,0
734.9240717198695,1.7421418781338862,0,0,0,PAYMENT,0
2539.4681201263597,0.9797281638970359,0,0,0,WITHDRAWAL,0
1272.7797170992653,3.390791840544249,0,0,0,PAYMENT,0
2413.5300676951324,1.0316257513802995,1,0,0,WITHDRAWAL,0
1331.5568599853682,0.30348386960470075,0,0,0,PAYMENT,0
1597.8345279351554,1.5633285759773732,0,0,0,WITHDRAWAL,1
582.662573799216,1.3158301558658587,0,0,1,TRANSFER,0
583.6072822996957,1.0230430029787407,0,0,1,PAYMENT,1
3730.869069223534,0.8338515242623058,0,1,0,TRANSFER,0
2070.427619762777,0.22758457611800864,0,0,0,PAYMENT,0
394.2695584132792,0.25594547548196506,0,0,0,PAYMENT,0
1314.0423451341978,3.1685163639721687,0,0,0,PAYMENT,0
102.12769544974078,0.6637485956766828,0,1,0,PAYMENT,1
617.7351688850713,1.9658688280621532,0,0,0,PAYMENT,0
2867.0178062369428,0.3255877425581414,1,0,0,TRANSFER,0
967.6344786725299,0.4805611445426788,0,0,0,DEPOSIT,0
1233.872244671337,1.6080924498907074,0,0,0,PAYMENT,0
53.71105001726127,0.930762882823536,0,1,0,TRANSFER,1
740.8116295636993,1.4569817776764797,0,0,1,PAYMENT,1
1538.0524063382122,0.9905025918374767,0,0,0,PAYMENT,0
1746.361702151909,0.864701969971405,0,0,0,PAYMENT,1
2870.827834775707,0.6212444223486524,1,0,0,WITHDRAWAL,0
888.6844723090345,0.4335267146582875,0,0,0,PAYMENT,0
929.218757466164,2.6694992361350844,0,0,1,PAYMENT,0
289.42105646604995,2.995515611835034,0,0,0,TRANSFER,0
893.7968040695891,0.48331238801261805,1,0,0,PAYMENT,1
310.5748507695126,0.4616928797472054,0,0,0,PAYMENT,0
172.7991401190352,0.7839255697393314,1,0,0,PAYMENT,0
370.48784229876776,1.2690955868015457,0,0,0,PAYMENT,1
4957.63904698512,0.8804934891458732,0,0,1,PAYMENT,0
836.6775894455651,1.4185908867833585,0,0,1,PAYMENT,0
1366.3214888966977,0.9661132039052154,0,0,0,DEPOSIT,0
656.2250202510038,0.9228931647474821,0,1,0,WITHDRAWAL,0
182.99319759675396,5.414903804927882,0,0,0,PAYMENT,0
2796.469827796012,0.6923648128237975,0,1,0,PAYMENT,0
124.93603172860904,3.1517656669089376,1,0,1,DEPOSIT,0
629.6772101296933,2.7533108896607064,0,0,0,TRANSFER,0
1038.3468074534512,1.4231396536710692,0,0,0,TRANSFER,0
1380.8984864495733,0.25968334721917685,0,0,0,TRANSFER,1
530.3464092879025,1.0219782842356717,0,0,0,PAYMENT,0
174.51985491977217,0.6974765888819371,0,0,0,PAYMENT,0
492.21061672458313,1.0141628400170715,0,1,1,PAYMENT,0
518.65660271715,0.4751727985543536,0,0,0,PAYMENT,0
506.1871714012579,1.6978802552275691,0,1,0,DEPOSIT,1
2893.0268622993494,1.9926980390274283,0,0,0,PAYMENT,0
325.8369887702992,2.2682690587768204,0,1,0,PAYMENT,0
1481.7502574840335,0.765271120952279,1,0,1,WITHDRAWAL,1
1284.7212364982192,0.4763523004886289,0,0,0,WITHDRAWAL,0
2865.376624197674,1.2791259479659862,0,0,0,PAYMENT,0
959.9374520868537,3.418671500643946,0,1,0,PAYMENT,1
2419.0519040420777,1.0497717338787462,0,0,0,TRANSFER,0
923.1390395643361,1.3724644058776276,0,0,0,PAYMENT,0
1693.228815017861,0.8483632177147696,0,0,0,WITHDRAWAL,0
243.97332919788522,0.7029783781927521,0,0,0,PAYMENT,0
78.39200332189043,1.5853309028015674,0,0,1,PAYMENT,0
1599.66074851197,0.9284425843122215,0,0,0,PAYMENT,0
1687.8032765552507,1.3263967273396973,1,0,0,TRANSFER,1
1764.2877258391106,1.4265440915460952,0,1,1,DEPOSIT,0
648.7630080643482,1.2754024647105877,0,0,0,TRANSFER,0
4864.514777375686,1.477717582730795,0,0,0,PAYMENT,0
692.3711697295805,0.5504032910886283,0,0,1,TRANSFER,0
1670.5012660316002,0.5273870554529356,0,0,0,PAYMENT,0
1987.5067147315817,0.9706055493106589,0,0,0,PAYMENT,0
6116.468458894199,0.9870911194718259,0,0,0,PAYMENT,0
798.6879990530474,0.693762234540195,0,0,0,PAYMENT,0
570.6677085550195,1.1837652017821096,0,0,0,PAYMENT,0
245.14616281657533,1.8884420964815178,0,0,0,TRANSFER,0
5178.998654695792,2.2962062668661694,0,0,1,PAYMENT,1
1671.390020904675,2.68742452907014,0,1,0,PAYMENT,0
1725.1358946923315,0.3983751362859462,0,0,0,PAYMENT,0
24753.056153518144,0.44303832440975643,0,0,0,TRANSFER,0
1517.841807187554,0.816480886907861,0,0,0,PAYMENT,1
298.17441332195324,1.0578098365865596,0,1,0,PAYMENT,1
901.5327992974865,0.8462904957710822,0,0,0,WITHDRAWAL,0
413.73165657699155,0.6791946430737458,0,0,0,PAYMENT,0
738.1385952551228,0.8080811695536548,1,0,0,DEPOSIT,1
733.1940473785448,1.402588805307899,0,0,0,DEPOSIT,0
609.7052288213154,0.3942635389290801,0,0,0,PAYMENT,0
272.24911051483804,5.15697424467658,0,0,0,WITHDRAWAL,1
5391.0833359115095,1.014803989821928,0,0,0,TRANSFER,0
1478.595669653283,2.0867194172572434,1,0,1,PAYMENT,0
875.266109531481,0.6663078843335634,0,0,1,WITHDRAWAL,0
2339.3720777880358,1.4948781743113904,0,0,1,PAYMENT,0
1756.4803328316793,1.0725765568813161,0,0,0,PAYMENT,0
1444.748782862438,1.821692248076657,0,0,0,PAYMENT,0
2175.4657809726755,0.8701820446689575,0,1,0,WITHDRAWAL,0
1253.8006581433494,2.962680689870895,0,0,0,WITHDRAWAL,0
2143.5560981730223,0.3518891410310165,0,0,0,PAYMENT,0
2328.809102007674,1.9436384012293477,1,0,0,TRANSFER,1
1290.4144631704694,1.0866546288167316,0,0,0,PAYMENT,0
879.721611191403,0.4902554540834638,0,0,0,WITHDRAWAL,0
5066.460879503322,3.9213897107845526,1,0,0,PAYMENT,0
680.0038502092618,3.647669274125911,0,0,0,PAYMENT,0
1621.8351576266805,0.23416962773832609,0,0,0,TRANSFER,1
1658.8973451663098,1.1317318511853889,0,0,0,TRANSFER,0
596.1200945778867,1.6387992160325784,0,1,0,PAYMENT,0
488.9096045856411,1.3623257722795803,0,0,0,TRANSFER,0
769.8132701427079,2.8888853214300525,0,0,0,TRANSFER,0
670.3387266692362,2.4976315311032757,0,0,0,PAYMENT,0
255.15454958223322,1.203978090451969,0,0,0,PAYMENT,0
571.6374246916475,4.9232679559032535,0,0,0,PAYMENT,0
1431.1348138167507,1.9266689244884418,0,0,0,TRANSFER,1
3889.1409787774205,0.7819299295366937,0,0,1,TRANSFER,0
1909.1078834023092,0.6793333587999988,0,0,0,PAYMENT,0
81.48879300331303,2.3877202778283233,0,0,0,TRANSFER,0
2082.4569774861657,0.5740332493913451,0,0,0,PAYMENT,0
627.565604223385,0.7506492384681299,1,0,0,PAYMENT,0
1725.1686187491775,0.8456072048874586,0,0,0,TRANSFER,0
1081.2410067873254,1.2826873577321554,0,0,0,PAYMENT,0
904.4367496924921,0.8733482821524818,0,0,0,WITHDRAWAL,0
990.0587373625252,0.3977706772641854,0,0,0,DEPOSIT,0
1072.3155897512931,2.25568978288318,1,1,0,PAYMENT,1
4206.578851999565,0.7534602213482169,1,0,0,PAYMENT,0
1075.2837002083106,4.112185702141003,0,0,0,PAYMENT,0
3247.1602793771663,1.2371285454162597,0,0,0,PAYMENT,0
2807.096252231165,2.4279450449889137,0,1,0,DEPOSIT,0
2136.7591571419293,1.5551982973718868,0,0,0,PAYMENT,0
183.71417991841605,2.5106442412231154,0,0,0,PAYMENT,0
3349.7220665273976,1.490687312841727,0,0,0,TRANSFER,0
693.7410096158677,1.1789428932628896,0,0,0,TRANSFER,0
2243.3538534307336,2.149561492368419,0,0,0,TRANSFER,0
414.66342486865284,5.698371773230308,1,0,0,TRANSFER,0
335.2665733374882,0.8279041790957286,0,0,0,TRANSFER,0
7914.000909206504,1.7444666973991143,0,0,0,PAYMENT,0
421.16173694042,0.9963352857592174,0,0,0,PAYMENT,0
3449.9210960431906,1.4250990418316218,0,0,0,TRANSFER,0
1234.4987811186159,1.029950754881152,1,0,0,TRANSFER,0
720.4528276715739,0.22081721083442368,0,0,0,PAYMENT,0
1048.5579472974418,0.8692446156017932,0,0,0,WITHDRAWAL,0
298.5404705781046,2.013125623792339,0,0,0,TRANSFER,0
1081.6529078683848,0.5852918681306328,0,1,0,PAYMENT,0
371.39258588467425,1.905343886528643,0,0,0,DEPOSIT,0
738.4520756482904,1.1371514588335634,0,0,1,TRANSFER,0
2766.392943034778,0.874552133057266,0,0,0,WITHDRAWAL,0
1414.0181418793918,1.8852694777452537,0,0,0,TRANSFER,0
249.0937922192225,1.6107857130724708,0,0,0,TRANSFER,0
2569.555297472445,1.3422978379956032,0,1,0,PAYMENT,0
1088.8748975932729,2.036291256903987,0,0,1,PAYMENT,0
637.666061405562,1.1527712472311578,0,0,0,TRANSFER,0
2313.8690224103375,0.3162360903178636,0,0,0,WITHDRAWAL,0
927.7786336664543,0.7674479563064687,0,0,0,WITHDRAWAL,0
341.8385877793289,0.2827812365635996,1,0,0,PAYMENT,0
6959.1297629323035,1.5843201349129694,0,0,0,TRANSFER,0
1077.8381026383352,1.8726225611877985,0,0,1,PAYMENT,0
1010.9186951082379,1.9332288213354256,1,0,1,TRANSFER,0
731.3519650935126,1.4082760397242047,0,0,0,PAYMENT,0
3568.732392021043,1.9690429067801474,0,1,0,TRANSFER,0
648.7980465029649,0.3316674937463343,0,0,0,PAYMENT,0
233.9295826418169,0.9274681309468416,0,0,0,WITHDRAWAL,0
556.3081337344308,0.3714127904554729,0,0,1,TRANSFER,0
4133.065243817632,0.7781540793585704,0,0,0,PAYMENT,0
2520.2973295374204,3.099919722391124,0,0,0,TRANSFER,0
849.7858251648022,2.1495661426245607,0,0,0,TRANSFER,1
4329.706958304801,1.5897865859207163,0,0,0,PAYMENT,0
2316.800061697509,0.8806155212753992,0,0,1,PAYMENT,0
840.0073454356648,0.4988168178564114,0,1,0,WITHDRAWAL,1
928.9827264136331,1.1398758792741617,0,0,0,PAYMENT,0
1524.3414076805352,2.1759668233943725,0,0,0,PAYMENT,0
477.284643751639,1.3323043572908575,0,0,0,TRANSFER,0
1101.5847077994908,0.32956438156411316,0,0,0,PAYMENT,0
1492.9560572883156,1.075975431156346,0,0,0,PAYMENT,0
202.96504282719104,0.2620212335433241,0,0,0,PAYMENT,0
907.4873960860109,1.7558071806471451,0,0,0,PAYMENT,0
809.9267525559845,0.6156322911418928,0,0,0,PAYMENT,0
3065.8128586921357,0.42477953751889586,0,0,0,TRANSFER,0
173.3829975491219,1.7727844815825133,0,0,0,PAYMENT,0
748.8165150656412,1.4792933181837629,0,0,1,PAYMENT,1
677.3887635525235,1.1766592435858703,0,1,0,TRANSFER,1
2864.2762055666517,4.63759337733732,0,1,0,TRANSFER,1
1049.9033913023875,1.5597099669882561,0,0,0,PAYMENT,0
6608.3854588657605,0.6366916217261922,0,0,1,PAYMENT,1
2126.458889225198,1.438272451945504,0,1,0,PAYMENT,0
727.6185970872173,0.8185227069728932,0,0,1,PAYMENT,1
1393.618242985464,2.427182635183435,0,0,1,PAYMENT,0
769.6464015671438,1.2173593488970986,0,0,0,TRANSFER,0
2589.9558040908914,1.3046649972874236,0,0,0,WITHDRAWAL,0
289.3978215530575,0.3643436048862368,1,0,0,PAYMENT,0
481.21012423120567,1.0438816632432568,0,0,0,PAYMENT,1
1729.6769199107591,0.9613794508104975,0,0,1,WITHDRAWAL,0
3735.946386449274,0.4882394004897455,0,1,0,PAYMENT,0
121.27144787446922,0.8563714667640803,0,0,0,WITHDRAWAL,0
4334.975406642743,1.3566612396343267,0,0,0,TRANSFER,0
953.2382492017437,0.9969599109170578,0,0,0,WITHDRAWAL,0
166.6882061098487,0.3721457188361058,0,0,0,TRANSFER,0
54.503894515202184,0.8259246079973043,0,0,0,PAYMENT,0
237.60602245301197,0.7206387176820804,0,0,0,TRANSFER,0
1075.2356696911756,1.14506278105849,0,0,0,PAYMENT,0
1026.6968253316659,1.0617014824407534,0,0,1,TRANSFER,1
2065.650431448364,0.7496647716711362,0,0,0,PAYMENT,0
633.0268399556537,0.7294500314158706,0,0,0,TRANSFER,0
362.11413549474713,1.0481805080670508,0,0,0,PAYMENT,0
725.5381187821557,1.9622342127140402,0,0,0,PAYMENT,0
1134.117718285108,1.21536976751567,0,0,0,PAYMENT,0
1381.2895453243102,2.7078325767213216,0,0,0,PAYMENT,0
498.1171551823625,2.210533049222919,1,0,0,PAYMENT,0
2701.1873115065787,2.8510226296624595,0,0,1,PAYMENT,0
589.1042885153475,2.60658088365058,0,0,1,WITHDRAWAL,1
459.5660330007847,2.986388093546377,0,0,0,TRANSFER,0
637.5345620425508,0.4461054288550372,0,0,0,TRANSFER,0
3212.613873896668,1.573336296879336,1,0,0,TRANSFER,0
960.2594871568176,2.346264260752959,0,0,0,PAYMENT,0
547.5679135054125,2.662642698552016,0,0,0,TRANSFER,0
2768.6296081063415,0.5830378516419724,0,0,0,PAYMENT,0
9346.418866155578,1.5843375452704729,0,1,0,PAYMENT,0
1352.4629739100135,1.0540523801963286,1,0,0,TRANSFER,0
3766.2777589500984,3.643490545046435,1,0,0,DEPOSIT,0
3090.4684198112645,0.3786647094546873,0,0,0,PAYMENT,0
598.4603347356232,0.5836214508091788,0,0,0,PAYMENT,0
1126.233524832841,0.2815504363487434,0,0,0,TRANSFER,1
304.13003914736333,1.1065326648204385,0,0,0,PAYMENT,0
893.4208385481835,4.877770196467559,0,0,0,PAYMENT,0
586.2871173154144,0.9694376353566181,0,0,0,PAYMENT,0
732.9767942746815,1.0732842346929008,0,0,0,PAYMENT,0
518.0672026134542,1.4698599724787411,0,0,0,TRANSFER,0
822.9563748540897,0.9218218092999129,0,0,0,DEPOSIT,0
1867.2698807683803,1.292034636452522,0,0,0,TRANSFER,0
973.1206666565245,1.3159359592425335,0,0,0,WITHDRAWAL,0
169.9708245868697,0.5532807856701876,0,0,0,PAYMENT,0
520.026324899865,0.9362874938799725,0,0,0,PAYMENT,0
239.99081395974451,1.6809398113877219,0,0,0,PAYMENT,0
1399.7658141187646,1.9155471150518208,0,0,0,PAYMENT,0
1814.0503090473146,2.481718240871978,0,0,0,TRANSFER,0
1417.3556863592562,1.264662447623339,0,0,1,DEPOSIT,0
498.99476599104787,1.282806169043964,0,1,0,PAYMENT,0
1403.681811802733,1.6906776174602376,0,0,0,WITHDRAWAL,0
685.3199052657236,0.6594565781852599,1,0,0,PAYMENT,0
351.3470741842471,0.640795224030034,0,0,1,PAYMENT,0
2302.9125334636333,0.9163485254659053,0,0,0,PAYMENT,0
2484.9995407547544,0.40962532043963934,0,0,0,PAYMENT,0
2832.4447333128364,1.3295367059928203,0,0,1,TRANSFER,1
596.8413901585556,2.084142345034297,0,0,1,TRANSFER,1
3566.579572979963,0.6083343980677394,0,0,0,TRANSFER,0
669.4240719863267,1.3560884729385212,0,0,0,TRANSFER,1
2108.0135162805977,0.6437841784604945,0,0,0,TRANSFER,0
657.922628294747,0.49085679608478505,0,0,1,PAYMENT,0
876.5711149889695,4.216024956233508,0,0,0,WITHDRAWAL,0
97.39960377393604,0.49580965042889746,0,0,0,PAYMENT,0
810.8530045435098,0.40839373928829553,0,0,0,TRANSFER,0
1201.2163732794227,1.1621837493962566,0,0,0,TRANSFER,0
727.7447602264524,1.206791319059958,1,0,0,PAYMENT,0
6349.860150399867,1.595301104758624,1,0,0,PAYMENT,0
342.93259597927,4.058687467409829,0,1,0,PAYMENT,0
624.1675006617522,0.580427214047727,0,0,0,PAYMENT,0
443.69056332426464,0.6670396519839241,0,0,0,TRANSFER,0
624.0453368912055,3.083803840442587,0,0,0,WITHDRAWAL,0
3076.085305784324,1.9297426187323752,0,0,0,PAYMENT,0
4807.977489534805,1.750772180181673,0,0,1,WITHDRAWAL,0
544.1404474973976,0.6617231010840652,0,0,0,PAYMENT,0
532.1856833383823,2.1992617905141967,1,0,0,TRANSFER,0
344.76787048724134,1.7545773016140396,1,0,0,WITHDRAWAL,0
4049.2436376322603,1.141880069403479,1,0,0,TRANSFER,0
3364.3982734846345,0.6640157119811502,0,0,0,PAYMENT,0
986.356844130169,1.0775467053317629,0,0,0,TRANSFER,0
271.48334787333386,3.170663341330026,0,0,0,TRANSFER,1
296.8827959670785,0.46497230848064575,0,0,0,WITHDRAWAL,0
1300.6630480474876,0.5712894113995723,0,0,0,PAYMENT,0
1899.4847011444558,0.6443831962839718,0,0,0,WITHDRAWAL,0
138.91402199857208,0.7500804517484003,0,0,0,PAYMENT,0
795.2766881096434,0.989044769873251,1,0,1,TRANSFER,1
5531.951300761127,1.9561919871611901,0,0,0,TRANSFER,0
882.2635257146273,1.3812513726983937,0,0,0,PAYMENT,1
4864.105390133185,1.0435086483731715,0,0,0,PAYMENT,0
2098.642799771442,1.2139693346488936,0,1,0,TRANSFER,1
370.82134589175416,1.5477367030846174,0,0,0,TRANSFER,0
818.3815796688823,0.30814212354420256,0,0,0,TRANSFER,0
964.2067682100111,2.117230642936949,0,0,0,TRANSFER,0
423.04917781834666,0.560744978821001,0,0,0,WITHDRAWAL,0
415.7698979036301,0.7331116570632555,0,0,1,PAYMENT,0
4948.147742589076,1.2690958593884638,1,0,0,PAYMENT,0
412.6663430249612,0.9485848091804413,0,0,0,DEPOSIT,0
3224.1869096674723,1.4061441440082338,0,0,0,PAYMENT,0
708.7589775046614,1.1043749766177975,0,0,0,WITHDRAWAL,0
1068.8736079416185,0.8166598582825237,0,0,0,PAYMENT,0
1923.389779002989,2.915760619106121,1,0,0,PAYMENT,0
602.7131188764072,1.6415581338450924,0,0,1,TRANSFER,0
1935.0807067223568,1.2355078839340097,0,0,1,TRANSFER,0
141.6799018125411,1.6237915678807466,0,0,0,PAYMENT,0
1702.2520495980032,0.6103451605363858,0,0,0,PAYMENT,0
92.89500486493264,4.582937734614901,0,1,0,TRANSFER,1
874.0637148649133,0.4670373524129185,1,0,0,TRANSFER,1
2576.643817931866,1.082440334147929,1,0,0,PAYMENT,0
2043.2466279499442,0.8183228034062492,0,0,1,PAYMENT,0
299.3428347443814,0.7968490126058959,0,0,0,TRANSFER,1
340.4729239434909,0.7276175374943706,0,0,0,TRANSFER,0
550.7758715353383,0.5826334618682357,0,0,0,TRANSFER,0
1321.0945312832912,2.2975412821219354,0,0,0,WITHDRAWAL,0
143.74872498323725,0.43029168794487405,0,0,0,TRANSFER,0
1082.2272057058656,1.9907167088133397,0,0,0,TRANSFER,0
1497.3158844254701,1.57456085992437,0,0,0,PAYMENT,0
826.3040616230801,0.7659611778563771,0,0,0,TRANSFER,0
1854.4083364137896,1.4518303905383811,1,0,0,DEPOSIT,1
1371.5875702569924,0.8953600846629831,0,0,0,PAYMENT,1
638.0047577472685,0.4626870196483926,0,0,0,PAYMENT,0
158.19218264633162,0.4661240128478213,0,0,0,PAYMENT,0
1253.1467683185424,1.5821885732720211,0,0,0,TRANSFER,0
422.8107311274032,1.5257700395412028,0,0,0,TRANSFER,1
615.0215913881473,1.1846033466924926,1,1,0,PAYMENT,1
1770.6893587463392,0.7602852573248369,1,0,0,TRANSFER,1
4524.821389559106,0.8752006772061337,0,0,0,TRANSFER,0
1055.679460038582,0.7962140597430931,0,0,0,WITHDRAWAL,0
1908.4846638529468,0.294386751563171,0,0,0,WITHDRAWAL,0
258.66160391942344,1.0438097856209967,0,0,0,TRANSFER,0
1401.8156679063657,1.4415492493288926,0,0,0,PAYMENT,0
1032.8673642947501,1.0484639194132843,1,0,0,DEPOSIT,1
3748.9368819559536,3.4501041548992744,0,0,0,TRANSFER,0
638.7681295493431,0.49500198744505786,0,0,0,WITHDRAWAL,0
861.2306742058628,0.6295357715179313,0,0,0,TRANSFER,0
3161.53980237884,1.097586081410671,0,0,0,WITHDRAWAL,0
1000.2109508702199,1.1860598548494952,0,0,0,TRANSFER,1
361.82425796609374,0.26425359824101385,0,0,0,PAYMENT,0
14067.652239065224,1.5248386480631457,0,0,0,PAYMENT,0
372.93615421306737,1.1898435021644014,1,0,0,PAYMENT,1
1027.9275002202025,0.22682532282738688,0,0,0,PAYMENT,0
1551.0511727530773,0.9215516180267116,0,0,0,PAYMENT,0
1433.1319584391697,0.5678039573448342,0,0,0,TRANSFER,0
907.1032640897512,0.7280931504764784,0,0,0,TRANSFER,0
911.6349442140698,0.3919305789952923,0,1,0,WITHDRAWAL,1
867.0252794281462,1.3382088959882943,0,1,1,WITHDRAWAL,1
359.2671066167554,3.432344194600904,0,0,0,PAYMENT,0
9416.504386093031,1.2038400652827088,0,0,0,TRANSFER,1
880.0767171805004,0.2205636703765668,1,0,0,WITHDRAWAL,1
1992.0728182505907,1.2213016621147756,1,0,0,TRANSFER,1
784.7358327193558,0.8726269321267435,0,0,0,PAYMENT,0
769.1117885332827,0.46268501280733293,0,0,0,DEPOSIT,0
695.4480661490246,1.2808663462276364,0,0,0,PAYMENT,0
232.79406278023842,1.8512022811090505,0,0,0,TRANSFER,1
933.9088662678745,0.6262876946571341,0,0,0,PAYMENT,0
729.961903416947,0.3164427407811792,0,0,0,WITHDRAWAL,0
3538.734687007869,0.2445903355677308,0,0,0,WITHDRAWAL,0
331.3913099519278,0.6275201069698483,0,0,0,WITHDRAWAL,0
615.7572569302123,0.8968627591319897,0,0,1,PAYMENT,0
446.5536425750163,0.6968369027370092,1,0,0,PAYMENT,0
4640.281882954538,0.6198377895924173,0,0,0,DEPOSIT,0
459.7080229075564,1.488143945039242,0,0,0,WITHDRAWAL,0
1924.265941152838,1.3826172103982302,0,0,0,WITHDRAWAL,0
2893.3245214677336,1.1499464567370308,0,0,0,TRANSFER,0
947.5475198591291,1.770994846822852,0,0,1,PAYMENT,0
276.7705985690801,0.6316529616554813,0,1,0,PAYMENT,1
280.2959869920055,0.46477983225587144,0,0,0,PAYMENT,0
2590.9090166477004,0.6937569666463476,0,0,0,PAYMENT,0
310.87968774327334,0.6610591614554773,1,0,0,PAYMENT,0
1622.991955693992,0.23790053347714707,0,0,1,PAYMENT,0
1229.4830922343235,0.6825646387046288,0,0,0,TRANSFER,0
1598.9980355930466,2.167111963273245,0,0,1,WITHDRAWAL,0
1757.3896046304021,1.7517186670152574,0,0,0,PAYMENT,0
431.0953156191367,1.4443056685192759,0,0,0,WITHDRAWAL,0
413.4232228753717,1.0965102428820637,0,0,1,PAYMENT,0
2241.5595585779984,2.75723666071954,0,0,1,WITHDRAWAL,0
584.4407396862701,0.4761046831207372,1,0,0,PAYMENT,0
70.09500302630626,0.508963494331485,0,0,0,PAYMENT,0
2098.0325379824653,2.196810842443883,0,0,0,TRANSFER,0
389.0619992138973,1.0195113335944366,0,0,0,PAYMENT,0
1749.588467624307,0.6251117689394019,0,0,1,TRANSFER,0
4415.259328287301,1.4715955770849551,0,0,0,TRANSFER,0
1115.1703553175635,0.7357043986621647,0,0,0,PAYMENT,0
2968.3627930239086,0.5563999844775167,0,0,0,TRANSFER,0
1278.9538020208277,0.5456670602409778,1,0,1,TRANSFER,0
5363.807348638781,1.2524286079582514,0,0,0,PAYMENT,0
379.13520816682484,1.154965932238641,0,0,0,TRANSFER,0
1087.6612410272091,2.891347731960822,0,0,0,DEPOSIT,0
2149.8677444954446,0.8162272479772241,0,0,0,PAYMENT,0
906.4974734022325,0.8065377186758397,0,0,0,PAYMENT,0
3471.072825089116,2.7394124726542692,0,0,1,PAYMENT,0
711.9163798537253,1.993621342964505,0,0,0,TRANSFER,1
8685.160439084633,1.1067511288897858,0,0,0,DEPOSIT,0
9156.300534149477,0.33530694738840194,0,0,0,WITHDRAWAL,0
1453.9975836486044,0.5664885856588029,0,0,0,TRANSFER,0
1905.6933419156308,0.4781329925142333,0,0,0,PAYMENT,0
3610.752345700531,1.0258445697794496,1,0,1,TRANSFER,1
334.5554384233665,0.7005855594094176,1,0,0,PAYMENT,0
295.30242048725967,3.0710926950223936,1,0,0,PAYMENT,0
3852.2740446471926,0.3328690699533468,0,0,0,PAYMENT,0
1442.2915370173719,0.44355307921313786,0,0,0,PAYMENT,0
874.3622417381118,1.1867757182982888,0,0,0,WITHDRAWAL,0
1108.89943548354,1.4405215490219856,1,0,0,TRANSFER,1
100.8827072499141,0.163491322797665,1,0,0,PAYMENT,0
906.3610037304855,0.2967731871931007,0,1,0,PAYMENT,0
516.4369765110041,0.8315011600686368,0,0,0,TRANSFER,0
2746.4697360229493,2.5837208296934038,0,0,0,PAYMENT,0
2966.1816899297714,3.7487881196235855,0,0,0,PAYMENT,0
1952.137556736775,0.7481526508786479,0,0,0,WITHDRAWAL,0
1628.5716947970634,0.8874058176741806,0,0,0,TRANSFER,0
245.3420234929599,0.5566569986419991,0,0,0,WITHDRAWAL,0
1979.5861367496784,1.5577531271521354,0,0,0,WITHDRAWAL,0
2057.8107326519576,2.9152941072716025,0,0,0,TRANSFER,0
3809.2692574045127,2.4090067272221134,0,0,0,PAYMENT,0
9119.860732843159,0.9799042375686557,0,1,1,PAYMENT,1
201.83273835040396,0.5560082239329356,0,0,0,PAYMENT,0
743.6148115697641,1.005754396312945,0,0,0,PAYMENT,0
522.034335658173,2.628861054070155,0,0,0,TRANSFER,0
1303.107646918441,0.7555102207955149,0,0,0,PAYMENT,0
1111.4290049979586,0.28060695637638666,0,0,0,PAYMENT,0
867.7623847708026,0.777239703620633,0,0,0,PAYMENT,0
3064.391697811619,0.8225730156615976,0,0,0,WITHDRAWAL,0
364.5215926610886,0.27945647783165006,0,0,0,PAYMENT,0
387.17567577783103,1.1763614202430188,0,1,0,PAYMENT,1
393.77305031224455,1.4250448177501525,0,0,0,TRANSFER,0
764.8443985686757,3.676366242975924,0,0,0,PAYMENT,0
320.98994032519334,0.39350406933616705,0,0,0,PAYMENT,0
1044.6409441067867,1.6675658727111464,0,1,0,PAYMENT,0
929.3726655567186,1.9675425073398634,0,0,0,TRANSFER,0
499.4387090728454,1.4386924088545228,0,0,0,PAYMENT,0
2627.442593181256,0.4942266096485948,0,0,1,PAYMENT,0
1033.2861833141444,0.4745213455837877,0,0,0,PAYMENT,0
3173.680911429238,1.070405690482931,0,0,1,WITHDRAWAL,0
902.3027879264372,1.065159296220624,0,0,0,PAYMENT,0
1070.4186490937223,0.6759719639539689,1,0,0,TRANSFER,0
624.6663051022283,2.4698215707635263,0,0,0,PAYMENT,0
1088.9328505532185,0.7553862223543301,0,0,0,TRANSFER,0
2235.524837566863,0.2656460432263416,1,0,0,PAYMENT,0
726.8104886774279,0.8548411984068152,0,0,0,PAYMENT,0
1841.640376725291,1.3996068052364776,0,0,1,PAYMENT,0
486.50785087351466,1.270452081029132,0,0,0,TRANSFER,0
2342.6793285409026,1.2635886542524577,0,0,0,PAYMENT,0
614.0609391720211,2.845652269592166,0,0,0,PAYMENT,0
2570.0480474723786,0.4582440391552297,0,0,0,PAYMENT,0
1165.5828512975424,0.743344378866018,0,0,1,DEPOSIT,0
5018.83810842266,2.949211441366688,0,0,0,WITHDRAWAL,0
345.82479492061793,0.2522978560797989,0,0,0,DEPOSIT,0
250.59127531895575,0.9631114776906939,0,0,0,PAYMENT,0
592.1634851007772,2.3637392205572905,0,0,0,TRANSFER,0
274.6201999432278,2.339205579187004,0,0,0,TRANSFER,0
275.1358857354669,1.5873746070697916,0,0,0,PAYMENT,0
2041.7259038609172,1.6157633559615483,0,0,1,PAYMENT,0
1092.0601165631817,0.48252806883752525,0,0,1,PAYMENT,0
678.7949021874751,2.614895039232228,0,0,0,DEPOSIT,0
744.7416671142189,0.4316918748438283,0,0,0,TRANSFER,0
603.5098341947454,0.4500983729463024,0,0,1,PAYMENT,0
5712.2551253208385,1.3119464731879744,0,0,0,TRANSFER,0
525.5757310783682,0.7081423494151171,0,0,0,TRANSFER,1
292.3249721970637,1.155678583145777,0,0,0,PAYMENT,0
2430.9821156125536,1.3519350756464377,0,0,0,PAYMENT,0
883.8120055814471,3.4718125891535094,1,0,0,TRANSFER,0
8423.440959824873,1.3547368243513642,0,0,1,PAYMENT,0
647.9375778318991,0.6485773462232474,0,0,0,PAYMENT,0
2555.4514499182737,1.6056707318189107,0,0,0,PAYMENT,0
3236.336731152648,0.5586523351235075,0,0,0,PAYMENT,0
651.1006039314576,1.89498110415636,0,0,1,TRANSFER,0
521.6929686074518,1.046278459304546,0,0,0,PAYMENT,0
2301.6154637970612,1.3236335857761832,1,0,0,WITHDRAWAL,0
1948.6496371693527,0.2875214582955385,0,0,0,PAYMENT,0
267.5723238402489,0.20689954018669549,0,0,1,PAYMENT,0
354.80358820274074,0.3495890480815183,0,0,0,PAYMENT,1
86.79682086809865,3.39410328838001,0,0,1,PAYMENT,0
1988.9991549234658,0.4476657691559075,0,0,0,PAYMENT,0
844.0171437285561,1.6696547380844688,0,0,0,PAYMENT,0
932.4817488286532,0.6380520223439351,0,0,0,PAYMENT,0
202.05822577925656,0.845336023729009,0,0,0,PAYMENT,0
365.7308377660561,0.9691807242490368,0,0,1,TRANSFER,0
679.9648376074956,3.160230283497248,1,0,0,WITHDRAWAL,1
559.8530843038689,1.5055433629603778,1,0,0,PAYMENT,0
1233.7777408967856,1.3093400062369152,0,0,0,PAYMENT,1
1965.4335313926686,2.478587651222218,0,0,0,WITHDRAWAL,0
10610.640202068715,0.6419545291734754,0,0,0,PAYMENT,0
1074.9000612586137,2.1124324087218582,0,0,1,PAYMENT,1
3345.6044644471513,1.8793233965486704,0,0,0,PAYMENT,0
478.19912393649025,1.8643818571532786,0,0,0,PAYMENT,0
205.41938811368385,0.8971684050285139,0,0,1,TRANSFER,0
771.0076944075611,0.7362979439317033,0,0,0,PAYMENT,0
221.91141753406794,0.5439616387487602,0,0,1,PAYMENT,0
1112.8428731816966,0.5683444287041608,0,0,0,PAYMENT,0
502.4749939901574,0.5262866747166051,0,0,0,PAYMENT,0
155.35745346887526,1.2927780542515441,0,0,0,TRANSFER,0
6223.1105294952085,0.8522840469383924,0,0,1,PAYMENT,0
640.6211720002138,1.352534362913759,0,0,1,PAYMENT,0
213.23198341448116,1.4070810956609452,0,1,0,WITHDRAWAL,0
2692.355635996465,0.47624195836727956,0,0,0,TRANSFER,0
529.2101634999744,0.46634108409478353,0,0,0,DEPOSIT,0
3262.229165212045,0.8520907291401522,0,0,0,PAYMENT,0
526.6865897738548,0.5812440803191191,1,0,0,TRANSFER,1
638.4876350976807,0.5399447293766754,0,0,0,PAYMENT,0
1548.1744002701498,3.2771721670777927,0,0,0,PAYMENT,0
1984.6927211378024,0.34186192882736227,0,0,0,TRANSFER,1
2364.882785025267,4.121202950804288,0,1,1,PAYMENT,1
1002.5067188676863,1.2241092888145555,0,0,0,PAYMENT,0
1860.530091538536,1.99444695847213,1,0,0,PAYMENT,1
2311.4460582984257,1.8364474508719222,0,0,0,PAYMENT,0
1340.1933030745615,1.5401370778978596,0,0,0,TRANSFER,0
950.836274900143,3.200420666350161,1,0,1,PAYMENT,1
258.45072369379034,0.4687471967726488,0,1,0,PAYMENT,0
1996.5463797861623,0.8963136562867324,1,0,0,TRANSFER,0
1143.8713383540141,0.550464485125568,0,0,0,PAYMENT,0
725.1540736452879,0.30505729372946844,0,0,0,PAYMENT,0
3935.3943175380327,0.6294752249456882,0,0,0,PAYMENT,0
263.0032441010536,3.7090784322676313,0,0,0,PAYMENT,0
5676.194560068649,0.8856559800096989,1,0,0,DEPOSIT,0
1072.4775534141038,4.008675948280972,0,0,0,DEPOSIT,1
1506.4605602446452,4.306299774639871,0,0,0,PAYMENT,0
738.7472790036459,8.138380908067278,0,0,0,PAYMENT,0
207.04312139255163,3.7956099150741656,0,1,0,TRANSFER,0
953.7390499976427,5.210585897276756,0,0,0,WITHDRAWAL,0
1532.6367649961187,1.255604686853848,0,0,0,TRANSFER,1
2156.4646990625747,1.1733111137065542,0,0,0,TRANSFER,0
899.6149168194248,1.2292295030919576,0,0,1,PAYMENT,0
122.42029422123436,1.0000435441752749,0,0,0,WITHDRAWAL,1
234.70717079546773,1.1104487296927876,0,1,0,PAYMENT,0
8535.75955093927,1.6930434978874571,0,0,1,PAYMENT,0
367.77230719499954,0.7217528593853855,0,0,0,PAYMENT,0
4568.999162392433,0.3812358881378017,0,0,1,PAYMENT,0
430.9160375176679,1.2898593201774875,0,0,0,PAYMENT,0
913.7381937027155,0.615719741528736,1,0,0,WITHDRAWAL,0
2049.207187653034,0.6619988579286421,0,0,0,TRANSFER,0
482.89804934852725,0.904903237199692,0,0,0,PAYMENT,0
5389.53902301744,0.7706659608783311,0,0,0,PAYMENT,0
1182.9047653420266,2.175002349482025,0,0,0,PAYMENT,0
1738.6267323187851,0.8898351326170073,0,1,0,TRANSFER,1
839.1529514859641,2.2531173507043616,0,0,0,DEPOSIT,0
2119.0439246739397,1.1551282470995663,0,0,0,PAYMENT,0
5317.681823192069,0.9399108004538111,0,0,1,PAYMENT,0
961.711069863845,1.117120441783313,0,0,1,PAYMENT,0
6183.951767968646,0.40488957441656187,0,0,0,PAYMENT,0
594.9064650674648,1.2670027003479223,0,0,0,TRANSFER,0
2354.5291245636727,1.8120023552385596,0,0,0,PAYMENT,0
1788.467409434345,2.0008964373047733,0,0,0,WITHDRAWAL,0
376.68825189701374,0.38808850497531594,1,0,0,TRANSFER,1
1358.0562176359808,0.3453191760829097,0,0,0,PAYMENT,0
1104.7407133332458,0.6867582317439876,0,0,0,PAYMENT,0
467.2235438333168,2.63600272550614,0,0,1,TRANSFER,0
1568.6998499255092,1.1672876101447531,1,0,0,WITHDRAWAL,0
1269.3872035428656,0.5814172230868454,0,0,0,PAYMENT,0
1019.8522600433452,0.36165750751081127,0,1,0,WITHDRAWAL,1
1023.9495439931784,0.619531015917152,0,1,0,PAYMENT,0
1002.2369603650858,0.5909134080698214,0,0,0,PAYMENT,0
759.2266722713942,1.925012388015329,0,0,0,PAYMENT,0
1261.2191291994172,2.03151328224494,0,0,0,PAYMENT,0
575.9874012554162,0.4795383970802179,0,0,1,TRANSFER,0
15627.844272366754,1.6942094707600095,0,0,1,WITHDRAWAL,0
267.9141931779057,1.5770087067859588,0,0,0,PAYMENT,0
611.1020232727499,0.4378948042775807,0,0,0,PAYMENT,0
661.3332647175904,0.9430150005798149,0,0,0,TRANSFER,0
8437.939429217855,1.269437630422808,0,1,1,TRANSFER,1
292.9099869439608,1.1210489316104966,0,0,0,PAYMENT,0
1678.9473489110362,0.30198475175302764,0,0,0,TRANSFER,0
1405.845338209478,1.0961759546034333,0,0,0,PAYMENT,0
1530.8865709069073,1.5610917621308948,0,0,0,PAYMENT,0
3775.7078823647257,3.0213867604952513,0,0,0,DEPOSIT,0
3699.0427899637275,0.6261571881612913,0,0,1,TRANSFER,0
698.5754384292368,0.6826198181720587,0,0,0,WITHDRAWAL,0
1331.441474191848,0.8639790690476445,0,0,0,WITHDRAWAL,0
170.01692107766124,1.2261156263340907,0,0,0,TRANSFER,0
1210.868329036014,1.0702715885441527,0,0,0,PAYMENT,0
495.7196633920604,1.5265580972289687,0,0,0,PAYMENT,0
910.157420435485,0.4549214194050638,0,0,0,TRANSFER,1
203.2889030806805,1.3202189347544973,0,1,0,PAYMENT,1
1643.9748652453918,0.5947876867195228,0,0,0,DEPOSIT,0
201.02540727508838,0.9045354957257491,0,0,0,PAYMENT,0
1271.9222359751698,3.305572031886814,0,0,0,TRANSFER,0
321.65978124230855,0.3757730282486042,0,0,0,PAYMENT,0
468.88567005755624,0.8223187150190292,0,0,0,TRANSFER,0
3479.806968976503,0.409731979894785,0,0,0,TRANSFER,0
1974.1988429806183,1.1130985158704734,1,0,0,PAYMENT,0
3460.62032848232,2.082903931118809,0,1,0,PAYMENT,0
5217.257358239031,1.1260980264778606,0,1,0,PAYMENT,0
506.3161582574925,0.9215473704986361,0,0,0,PAYMENT,0
4909.717396645986,2.5342091863744827,0,0,1,PAYMENT,0
253.2796828147156,1.2603024153410403,0,0,0,PAYMENT,0
2312.536688469655,1.7748150839040977,0,0,0,WITHDRAWAL,0
669.5877907754117,1.6498430642142818,0,0,1,PAYMENT,0
432.55083513992787,0.13353812212600738,1,0,1,PAYMENT,1
2027.3197253809174,0.9477465508132891,0,0,0,PAYMENT,0
2821.2956962620256,0.4701741466035513,1,1,0,TRANSFER,1
2738.781484130316,0.5596062733084146,0,0,0,PAYMENT,0
1359.4831760499715,2.8072638079343664,1,0,0,PAYMENT,0
1251.3237892638163,0.7692310636474999,0,1,1,PAYMENT,0
1857.276758834135,3.761424481295873,0,0,0,PAYMENT,0
1485.8823881104147,0.37329663989404005,0,0,0,TRANSFER,0
1884.383215271875,0.46833588092758954,0,1,0,WITHDRAWAL,1
1344.7984925019769,1.7051370055464394,0,1,0,WITHDRAWAL,0
2547.28617032028,0.7874463293344696,0,0,0,PAYMENT,0
215.46364474863765,1.2400220176401708,0,0,0,PAYMENT,0
961.7230552981556,0.9243959530994393,0,0,0,PAYMENT,0
274.8302147685123,0.9050153568092273,0,0,0,TRANSFER,0
1446.2105744564246,0.8081842226556972,0,0,1,WITHDRAWAL,0
5664.252282897886,1.1338799690280885,0,0,0,WITHDRAWAL,0
682.6042195598395,1.5669746741871404,0,0,0,DEPOSIT,0
1245.449801875157,3.095952167024782,0,0,1,TRANSFER,0
2336.680741763525,0.8678305738944234,0,0,0,PAYMENT,0
138.6949709557648,0.7591568974471904,0,0,0,DEPOSIT,0
650.5964241928816,0.6936948659935027,0,0,0,PAYMENT,0
1578.9504912583488,2.7978428191530007,1,0,0,PAYMENT,1
60.52189947558169,1.6212985917488127,0,0,0,WITHDRAWAL,0
412.8942500082564,0.26465626756088106,0,0,0,PAYMENT,0
3297.2958541039566,0.2566134294721597,0,0,0,PAYMENT,0
2989.9050213658693,0.5593160865416049,0,0,0,PAYMENT,1
1594.5043704029101,1.1748045705632795,1,0,0,TRANSFER,1
2649.689228775541,0.9768432328866727,1,0,0,PAYMENT,0
1359.8154002697227,1.4338239788622906,0,0,0,PAYMENT,0
1911.0247728396691,0.8844313264189493,0,0,0,PAYMENT,0
799.7876789732896,2.6596462891958472,0,0,0,PAYMENT,0
1231.2838480643188,1.7168272496907884,0,1,0,PAYMENT,0
582.6750256840721,1.055805122303834,0,0,0,TRANSFER,0
3879.5845191191747,2.2294113931559587,1,0,1,PAYMENT,0
5021.878819520686,0.3152988508630144,0,0,0,PAYMENT,0
4358.62884023403,0.9421862570302072,0,0,0,WITHDRAWAL,0
729.158579347906,1.101043772830623,0,0,0,PAYMENT,0
422.51542737807625,1.5241327350583518,0,0,0,TRANSFER,0
3932.275955410666,0.3010086726131595,0,1,0,PAYMENT,0
1889.1970992668334,0.8333639355467315,0,0,0,PAYMENT,0
1523.2238801346898,1.323556666548904,0,1,0,TRANSFER,1
581.9403290413923,1.3965619809432055,0,0,0,WITHDRAWAL,0
1678.5134217033512,2.2939859385359838,1,0,1,WITHDRAWAL,1
370.45128082397594,1.7041283233206128,0,0,0,WITHDRAWAL,0
2067.43162721268,0.9583020728741316,0,1,0,PAYMENT,1
4354.158740205863,1.6039697084569995,0,0,0,PAYMENT,0
5602.9333042049275,0.8685287898736267,0,0,0,WITHDRAWAL,0
2227.2525268367435,1.1082051968971183,0,0,0,WITHDRAWAL,0
275.3322225104021,1.7443145057658695,0,0,0,PAYMENT,0
1335.859429266616,0.968786951816332,0,0,0,PAYMENT,0
9317.799214926583,1.2883892254101568,1,0,0,PAYMENT,0
460.07448926479555,1.9599444647345783,1,0,0,TRANSFER,1
1033.615808062795,1.64627539926855,0,0,0,TRANSFER,0
4507.618984801593,2.371280961257386,0,0,0,PAYMENT,0
2032.7278166911003,5.103434827218777,0,0,0,PAYMENT,0
13097.23377247854,1.6356649866909858,0,0,0,WITHDRAWAL,0
526.9631472458401,0.7240427901083273,0,0,0,PAYMENT,0
407.58284566335436,1.430860674462223,1,0,0,WITHDRAWAL,1
3729.8579762298964,1.3884289991719239,0,1,1,WITHDRAWAL,0
331.6636562209263,1.5364237651693031,0,0,0,WITHDRAWAL,0
900.7538386031796,2.847699208747933,0,0,1,PAYMENT,0
1026.9550648156578,0.30762368151657293,0,0,0,TRANSFER,0
3090.194995949261,2.8854665248217253,0,0,0,TRANSFER,0
2026.9104523070232,3.652061518121991,0,0,0,PAYMENT,0
1732.0568539274752,1.4883222283672894,1,1,0,PAYMENT,1
733.3104327322714,1.513605505791642,0,0,0,PAYMENT,0
3695.9910790508493,0.8443810839008673,0,0,0,PAYMENT,0
61440.47154801646,1.0044366055935439,0,0,0,PAYMENT,0
2189.179508424585,1.629977989582216,0,0,0,PAYMENT,0
1211.5698659366155,1.5581304528916349,0,0,0,TRANSFER,0
299.5067722065388,1.6561519533162208,0,0,0,WITHDRAWAL,0
579.7045346265869,1.5506403894997527,0,0,1,TRANSFER,1
885.6215953166591,1.875495670150404,0,0,0,WITHDRAWAL,0
642.5211662026808,1.7343870557472014,0,0,0,PAYMENT,0
1079.1426534612053,0.4881931922650325,0,1,1,TRANSFER,1
6489.988753548135,1.7906660228552067,0,0,0,PAYMENT,0
3816.79718765813,3.6730068488798984,0,0,0,PAYMENT,0
935.5805853990419,0.981533900512688,0,1,0,TRANSFER,0
327.57598889914914,2.8566110183312103,0,0,0,WITHDRAWAL,0
4177.079691258865,0.5261827411534296,0,0,1,PAYMENT,0
1044.1367292049804,0.9793816912544236,0,0,0,TRANSFER,0
195.0975274682174,0.6383869299022357,0,0,0,PAYMENT,0
2235.969331721872,2.6259818828054566,0,0,1,TRANSFER,0
3058.520814848089,3.1529344420024357,0,0,0,PAYMENT,0
96.93993840900652,0.9329186404181457,0,0,0,PAYMENT,0
480.797103018572,2.269916543554038,0,0,0,PAYMENT,0
981.9554971001754,3.1754159750681463,0,0,0,PAYMENT,0
2285.890427682615,0.9772202663857561,0,0,0,TRANSFER,0
654.7499554691493,1.0950785854832292,0,0,0,TRANSFER,0
477.1629744397246,1.6711813285866564,0,0,0,WITHDRAWAL,0
2269.1696479008756,0.5544511424557775,0,0,0,WITHDRAWAL,1
686.5490188645092,1.080115863769751,0,0,0,PAYMENT,0
1885.700503134659,4.481469357965373,0,0,0,TRANSFER,0
360.85793355745807,0.7046814204587251,0,0,0,PAYMENT,0
283.6289814602823,1.8178934187643112,0,0,0,PAYMENT,0
2333.8374302475586,1.442911738002934,0,0,0,WITHDRAWAL,0
1411.6576205933109,0.8916905388895869,0,0,0,WITHDRAWAL,0
2758.5369655923646,1.1678431255123465,0,0,0,PAYMENT,0
643.8121551964229,3.410414871793502,1,1,0,WITHDRAWAL,1
495.1668109016581,1.473319476969605,0,0,0,TRANSFER,0
4275.767457756603,1.6435738312295043,0,1,0,PAYMENT,1
239.13810638077814,3.0667047303368786,0,0,0,TRANSFER,0
3833.220955053952,0.8166151841632091,0,0,0,PAYMENT,0
4107.232436187693,0.4805421002200366,0,0,0,PAYMENT,0
2591.75236383998,3.448168339992166,1,0,1,PAYMENT,1
551.2522360004934,1.1002806106173115,0,0,0,DEPOSIT,0
484.67383680532396,1.8692188103405667,0,0,0,TRANSFER,0
888.8639858386672,0.5864719548006923,0,0,0,PAYMENT,0
300.3535627345148,1.312545542162745,0,0,0,PAYMENT,0
419.1823387380808,0.4640082487649183,0,0,0,PAYMENT,0
2089.6132740734824,1.0456282362674105,0,0,0,PAYMENT,1
2099.278753961071,0.6353709803701357,1,1,0,PAYMENT,1
383.9165354889396,0.5409880795733361,0,0,0,TRANSFER,0
2156.2414925764065,0.8088143504390243,0,0,0,PAYMENT,0
1727.2801897799739,0.20081454669711607,0,0,0,TRANSFER,0
4963.598469606404,0.4439995604871213,0,0,0,TRANSFER,0
1937.4664440306226,1.7292536675419803,0,0,1,PAYMENT,0
3160.8019427458526,1.2755359875714094,0,0,0,WITHDRAWAL,0
1767.0691239367866,0.4714553576809419,0,0,0,DEPOSIT,0
2921.7239348453622,1.4674284257617198,1,0,0,PAYMENT,1
302.74257090860596,0.540776531815631,1,0,0,PAYMENT,1
970.9311338766344,1.6576065246685137,0,0,0,WITHDRAWAL,0
1054.7058920873576,0.9222422449080487,0,0,0,TRANSFER,0
859.4133910377808,0.7964537600229318,0,0,0,DEPOSIT,0
1709.3810592432073,0.9382446560789137,0,0,0,PAYMENT,0
2068.0877240784125,5.999462726684297,0,0,0,TRANSFER,1
1623.3660432818701,0.5879219584211491,0,0,0,PAYMENT,0
918.7886510191563,1.1718586362976404,1,0,0,TRANSFER,1
525.457819722732,1.7279886406194478,0,0,0,PAYMENT,1
3285.210717293235,0.5098243652894136,0,0,0,TRANSFER,1
1555.780793520432,0.3275939200687469,0,0,0,PAYMENT,0
395.9888845730637,0.6565419419510448,0,0,1,PAYMENT,0
903.5328413022567,1.701694025990055,0,0,0,WITHDRAWAL,0
191.84741111676593,0.7870980776081464,0,1,0,PAYMENT,0
1136.115895026788,0.850633296716612,1,0,0,PAYMENT,0
899.3030346758246,1.891818916406185,0,0,0,PAYMENT,0
617.4098399382071,0.5686784290624756,0,0,1,TRANSFER,0
5348.653841424668,0.9397619149172832,0,1,0,PAYMENT,0
345.1040205605617,0.34656366878943545,0,0,0,DEPOSIT,0
2222.5110776216356,1.251700895161356,0,0,0,TRANSFER,0
9766.448428981099,1.1742797162669782,1,1,1,WITHDRAWAL,1
3220.4227016163086,1.7452109013381245,0,0,0,PAYMENT,0
1062.5864029356103,0.44857504271036924,1,0,0,TRANSFER,1
352.8105970166035,0.874309098235736,0,0,0,WITHDRAWAL,0
280.8828907069466,0.4086365077027965,1,0,0,DEPOSIT,1
726.6524516996534,0.8417479298294425,0,0,1,TRANSFER,1
551.6971564394397,2.821452019056222,0,0,0,WITHDRAWAL,0
534.030573486803,0.7988940628468003,0,0,0,PAYMENT,0
791.3074239430639,0.38437221846112835,0,0,0,PAYMENT,0
990.0474854846082,0.6213159902497971,0,0,0,PAYMENT,0
1781.5017148716659,0.32378800483959996,0,0,0,PAYMENT,0
318.0484661798261,0.40371705101640115,0,1,0,WITHDRAWAL,0
554.3277974236313,1.599499652651569,0,0,0,PAYMENT,0
934.7956200168418,0.36334653211913237,0,0,1,PAYMENT,1
901.9100629197692,1.2443707907992894,0,0,1,PAYMENT,0
6880.342470747341,1.0181832106636228,0,1,0,TRANSFER,0
1383.326787646812,0.6893061449474686,0,0,0,PAYMENT,0
218.41789733997126,1.1725079316400941,0,1,1,WITHDRAWAL,1
1666.000897740963,0.5187345160074333,0,0,0,WITHDRAWAL,0
1892.518428180491,1.801448530750576,1,0,0,PAYMENT,0
967.6514709344964,0.6133385516241033,1,0,1,PAYMENT,1
325.9041519100864,0.7630308454118606,0,0,0,PAYMENT,0
6361.724041538994,0.7020534742037731,0,0,0,PAYMENT,0
376.1981827897808,1.620332694420191,0,0,1,PAYMENT,0
2123.3964960456324,1.4639097089990747,0,0,0,PAYMENT,0
1339.4984462870852,0.15958304784039867,0,0,0,PAYMENT,0
1999.8161874226591,1.1947895431978666,0,0,0,PAYMENT,0
6044.22121913066,0.29487168532179364,0,0,0,WITHDRAWAL,0
1922.9944743679262,0.7874737843644386,0,0,0,TRANSFER,0
627.2440961688415,0.9270740685843932,0,0,0,TRANSFER,1
3314.26870053936,0.7815776603007899,0,0,1,TRANSFER,0
583.416039357966,1.4198815540158447,0,0,0,WITHDRAWAL,0
1291.4979321285355,1.6554180849903826,0,0,0,TRANSFER,0
300.94164995426075,0.5819178135967995,0,0,0,PAYMENT,0
390.22315690095735,0.5673051697725716,0,0,1,PAYMENT,0
1154.4584868216466,0.9751356518525929,0,0,0,PAYMENT,0
1584.5990810110695,0.3393876018717218,0,0,1,PAYMENT,0
199.85845226523563,0.7161364320400673,0,0,0,WITHDRAWAL,0
1803.1445068602766,2.569353943290286,1,0,0,PAYMENT,0
483.26783482173175,0.3483977836103809,0,0,1,TRANSFER,1
3942.9640470758363,0.78813794170478,0,0,0,DEPOSIT,0
771.267735834909,0.6605974877260434,0,0,0,PAYMENT,0
356.51550473450664,4.070181190326935,0,0,0,PAYMENT,0
1182.9949059903308,0.6862571655096742,0,0,0,PAYMENT,0
438.67771054789307,0.7147177140627776,0,0,0,WITHDRAWAL,0
3900.831995063005,0.48600544596204254,0,0,0,TRANSFER,0
1097.2147557601224,1.0065465984046233,0,0,0,WITHDRAWAL,0
942.2997000603059,1.208182227259925,0,1,0,PAYMENT,0
1981.8797042601798,0.5379046885554393,0,1,0,TRANSFER,1
401.4377833273393,1.9979186436538847,0,0,0,TRANSFER,0
302.1266633984324,1.2089406847345778,0,0,0,PAYMENT,0
1649.7046971311095,1.8154429511025045,0,0,0,WITHDRAWAL,0
365.15769157324735,0.7947760759394525,0,0,0,WITHDRAWAL,0
365.03376138515506,1.1855763547055633,0,0,0,TRANSFER,0
2531.977839923643,0.8614247741774126,0,0,0,PAYMENT,0
1853.9320778372007,2.7742406903130568,0,1,0,PAYMENT,0
312.98975474085063,1.084788347092985,0,0,0,PAYMENT,0
590.4376000964705,1.0061465769731068,0,1,0,PAYMENT,1
444.1971271872573,0.7255905533782769,0,1,0,TRANSFER,1
6478.986015680735,0.6968573574411416,0,0,0,PAYMENT,0
2713.5429660813716,1.1810518649444972,0,0,1,PAYMENT,0
719.9308415505951,1.774841674636024,0,0,0,PAYMENT,0
1951.1899365983566,0.6192843953855061,0,0,0,PAYMENT,0
282.5382145183119,1.092649514523984,0,0,0,PAYMENT,0
559.6736515747225,1.1375975696869012,0,1,0,PAYMENT,1
1217.8755482830409,1.2851230357935524,0,0,0,TRANSFER,0
1723.7040110296884,0.3026290498823782,0,0,0,PAYMENT,0
994.7991669123575,0.5234504577148683,1,0,0,PAYMENT,0
1405.3104394609322,0.38439248036412776,0,0,0,PAYMENT,0
1185.9939281645532,1.0232860827497035,0,0,0,PAYMENT,1
931.1520639895334,0.5322290384306421,0,0,0,PAYMENT,0
815.5432110222988,0.706544718597108,0,0,1,DEPOSIT,0
716.0393527002938,0.43344239862361633,0,0,1,PAYMENT,0
1382.8992894080473,0.7540733941292155,0,0,1,WITHDRAWAL,1
1653.7745976805475,0.45526640728771706,0,0,0,WITHDRAWAL,0
1337.2347847323313,1.6998430264612299,0,0,0,DEPOSIT,0
337.44514035326677,1.3985829967207464,0,0,0,WITHDRAWAL,0
403.86156116671117,1.1108888904184582,0,0,0,WITHDRAWAL,0
1634.1561043391935,0.8094831262196428,0,0,0,PAYMENT,0
4777.502983819369,0.24017661356698078,0,0,0,PAYMENT,0
1277.187228981044,0.725608520288168,0,0,0,TRANSFER,0
726.5676435773655,0.5868303102539326,0,0,1,PAYMENT,0
1372.4331362548462,1.1889754288284051,0,0,0,TRANSFER,0
351.8407215120335,1.5431025277048598,0,0,0,PAYMENT,0
4060.019910047999,1.2551346576312314,0,0,1,PAYMENT,0
1321.5943722973034,2.4208696046572236,0,0,0,TRANSFER,0
561.461264917182,0.6717829618460217,0,1,0,TRANSFER,1
928.1603732961614,0.652565920746392,0,0,0,PAYMENT,0
647.399628680108,2.06786104248384,0,0,0,PAYMENT,0
4071.1059626447122,1.1233906478018925,0,0,0,WITHDRAWAL,0
895.8382844253626,0.8412224744505444,1,0,0,WITHDRAWAL,0
1280.9608586423585,3.642115890724251,0,0,0,PAYMENT,0
1946.379884414149,1.4984202450493371,0,0,0,TRANSFER,0
522.8179922025568,0.8751316719179769,0,1,0,PAYMENT,0
1331.0314755141617,0.6186835470629006,0,0,0,PAYMENT,0
1442.936524721278,2.530859251322876,0,0,0,PAYMENT,0
231.8107205513906,1.1559215615559806,0,0,0,PAYMENT,0
1411.9069109315656,1.0173099541861,0,0,0,PAYMENT,0
1047.5799097632953,1.6054329953277424,0,0,0,PAYMENT,0
1248.8348706228128,1.8516210521132601,0,0,1,TRANSFER,1
1136.4102998200465,1.4694805766694183,0,0,1,PAYMENT,0
1421.076373488409,1.8566669222763565,0,1,0,TRANSFER,0
4176.977699804137,1.3715782049351581,0,0,0,PAYMENT,0
337.1380828799892,1.4746540330291218,0,0,0,DEPOSIT,0
778.8727363084013,0.5992079984079055,0,0,0,TRANSFER,0
2135.847129564175,3.5510655633266817,0,0,1,WITHDRAWAL,0
1773.8823963170964,0.4216525432604799,0,0,0,PAYMENT,0
1736.1157223563002,1.2418029681533813,0,0,0,PAYMENT,0
17215.703073247394,0.3922966595960433,0,0,0,PAYMENT,0
2026.642018141085,0.933615946794059,0,0,0,WITHDRAWAL,0
3397.9846887251547,0.6703833630951849,0,0,0,TRANSFER,0
806.6807113919248,1.099690866596187,0,0,0,WITHDRAWAL,1
406.29830293274574,1.2702711440698227,0,0,1,TRANSFER,0
800.8571333244965,0.5119984956675744,0,0,0,PAYMENT,0
2234.9187911763656,0.979620410607717,0,0,0,PAYMENT,0
1647.1929155984437,2.6526839949572927,1,1,0,PAYMENT,1
1641.3122783830688,0.3990831178988319,1,0,1,PAYMENT,0
885.0601538967767,0.5499996492883075,0,0,0,TRANSFER,0
754.6072243160137,1.826731407161929,0,0,0,TRANSFER,0
916.1157815025715,1.0557890153715315,0,1,0,TRANSFER,0
2263.065185593997,1.1116089283970336,0,0,0,PAYMENT,0
2542.0533226214875,2.0454373794024012,0,1,0,PAYMENT,0
400.91857440001553,0.5735856019246998,0,1,0,PAYMENT,0
2350.404122633035,0.6952146299167611,0,1,0,PAYMENT,1
572.0799585262779,0.63772424526272,0,0,0,PAYMENT,0
1752.7156284782995,0.7836896958143291,0,0,1,PAYMENT,0
905.0898834862778,2.554012008560863,0,1,0,WITHDRAWAL,0
5248.9773662909065,0.30399133937883016,0,0,0,PAYMENT,0
721.927971188133,0.433461123349816,0,0,0,TRANSFER,0
1311.0869970852568,0.3844359256964175,0,0,0,TRANSFER,0
2011.4138415953805,2.6676175360708645,0,0,0,TRANSFER,0
457.6209172878149,0.6504570858098128,0,0,0,TRANSFER,0
1019.576826867028,0.79558980026877,0,1,0,TRANSFER,0
840.0111078466252,0.32295447029159774,0,0,0,WITHDRAWAL,0
656.0168775554683,0.8322102004354086,0,0,0,PAYMENT,0
706.4673579051713,1.8341207375789395,0,0,0,PAYMENT,0
3334.288519593382,1.19371457119356,0,0,0,TRANSFER,0
602.7179033191335,0.9272752463044119,0,0,1,PAYMENT,0
1932.1871578457908,0.3343991740180965,0,0,1,PAYMENT,0
1502.0633402355202,0.7948781383944538,0,0,0,PAYMENT,1
271.2442982140824,1.108314435644597,0,1,1,TRANSFER,1
1843.035903384159,0.4994352095469909,0,1,0,WITHDRAWAL,1
266.79665867130655,1.581579151027945,0,0,0,PAYMENT,0
2055.1247448236095,1.858087964001089,1,0,0,PAYMENT,0
660.3753311019859,0.6906969656436925,0,0,1,PAYMENT,0
1105.8474612386221,1.662101117837862,0,0,0,DEPOSIT,0
300.5818362090657,0.9260586418227058,0,0,0,PAYMENT,0
1239.3995700234714,2.232219957889617,1,0,0,PAYMENT,0
2770.9636256200156,4.153309399193715,0,0,0,PAYMENT,0
489.32875880787225,0.46507070213380136,1,0,0,PAYMENT,0
597.5469833021933,1.7136731067707531,0,0,0,TRANSFER,1
1727.8290646787243,2.49297106085678,0,1,0,PAYMENT,0
1771.564482606867,0.5068824084713089,0,0,0,PAYMENT,0
96.1414651007061,0.6685898622575793,0,0,0,PAYMENT,0
8228.889601933572,0.6633424085723529,0,0,1,TRANSFER,0
1860.412439045069,0.9112419160491378,0,0,0,PAYMENT,0
2201.553799278974,0.7792246794464996,0,0,0,PAYMENT,0
949.997690309034,0.8704027776613831,0,0,0,WITHDRAWAL,0
171.51084340314455,1.7978505811629364,0,1,0,WITHDRAWAL,1
2153.22513781673,0.26525379208559785,0,0,0,PAYMENT,0
623.1653991594534,0.5057436315275218,0,0,0,TRANSFER,0
1889.243369277869,1.5983145269418924,0,0,0,TRANSFER,0
881.1244974445356,1.4724730056279465,0,1,0,TRANSFER,1
1391.3633588356429,0.47664679416735134,1,0,1,PAYMENT,0
505.2248706555675,1.4796289771199338,0,0,0,TRANSFER,0
2602.919406340094,2.531486981404915,0,0,1,TRANSFER,1
334.16034764467565,0.9662636425362381,1,0,1,PAYMENT,1
10358.569481459175,0.49382567166337127,1,0,1,PAYMENT,1
10279.929026897356,1.8449791551739587,1,0,0,PAYMENT,0
5612.208457369697,3.3405377655554855,0,0,1,WITHDRAWAL,0
3926.4028712121403,0.5377840398062272,0,0,0,PAYMENT,0
1007.7260559117541,1.02785741059444,1,0,0,TRANSFER,1
3521.163330979136,2.1449343469325615,0,1,0,TRANSFER,1
996.0759420577485,1.0841010307509764,0,0,1,PAYMENT,0
231.94086750967236,0.29431418284622135,1,1,1,PAYMENT,1
4930.528262980573,1.363960231425822,0,0,0,PAYMENT,0
3390.8111970784225,0.5040065346466709,0,0,0,PAYMENT,0
1062.7985954670532,0.4108587410537403,0,0,0,WITHDRAWAL,1
322.08508271287917,0.29836921177004133,1,1,0,PAYMENT,1
610.2076587527492,2.3008649218334596,0,0,0,DEPOSIT,0
177.47937679813836,0.5574971301845196,0,0,0,DEPOSIT,0
2821.660590831566,1.262804859859554,0,0,0,WITHDRAWAL,0
220.6750004920001,1.4997045190529454,0,0,0,PAYMENT,0
1460.9334652315843,1.1199379621895018,0,0,0,PAYMENT,0
471.6827653072895,1.230720223995438,1,0,0,TRANSFER,1
263.3006552224069,1.3056926433776164,0,0,0,PAYMENT,0
1391.8027013024564,1.101495035981939,0,0,0,WITHDRAWAL,0
785.4058689580324,0.587363347498932,0,0,0,TRANSFER,0
2535.608953258345,0.5518185428292606,0,1,0,WITHDRAWAL,1
308.70765578182403,0.9291481494503303,1,0,0,DEPOSIT,0
514.2375686672158,0.9154726097787924,0,1,0,WITHDRAWAL,1
100.7213498356233,1.3505660659800267,1,0,0,PAYMENT,0
123.42742329187737,2.1622623266139964,0,0,0,DEPOSIT,1
6622.262844788249,1.2721822747339988,0,0,0,PAYMENT,0
8809.608185455805,0.5668737839017832,0,0,0,TRANSFER,0
1203.1834585542501,0.21722772096553866,1,0,1,TRANSFER,0
481.146228901131,0.5837654263133212,0,0,0,PAYMENT,0
813.666904896131,0.39018150407050073,0,0,1,PAYMENT,0
2626.9380371585335,0.5997391060059035,0,0,0,TRANSFER,0
655.6394245822615,1.1848235875106674,0,0,0,PAYMENT,0
1390.7992585758197,1.060853057278719,0,0,0,TRANSFER,1
1082.7332926727534,3.671955418880331,0,0,0,PAYMENT,0
620.9107364139188,1.4023607779905842,0,0,0,PAYMENT,0
647.9459316168213,3.8053847316094758,0,0,0,TRANSFER,0
1470.4457596836585,1.6497068126039802,0,0,0,PAYMENT,0
412.86136705195696,2.138264931098578,0,0,0,TRANSFER,0
1722.8399564051074,0.7778422101157627,0,0,0,PAYMENT,1
684.3168493105301,0.47134899263632185,1,0,0,WITHDRAWAL,0
1245.5933785679867,0.7303204098299158,1,0,0,DEPOSIT,1
4376.316055177006,0.991725750137644,0,0,0,TRANSFER,0
926.8650286219506,0.6442224335485602,1,0,0,PAYMENT,0
2751.2326874047917,0.4961883446940485,0,0,0,PAYMENT,0
182.72223242237612,1.3388169952895905,0,0,0,PAYMENT,0
685.1494477468467,0.4947127359237624,0,0,0,TRANSFER,0
1127.4216975049897,0.3418291036693142,0,1,0,PAYMENT,0
7505.044543349599,0.4559098074419827,0,0,0,PAYMENT,0
154.477416902791,0.848700568817799,0,0,0,PAYMENT,0
996.0427099162398,0.4997519641045487,0,0,0,PAYMENT,0
4706.448416708463,0.8524310675071001,0,0,1,WITHDRAWAL,0
500.18578266211836,1.5224349801233112,0,0,0,PAYMENT,0
886.3936831649818,1.4949759695058693,0,0,0,PAYMENT,0
1528.036695863455,0.6296582063875601,0,1,0,PAYMENT,0
1318.8409395176695,0.40141514578715987,0,0,0,PAYMENT,0
5248.882498262088,0.6683545882119052,0,0,0,PAYMENT,0
1717.2403095499426,1.5824137431438243,0,0,0,TRANSFER,0
4137.193322608319,1.8634644454934433,0,1,0,WITHDRAWAL,0
765.0885989107886,1.2802084864708316,0,0,0,TRANSFER,0
522.9441071969737,2.318696642288315,0,0,0,PAYMENT,0
875.0463067701872,3.3549654883322737,0,1,0,TRANSFER,1
344.0878169522252,0.713010202302415,0,0,0,PAYMENT,0
1778.4752875968811,2.830898854878554,0,0,0,TRANSFER,0
745.54976605229,0.8332807451924891,0,0,0,WITHDRAWAL,0
560.1536381960316,2.0419272414456655,0,0,0,WITHDRAWAL,0
1805.618388536511,1.6421407534132213,0,0,0,WITHDRAWAL,0
349.4233491995574,0.2505890598054686,0,0,0,PAYMENT,0
2369.6610661898635,0.5084649498173004,0,0,0,WITHDRAWAL,0
679.7075359817412,0.4253250659239702,0,1,1,PAYMENT,0
3495.027224150854,0.28724122180720796,0,0,0,PAYMENT,0
740.4531930397345,1.8506195749067613,0,0,0,TRANSFER,0
2062.9858756913554,4.255193762468909,0,1,0,TRANSFER,1
1312.333820861685,0.8349605896330989,0,0,0,TRANSFER,0
2307.4582515589054,1.818313941165473,0,1,0,WITHDRAWAL,1
1224.082535970867,2.827061187323092,0,0,0,WITHDRAWAL,0
207.8055086414745,1.1570020153990213,0,0,0,TRANSFER,0
3007.286749926068,0.9824369155020803,1,0,1,TRANSFER,1
1004.5722194029095,0.8419947083163594,0,0,0,PAYMENT,0
2415.1485542813925,1.4568713384925243,0,0,0,PAYMENT,0
2186.9135194019955,1.844643133161147,0,0,0,PAYMENT,0
506.08443299241725,1.3816292714086704,0,0,0,PAYMENT,0
439.30968396695204,1.3488119299275676,0,0,0,WITHDRAWAL,0
2111.9249337215256,0.9647926889311883,0,0,0,TRANSFER,0
809.770578064153,0.32789292647997254,0,0,0,TRANSFER,0
2797.354084192534,1.8746115640669658,0,0,1,PAYMENT,0
917.6344026817949,0.4068797532590646,0,0,0,TRANSFER,0
3051.564770189984,1.542755262701084,0,0,0,TRANSFER,0
1674.557925263743,1.6972607958944106,0,0,0,PAYMENT,0
1462.6059101990768,0.4500923598602815,0,0,0,PAYMENT,0
754.4498448097003,0.6534687585417879,0,0,0,TRANSFER,0
1383.5772219786265,4.415107515022196,0,0,0,PAYMENT,0
3615.0201730571216,0.9458818930502886,0,0,0,TRANSFER,0
1038.7616290448386,0.4256450173055262,0,0,0,DEPOSIT,0
1865.2949014581336,1.751750314492796,0,0,0,PAYMENT,0
1148.6700527456494,0.5822399424846243,0,0,1,PAYMENT,0
1242.1562288980306,0.2607047297469832,0,0,0,PAYMENT,0
6145.102837055495,1.43884208665678,0,0,1,PAYMENT,0
3647.2547162166015,0.5264323366517594,0,0,0,TRANSFER,0
1187.2604808120227,1.2521121427530686,0,1,0,PAYMENT,1
1358.9316083946262,0.566157468445538,0,0,0,PAYMENT,0
543.5542385101835,1.6405686769831789,0,0,1,PAYMENT,0
922.4456458906337,1.1370632331204529,0,0,1,WITHDRAWAL,0
1494.277045937036,0.16325432594630654,0,0,0,PAYMENT,0
2567.3091077369904,1.3065744367108345,0,0,0,PAYMENT,0
2319.764374787471,0.816431773391997,0,0,1,PAYMENT,0
361.6731647137437,2.695819795902329,0,0,0,PAYMENT,1
2913.1280982604794,1.318698801934666,0,0,0,PAYMENT,0
1003.4770726813235,1.697761282630945,1,0,1,PAYMENT,1
408.71113876032246,0.6081227288563567,0,0,0,WITHDRAWAL,0
4172.976033863677,0.5751942750644581,0,0,0,WITHDRAWAL,0
4737.5670235318,0.9822056905243858,1,0,0,TRANSFER,1
1427.595703964982,0.7769095934302463,0,1,0,WITHDRAWAL,0
2227.8529587641096,2.5513084278789,0,0,0,PAYMENT,0
2362.4375112285,0.8982351896702655,0,0,1,DEPOSIT,0
4428.304918077981,0.4242742465290835,0,0,0,WITHDRAWAL,0
2271.211174951447,0.5602867125471545,0,1,0,TRANSFER,0
290.7057893471593,1.9650855066907085,0,1,0,PAYMENT,0
8182.94794355075,0.8895139037872745,0,0,0,TRANSFER,0
3183.2465717259433,0.8568450022745308,0,0,0,WITHDRAWAL,0
658.8367597094871,2.1004073423199707,0,0,0,PAYMENT,0
391.65248456864276,0.5271162153819624,0,0,0,PAYMENT,0
1816.7662798013473,0.2091667686867243,0,0,0,PAYMENT,1
830.2608774883179,0.5504568812273097,0,0,0,TRANSFER,0
1525.3746850817201,1.1846677576481317,0,0,1,DEPOSIT,0
2306.3162675620333,0.8397441102266722,0,0,0,PAYMENT,0
622.3845267924672,0.3354438381467413,0,0,0,PAYMENT,0
359.2045514116674,2.0365183771325777,0,0,1,PAYMENT,0
1612.9474005191846,1.1212541798800608,0,0,0,WITHDRAWAL,0
643.3006216249961,1.3129943422673347,0,0,0,PAYMENT,0
1269.1412704276813,1.341417890592247,0,1,0,WITHDRAWAL,0
286.19504761383143,0.40294025763969565,0,0,0,PAYMENT,0
852.1966205731295,1.2361667259708708,0,0,0,PAYMENT,0
2241.615053419526,1.8874328932073936,0,0,0,PAYMENT,0
2010.0854400691576,2.221576682761956,0,0,0,PAYMENT,0
498.51916257113163,1.656793863903168,0,0,0,DEPOSIT,0
340.9499289853344,1.432169977712918,0,0,0,PAYMENT,0
1114.0571154248437,0.2963556915776115,0,0,0,TRANSFER,0
1921.8293483705918,0.9896001988696694,0,0,0,WITHDRAWAL,0
1644.4728241441226,0.5119122555001127,0,0,0,TRANSFER,1
657.1025901190862,2.4535047617933152,0,0,0,DEPOSIT,1
1477.0829505830936,2.2061869086924677,0,0,0,PAYMENT,0
4926.359082012536,0.5140831955879939,1,0,1,TRANSFER,0
1346.339473184344,0.9683276877437644,0,0,0,PAYMENT,0
214.18755666257218,1.1900039309710215,0,0,0,WITHDRAWAL,0
1343.724262360887,1.8786508387299634,1,0,0,TRANSFER,0
8467.21538264739,0.30945803834342217,0,0,0,TRANSFER,0
302.6597347566174,0.21294196404184126,0,0,0,PAYMENT,0
1129.7195124555178,1.0270637033371237,1,1,0,TRANSFER,1
874.5107323751596,0.16999406136947245,0,0,0,WITHDRAWAL,0
1206.9876140438334,1.117395674358024,0,0,0,PAYMENT,0
1331.7540050532589,1.5136825270402383,0,0,0,PAYMENT,0
3428.8218118443538,2.375614012921479,0,0,0,PAYMENT,0
1193.6645241210613,0.6467485008590402,0,0,0,WITHDRAWAL,0
3933.400339914587,1.1194384238623762,0,0,0,PAYMENT,0
974.9092026883114,1.5778401020059645,0,0,0,PAYMENT,0
772.6786359793674,0.43911058047224116,0,0,0,WITHDRAWAL,0
561.6152556498866,1.8978913582459027,0,0,0,PAYMENT,0
178.20115043496082,1.211718533582784,0,0,0,WITHDRAWAL,0
1444.8797974429103,0.6545466427313071,0,0,0,TRANSFER,0
8552.68278273393,1.10402920417039,0,1,1,PAYMENT,1
1734.0855228942528,0.907071373949897,0,0,1,PAYMENT,0
2179.2746131768795,1.7264232196349671,0,0,0,PAYMENT,0
725.5780699309661,0.7769944565223168,0,1,1,PAYMENT,1
858.9121174072956,1.1722949758489667,0,1,0,PAYMENT,0
2935.524695963473,0.6474898684532445,0,0,0,TRANSFER,0
8173.836326816284,0.5186686769331946,0,0,1,PAYMENT,0
4855.891241665081,1.1275791103650639,0,0,0,DEPOSIT,0
2453.4356558386917,0.5337982251706445,0,0,0,TRANSFER,0
1135.8659373154794,1.7513837749447578,0,0,0,PAYMENT,0
1352.5120421005029,1.5137087609237643,0,0,0,TRANSFER,1
516.1991706155355,0.5853296305348448,0,0,0,PAYMENT,0
257.70937041011433,1.1614233773072518,0,0,0,PAYMENT,0
355.3849763225871,0.5834538452376842,0,0,0,PAYMENT,0
1152.628233881428,0.32529625303455123,0,0,0,PAYMENT,0
818.9374756026392,0.6583242965209055,0,0,0,TRANSFER,0
252.28472108213543,0.9653912875599974,0,0,0,PAYMENT,0
1056.457512538518,1.4404939958601808,0,0,0,PAYMENT,0
797.5700561747094,1.1103063312275079,0,0,0,WITHDRAWAL,0
339.3904263112488,1.8877246794361782,0,0,1,PAYMENT,0
757.3465854247096,0.503175471411531,0,0,0,PAYMENT,0
795.5605808295063,0.7682125152566908,1,0,0,PAYMENT,0
591.9148914317651,3.161531908294974,1,0,0,TRANSFER,0
2770.1871630197393,0.25878542461065596,1,0,1,TRANSFER,0
163.54667733924313,0.7287911953388998,1,0,0,PAYMENT,0
150.53581198768129,0.47234493612015266,0,0,0,PAYMENT,1
1100.242384929722,0.8721630549099876,0,0,1,TRANSFER,0
1207.2824327706608,0.737777314927571,0,0,0,PAYMENT,0
1642.894880906844,1.5242596345971426,0,0,0,PAYMENT,0
639.7173842531114,1.1958586483992393,0,0,0,TRANSFER,0
437.9374950849906,0.4009444859297001,0,0,0,PAYMENT,0
1088.6393223627547,0.6625140914562255,0,0,1,PAYMENT,0
705.1579812951425,0.9999180689685498,0,0,0,TRANSFER,0
5172.2930784626615,1.6779396111793716,0,0,1,PAYMENT,0
792.9599770629067,5.490774933899509,1,0,0,PAYMENT,1
1039.832423895696,1.6355138760865222,0,0,0,WITHDRAWAL,0
13035.323444470308,0.49225916434208095,0,0,0,PAYMENT,0
902.5641547438357,0.9364195378021011,0,0,0,TRANSFER,0
1912.4814478806722,1.1350575296029395,0,0,0,PAYMENT,0
2092.9073050508605,0.6951875531049749,0,0,0,WITHDRAWAL,0
2278.7940206918115,1.3898286472087555,0,1,0,TRANSFER,0
1464.8194410292444,0.20393296096223615,0,0,0,PAYMENT,0
1331.2062890610102,1.4728580058869412,0,0,0,PAYMENT,0
1212.3722904945212,0.716432534679465,1,0,0,PAYMENT,0
616.4678042279835,0.9260809194054619,0,0,1,DEPOSIT,0
1518.5615283662423,2.789900849305764,0,1,0,TRANSFER,0
8338.560157182515,0.41351477941247056,0,1,0,TRANSFER,0
3680.0510706605123,1.2103426423557817,0,0,0,DEPOSIT,0
1486.1111524200203,1.7432393979091652,0,0,0,PAYMENT,0
2580.735714969656,1.1266352330754157,0,0,0,PAYMENT,0
459.81493405925465,0.3230543790092047,0,0,0,DEPOSIT,0
845.1277892462274,2.57352779137722,0,1,0,WITHDRAWAL,1
2829.484572480438,0.8624761045892644,0,0,0,PAYMENT,0
4852.101521370985,0.6912328095803892,0,0,0,PAYMENT,0
507.31587028254876,0.804657934839694,0,0,0,PAYMENT,0
676.1477995798813,0.7652884375234852,0,0,0,TRANSFER,0
9714.508744951854,0.4346884241203225,0,0,0,TRANSFER,0
1207.444292357578,1.1223956904951182,1,0,0,TRANSFER,0
6791.057639445127,0.6583206834318915,0,0,0,WITHDRAWAL,0
1348.647230114322,1.5993891746404467,0,0,0,PAYMENT,0
1402.7365444577893,1.4366540672746053,0,0,0,WITHDRAWAL,0
807.9572206182703,3.1204230582892505,0,0,0,PAYMENT,1
2814.5428837547033,0.862307623337387,1,0,0,PAYMENT,0
4263.209461421609,0.569911139607821,0,0,0,WITHDRAWAL,0
389.5521593136814,0.35742860803057924,0,0,0,WITHDRAWAL,0
770.8928956606658,4.642905567979636,0,1,0,WITHDRAWAL,0
2738.2615422145777,1.5895891673990472,0,0,0,WITHDRAWAL,0
963.3833025147364,0.6158856629161115,0,0,1,PAYMENT,1
669.5558160882181,3.271369035183241,0,0,0,PAYMENT,0
3009.538891663401,2.58393561475701,0,0,0,PAYMENT,0
3305.864213240728,0.38833214889200796,1,0,0,PAYMENT,0
699.4944846197602,0.5901182062586255,0,0,0,WITHDRAWAL,0
1356.0977161858384,0.9115330818987539,0,0,0,PAYMENT,0
327.51216653018673,0.47281099068944277,1,0,0,PAYMENT,0
447.87720081666043,0.9346289961140535,0,0,0,TRANSFER,0
1241.6112771370279,1.646041578901539,0,0,0,TRANSFER,0
1131.6214419324333,0.3824021020506562,0,0,0,PAYMENT,0
417.01571555435515,1.227648294510902,1,0,0,WITHDRAWAL,0
535.9420691439495,2.2658468693409093,0,0,0,TRANSFER,0
378.0232229259305,1.3233338116633375,0,0,0,TRANSFER,0
1728.5874600804368,0.9484450277291395,0,0,0,PAYMENT,0
153.29448397131083,0.626459449810922,0,0,1,TRANSFER,0
398.7851379389646,1.7888792572067185,0,0,0,PAYMENT,0
170.2143375758963,0.43874185063158594,0,0,0,TRANSFER,0
1667.3996629875924,1.1852506459217145,0,0,0,PAYMENT,0
180.7774017716861,1.018021474945658,1,0,0,PAYMENT,0
1131.9863479046944,2.19883509607982,0,0,0,PAYMENT,0
5650.639568775415,0.6650293308562322,1,0,0,WITHDRAWAL,0
5845.538392341435,0.7058058577519691,0,0,0,PAYMENT,0
180.20452049027836,0.41924265012426404,1,0,0,PAYMENT,0
1477.947532112819,1.3581167428854932,0,0,0,TRANSFER,0
407.9027155200907,0.7432884470732597,0,0,0,WITHDRAWAL,0
332.5745229945955,0.5469205225562546,0,0,0,TRANSFER,0
978.9984366159963,0.5846327616861886,0,0,0,WITHDRAWAL,0
3745.427931824349,1.456409044570493,0,0,0,WITHDRAWAL,0
1997.5143752201332,0.4620545368181929,0,0,0,DEPOSIT,0
536.3886928659642,0.4916854110243166,0,0,0,PAYMENT,0
2219.492837986714,1.8728343861739647,0,0,0,PAYMENT,0
116.31379499753399,0.890222005410422,0,0,0,PAYMENT,0
516.489108682983,1.9519162067292621,0,0,0,WITHDRAWAL,0
481.1160240689085,0.7775952995151239,1,0,0,WITHDRAWAL,0
1185.975227305699,0.9992121809148984,0,0,0,PAYMENT,0
895.3117989677587,1.1156190920778497,0,0,1,TRANSFER,0
951.9656063737867,2.6408488168168116,0,0,1,PAYMENT,0
920.8346342286176,2.494556551026434,0,0,0,WITHDRAWAL,0
1121.4830509309015,2.2417704356274797,0,0,1,PAYMENT,0
1882.0764988565816,0.6439248778682297,1,0,0,TRANSFER,0
1273.253896580899,0.5011846421601596,1,0,0,PAYMENT,0
825.2184865011427,1.7032769685729734,0,0,0,PAYMENT,0
1638.8470901721748,2.621460988648061,0,0,0,WITHDRAWAL,0
2505.1992309074903,2.2568569437937795,0,0,0,PAYMENT,0
628.9011620371583,1.0091763268158955,0,0,0,PAYMENT,0
1033.3872411790435,1.6644021359013499,0,0,1,PAYMENT,0
3504.8624790384547,1.6850097618318989,0,0,0,PAYMENT,0
364.03110698401474,1.1098889374485155,0,0,0,PAYMENT,0
6665.512982421737,1.1441494669091794,1,1,0,TRANSFER,1
287.3913929631789,1.0711541754374638,0,0,0,TRANSFER,0
776.374796524403,0.5759885060295058,0,0,0,PAYMENT,0
424.0324575484835,0.6186369392194763,0,1,0,WITHDRAWAL,0
9778.359384583951,0.6119876030943552,0,0,0,PAYMENT,0
662.9171175621608,0.3264541582165714,0,0,0,TRANSFER,0
664.5823800599519,1.105173072214886,1,1,0,DEPOSIT,0
756.915225760498,0.9719981663581446,0,0,0,WITHDRAWAL,0
1206.6495221574373,1.7046757129777337,0,0,0,TRANSFER,0
789.6250567555815,2.4169395669673928,0,0,0,PAYMENT,1
960.1727300166322,2.5269323455005805,0,0,0,PAYMENT,0
32.162142013053476,2.6991200724926063,0,0,0,TRANSFER,0
1161.1426426088192,0.5886304455811363,1,0,0,TRANSFER,1
1116.3353844420446,0.36700805072381604,0,0,0,TRANSFER,0
3098.1758983908203,1.9184556331686966,0,0,0,WITHDRAWAL,0
4060.4981750368515,2.631340485749341,0,0,1,TRANSFER,0
908.9516828717017,2.971879892589001,1,0,0,WITHDRAWAL,0
2480.5338588895243,1.4042415665972907,1,0,1,WITHDRAWAL,1
364.4652531810787,0.24716657836632183,0,0,0,TRANSFER,0
2362.1850603567073,1.2916579482900792,0,0,0,PAYMENT,0
618.640421024654,1.475222177905133,0,0,0,TRANSFER,0
335.3928501802812,2.4023622278278784,1,0,1,TRANSFER,1
910.8801426376051,2.7202943348306063,0,0,1,TRANSFER,0
4449.168248308095,1.8903148119493227,1,0,0,PAYMENT,0
1314.2290996895604,0.6629237991521707,1,0,0,PAYMENT,0
4897.539169674445,0.48656629362921244,0,0,0,TRANSFER,0
518.6697113080479,1.4532069534427687,0,0,0,TRANSFER,0
3127.0680038903342,0.5742499196710638,0,0,0,WITHDRAWAL,0
571.2574380402618,2.80834677747317,0,0,0,PAYMENT,0
1373.7900670627128,0.3032519635536346,1,0,0,PAYMENT,1
1361.9636922197917,1.487089164974989,0,0,0,TRANSFER,0
2124.9248880295336,1.2506638399679324,0,0,1,DEPOSIT,0
1409.1481049731929,0.8652501117858681,0,1,0,PAYMENT,0
523.6457793765543,0.523309928974184,0,0,0,PAYMENT,0
2644.6842264822567,0.23616054927570934,0,0,0,WITHDRAWAL,0
6195.983845739436,0.6893541872029411,0,0,0,PAYMENT,0
611.6722364817902,0.6978729402164785,0,0,0,PAYMENT,0
174.99684121401313,2.1775832505724497,0,0,0,DEPOSIT,0
1806.81258363493,0.5781054735331452,0,0,0,WITHDRAWAL,0
787.465536012009,1.3729194109844118,1,0,0,PAYMENT,0
961.8871576493023,0.4047167406367055,0,1,0,DEPOSIT,1
1912.521401052728,1.3995821612979062,0,0,0,WITHDRAWAL,0
694.7885607731865,0.2087975312561825,1,0,0,DEPOSIT,0
838.1088868836019,4.3349380720151265,0,0,0,PAYMENT,0
992.1561290574564,0.9059716464313555,0,0,0,TRANSFER,0
4768.342017281687,0.14140169941767888,0,1,1,PAYMENT,0
1130.109267702724,0.6050618269348598,0,0,0,PAYMENT,0
318.7242851518949,0.5417429981462115,0,0,0,TRANSFER,0
331.6637050187432,0.6318693111924217,0,0,0,PAYMENT,0
1260.4573643484446,0.7747235855466802,0,0,1,PAYMENT,0
354.45166840291034,0.6288691910095574,0,0,0,PAYMENT,0
229.91197380421414,0.564684306276484,0,0,0,PAYMENT,0
2070.480512438847,0.444378738109528,1,0,0,DEPOSIT,1
2174.3790377364508,1.7775794810148668,0,0,0,WITHDRAWAL,0
758.8950289907873,2.3182090599904033,0,0,0,PAYMENT,0
1470.9434713656383,0.8367736490859105,0,1,0,TRANSFER,0
1323.6146498818234,0.9877302399310146,0,0,0,DEPOSIT,0
2003.0361550837483,0.454557162982369,0,0,0,PAYMENT,0
2007.709710626455,1.050970989585048,0,0,0,TRANSFER,0
80.98074517076061,1.174655171554552,1,0,1,PAYMENT,1
862.2118805120332,0.8576329855305538,1,0,0,DEPOSIT,0
1840.7054763473448,1.319499482066494,1,0,0,PAYMENT,0
727.4486475259177,1.241221713548639,0,0,0,WITHDRAWAL,0
1137.0615651107855,0.4781180682121343,0,0,0,PAYMENT,0
2323.198041653811,2.305121207374327,0,1,1,TRANSFER,1
1189.0681751259262,0.8647175286281396,0,1,0,TRANSFER,0
4953.845473207347,3.231350370863778,0,0,0,PAYMENT,0
3384.583897151037,1.3421789999037104,0,0,0,DEPOSIT,0
974.0239055513546,3.9735233358864193,0,0,1,PAYMENT,0
899.6032468332376,2.2766121038163325,1,0,0,PAYMENT,0
63.413444340009754,1.1723763293000673,0,0,0,WITHDRAWAL,0
791.1580855503938,0.6027969893808232,1,0,0,PAYMENT,0
283.36366479082136,0.6119545693345858,0,1,0,PAYMENT,0
1368.170249736241,1.4522644087110994,0,0,0,PAYMENT,0
1277.768800276662,1.1053789956503166,0,0,0,PAYMENT,0
2199.214996782425,0.6621134486174842,0,0,0,WITHDRAWAL,0
4432.284736431526,1.7916589230667643,1,0,0,TRANSFER,0
1068.2003230476157,1.0275115736823288,0,0,1,PAYMENT,0
10725.896305612605,1.7991365776041894,0,0,0,PAYMENT,0
1383.610194619431,0.5051857746850723,0,0,0,TRANSFER,1
295.8295980474788,2.0130080941847246,0,0,1,WITHDRAWAL,0
625.1103067038341,1.4200568393780413,0,0,1,TRANSFER,0
755.4044488763016,2.3124296426077584,0,0,0,PAYMENT,0
1982.5261645026285,1.9821881296525792,0,0,0,DEPOSIT,0
425.28098845641074,0.942266269348711,0,0,1,PAYMENT,1
814.0518951212538,0.8906870226792586,0,0,0,DEPOSIT,0
933.5175090975657,3.483793181347606,0,0,0,PAYMENT,0
700.5594235307714,0.8159534856135161,0,0,1,PAYMENT,0
2468.6220061115955,1.6886064267110792,0,0,0,PAYMENT,0
2082.4937825480065,0.7656953570621414,0,0,0,WITHDRAWAL,0
3521.235266815799,0.27162898865476875,0,0,0,PAYMENT,0
787.5877703396793,0.4235272727644769,0,0,0,WITHDRAWAL,0
3650.1646956260747,1.3286250618232873,0,0,0,WITHDRAWAL,0
280.3399332196679,1.6336098364176306,0,1,0,PAYMENT,0
273.5859135910488,1.3316907645968419,0,0,0,PAYMENT,0
325.7721836474947,2.2303636657224977,0,0,0,WITHDRAWAL,0
1106.781676767015,1.315059758947727,0,0,0,TRANSFER,0
3649.61921536842,0.5811977059221971,0,0,0,WITHDRAWAL,0
600.5572170688354,1.515903342635644,0,0,0,TRANSFER,0
680.8258829941759,1.1260608539874426,0,0,0,TRANSFER,0
883.5801838528652,0.6683852143509329,0,1,0,PAYMENT,0
1944.6321717520507,1.3920305535027984,0,0,0,TRANSFER,0
680.1917179844202,1.057131508835879,0,0,0,WITHDRAWAL,0
643.2819001513205,0.6547509231805855,1,0,0,TRANSFER,0
285.6035717864517,0.882932927116217,0,0,0,WITHDRAWAL,0
619.1074777192605,2.689881108032327,0,0,0,PAYMENT,0
3559.807512761781,2.6290471265645348,0,0,0,WITHDRAWAL,0
1201.0194400219223,1.1407670619420571,0,0,1,PAYMENT,0
523.2950686397094,1.0409013396202325,1,0,0,PAYMENT,0
3774.9558744558203,0.3667289751458446,0,0,0,TRANSFER,0
610.8103376303105,3.3319428735223213,0,0,0,TRANSFER,0
4536.701928068339,2.0656383793023205,0,0,0,DEPOSIT,0
4463.136182805397,1.692769761464054,0,0,0,TRANSFER,0
1159.8101725719257,0.20345478165425845,0,0,0,PAYMENT,0
245.04710873894552,1.0290600939214356,0,0,0,DEPOSIT,0
10823.777520325788,0.9148546344114797,0,1,0,PAYMENT,1
1615.3001281657146,1.6127983999669226,0,0,0,TRANSFER,0
793.2298079323728,0.7292624708302076,0,0,0,TRANSFER,0
2853.004460844607,0.8502735552929394,0,0,0,PAYMENT,0
2213.439206723449,1.5427847416544083,0,0,0,PAYMENT,0
4068.1285212069374,0.5818719591226383,0,0,0,TRANSFER,1
565.4671543184191,0.6690945634553442,1,0,0,WITHDRAWAL,0
1507.900270521269,1.1449129957020425,0,1,1,WITHDRAWAL,0
334.999744706646,2.552159828756962,1,1,0,DEPOSIT,1
2135.240137121485,1.7610827452448856,0,0,0,PAYMENT,0
1071.7569930787372,2.1228995113019575,0,0,1,PAYMENT,0
1452.4531819745357,1.0453186470578755,0,0,0,PAYMENT,0
947.3326286792045,2.8478223561246048,1,0,0,DEPOSIT,1
853.2146690353836,0.29557646903565066,0,0,0,PAYMENT,0
460.24954245286114,4.118823040963146,0,0,0,TRANSFER,0
2417.3573411444054,4.509702932076758,0,0,0,DEPOSIT,0
4864.426168764906,1.3766203100845666,0,0,1,TRANSFER,0
628.4972428140145,1.7906592465389546,0,1,0,PAYMENT,0
1907.4842475723547,0.973750756597699,0,0,0,PAYMENT,0
1689.4927664311988,0.8635548575177079,0,0,0,TRANSFER,0
1105.5495397272311,0.6520661515595154,0,0,0,PAYMENT,0
238.2699481021133,0.9662734489452137,0,0,1,PAYMENT,0
298.3903858739266,1.4757309596795334,0,0,0,PAYMENT,0
502.2098442836314,1.341674811697461,0,0,0,WITHDRAWAL,0
129.15268077967744,4.017348669869748,0,0,0,WITHDRAWAL,0
4482.923725766914,1.0727143178950205,0,0,0,TRANSFER,0
1583.9915364022743,0.35268499251056523,0,1,0,PAYMENT,0
1064.2642045252596,3.161407800432914,0,0,0,PAYMENT,0
122.7026784494119,0.4254244107624481,0,0,0,PAYMENT,0
176.99635603333172,0.6759922632819874,0,0,0,WITHDRAWAL,0
1094.0685180868213,1.209515902462604,0,0,0,PAYMENT,0
7867.455442897233,1.3391332249091434,0,0,0,PAYMENT,0
545.3107437127171,0.363561494409246,0,0,0,TRANSFER,0
2601.3817220627834,0.5930179767845438,0,0,0,DEPOSIT,0
678.6446126133737,0.35467701416720504,0,0,0,PAYMENT,0
1158.9147192227147,1.5452707602155507,0,1,0,TRANSFER,0
3694.8079223043505,2.289574332518897,0,0,0,DEPOSIT,0
775.9191835371885,0.42516130921599427,0,0,0,PAYMENT,0
549.9872476945826,2.007644144266401,0,0,0,WITHDRAWAL,0
4528.158185009643,1.9185028591856434,0,0,0,PAYMENT,0
1147.74889584697,0.6304322694261505,0,0,0,TRANSFER,0
3265.6205685462464,0.2496225442359475,0,0,0,PAYMENT,0
552.6644889366928,0.4724236117196318,0,0,0,PAYMENT,0
4476.846668599244,0.6592316354709149,0,0,1,TRANSFER,1
1441.7706777831374,2.9422352828752416,0,1,0,PAYMENT,0
1693.8979412730034,0.9205243712943599,1,0,0,TRANSFER,1
1250.9134349989342,0.49421749609394633,0,1,0,PAYMENT,0
661.5099453624363,1.1090391263190105,0,0,0,TRANSFER,0
1094.7892845206347,0.40383723348878997,0,0,0,PAYMENT,0
704.4446500827843,1.4333839324884516,1,1,0,TRANSFER,1
2862.773137844794,0.5044105084769971,0,0,0,PAYMENT,0
895.1066139670687,0.5583514823971714,0,0,0,TRANSFER,0
245.54807973796244,1.3006243701550193,0,0,1,PAYMENT,0
204.50169521547363,3.404722974885827,0,0,0,PAYMENT,0
195.05505414781433,4.6573717746027254,1,0,0,PAYMENT,0
2034.4295874017566,0.48291923528339453,0,0,0,TRANSFER,0
346.71242454148603,0.658609536820412,1,0,0,PAYMENT,1
1480.4269069979694,1.4345806829770218,0,0,0,TRANSFER,0
1257.1147805289283,2.266309060897063,1,0,0,PAYMENT,0
1027.9187491403295,0.21983927172333265,0,0,0,DEPOSIT,0
1700.0368450739813,1.0630432372080048,1,0,0,PAYMENT,0
1284.7295870497346,0.7110588487656371,0,0,0,PAYMENT,0
72.98619087943113,0.26006729895620206,0,0,0,TRANSFER,0
793.4374898856652,0.39218663374790347,0,0,0,PAYMENT,0
1677.5725789725748,0.6720368378389936,0,0,1,PAYMENT,0
5654.928873015328,1.0420297710494055,0,0,0,TRANSFER,0
5922.166457447308,2.0252071713902615,0,0,0,TRANSFER,0
280.5773617534882,1.2815159083007281,0,0,0,PAYMENT,0
772.9966390804557,1.941144225211001,0,0,1,PAYMENT,0
229.0373718960889,1.0188831078937028,0,0,0,PAYMENT,0
5013.477550329746,0.6105090492493963,0,0,0,PAYMENT,0
3019.5292119938986,0.879303670986487,0,0,0,TRANSFER,0
1557.1116643043845,1.6272022730637734,0,0,1,PAYMENT,0
1294.7784277863802,2.0601803314907614,0,0,1,WITHDRAWAL,0
4361.760766511026,0.9016649510301387,0,0,0,TRANSFER,0
3682.4191568414017,0.5218470802824402,0,1,0,TRANSFER,0
3491.3532705961848,1.2648590735193943,0,0,0,PAYMENT,0
1731.3900462110275,1.3973627004728488,0,0,0,PAYMENT,0
773.380913738709,2.370031770276579,0,0,0,PAYMENT,0
2361.67131575587,0.6218017225660718,1,0,1,PAYMENT,1
2480.0696048950595,0.6265929962038981,0,0,0,PAYMENT,0
906.2928886065622,1.6977640799506324,1,0,0,WITHDRAWAL,0
771.8197830791763,0.751861235209638,0,0,0,WITHDRAWAL,0
3406.0661054324687,0.7299502280807785,0,0,0,PAYMENT,0
5791.323387409385,2.4058370989738647,0,1,0,PAYMENT,1
518.325912480693,0.3830062680012778,1,1,0,WITHDRAWAL,1
842.7103667684771,4.217920347138601,0,0,0,TRANSFER,0
1557.6492558239022,0.6512610040942932,0,1,0,PAYMENT,0
1783.9744615246393,1.8343861125419851,0,0,0,WITHDRAWAL,0
650.4299727649332,0.9266681471270122,0,0,1,TRANSFER,0
7212.137361210361,1.2091934890648075,0,0,1,PAYMENT,0
1672.5342423508425,0.8319769442081009,0,0,0,TRANSFER,0
1865.6847231374297,1.8213967584053956,1,0,0,WITHDRAWAL,0
6367.00255631745,0.7841721436014361,0,0,0,TRANSFER,0
699.9006348515233,0.6696081889335186,0,0,0,TRANSFER,0
1003.8201227146618,3.558500606196951,0,0,0,PAYMENT,0
313.1485789307005,1.020780864570015,0,0,0,TRANSFER,0
923.018730853869,0.6231382387754438,0,0,0,TRANSFER,0
247.41633292379822,0.352325218781996,0,0,0,PAYMENT,0
2316.5848997436806,3.6910265667226145,0,0,0,PAYMENT,0
1669.0280835114859,0.6795341673911953,0,0,0,TRANSFER,0
831.250083949102,4.23459108325919,1,0,0,TRANSFER,1
991.8543701086962,1.3220691484360627,0,0,0,WITHDRAWAL,0
2348.3457314490047,1.1051926240796155,0,0,1,WITHDRAWAL,1
352.2016613482226,1.126246777453308,0,0,0,TRANSFER,1
1345.0249841673499,4.7169653452318965,0,0,0,DEPOSIT,0
2207.265739243039,0.21555202169483179,0,0,1,PAYMENT,0
184.51410724550342,1.161879629107076,0,0,0,PAYMENT,0
2175.335111053142,0.8305704498661599,1,0,0,PAYMENT,0
205.6010286517394,0.8614266493751719,0,0,0,PAYMENT,0
974.9688445196417,1.1101757060094597,0,1,1,PAYMENT,1
342.6155235627385,0.8299598900108845,1,0,1,PAYMENT,1
4588.216104664315,1.140756304037414,0,0,0,PAYMENT,0
344.77048881663035,0.9836312250070224,0,0,0,DEPOSIT,0
210.56830883998427,0.39872204866604266,0,0,0,TRANSFER,0
1253.070403913273,1.3059832775781295,0,0,0,WITHDRAWAL,0
725.0908954127028,1.6507638434079377,0,1,0,PAYMENT,0
243.56766071468124,0.684240419749861,0,0,0,PAYMENT,0
1855.325069209348,3.697020610101753,0,0,0,PAYMENT,1
149.68018793600393,2.5469593144642957,0,0,1,PAYMENT,0
389.0699032776441,1.805371900138809,0,1,0,PAYMENT,0
616.9461417515454,1.7901054358359398,0,0,0,PAYMENT,0
2446.031983880131,1.0212913610896353,0,0,0,PAYMENT,0
4005.678935120998,2.223228621367432,0,0,0,TRANSFER,0
3303.64686319013,3.002749078128893,0,0,0,DEPOSIT,0
940.7958909646883,1.760533360656251,0,0,0,PAYMENT,0
96.8043329542526,0.6708576307454645,0,1,0,PAYMENT,0
1621.0883460691377,0.9726052269724725,0,0,1,PAYMENT,0
4772.252712755754,1.4941672423007937,1,0,0,TRANSFER,0
3766.081717800887,1.7975442589839519,0,0,0,PAYMENT,0
1742.2784850187218,0.9472103857941717,0,0,1,PAYMENT,0
333.7850542506112,0.6724913816524514,0,0,0,PAYMENT,0
648.5200990223428,3.031158504496511,0,0,1,PAYMENT,0
7584.139204162764,0.4720719822943899,0,0,0,PAYMENT,0
265.9399324265977,0.5174035081324725,0,0,0,TRANSFER,0
347.98478997455055,0.39495262157649874,0,0,1,WITHDRAWAL,0
2814.5327785930285,0.5166004259799447,0,0,0,DEPOSIT,0
712.5433519931328,2.394420918592066,0,0,1,PAYMENT,0
336.38114520634446,2.4512128173463172,0,0,0,WITHDRAWAL,0
5054.181395231413,0.9494884870064666,0,0,0,PAYMENT,0
1738.9834166113717,1.415411182029994,1,0,0,PAYMENT,0
748.5955384714516,0.9926737643277489,0,1,0,PAYMENT,0
348.7046065034901,0.4341419267555621,0,0,0,PAYMENT,0
8496.474263169983,4.7240897900960475,1,0,0,WITHDRAWAL,0
1070.143661206577,2.6177573437507324,0,1,0,WITHDRAWAL,0
4435.20032338803,1.281579861606975,0,0,0,PAYMENT,0
2680.164747623717,0.5492931848546422,1,1,0,TRANSFER,0
651.3834191462332,0.8543160565534147,0,0,0,PAYMENT,0
656.5894156557048,0.6158832356119517,0,0,0,TRANSFER,0
4657.876320048728,1.0706945699242867,0,0,0,PAYMENT,0
4733.959962582302,1.2422772934258166,1,0,0,PAYMENT,1
167.85223249591976,0.7875819535734652,0,0,0,TRANSFER,0
1900.3251098842345,0.3612847223166624,0,0,0,PAYMENT,0
971.4455260820945,4.447940989010469,0,0,0,PAYMENT,0
390.20679300117183,1.180890391241013,0,0,0,DEPOSIT,0
1424.7421012108707,1.3765968464249705,0,0,0,PAYMENT,0
284.4061178182376,0.7440205896639338,0,0,0,PAYMENT,0
687.8320160163987,0.3350726916384555,0,0,0,PAYMENT,0
493.5016820267972,0.9433571107123485,0,0,0,TRANSFER,1
665.2804864358517,0.7975143854605072,0,0,0,PAYMENT,0
1020.9833457608144,1.643246842238781,0,0,1,WITHDRAWAL,0
397.197380841448,1.8856155161449357,0,0,0,PAYMENT,0
5287.913527850337,1.7083374323819214,0,0,0,TRANSFER,0
1795.9389092584577,1.9972887485477588,0,0,0,PAYMENT,0
6598.271688757664,3.534479565717548,0,0,1,PAYMENT,1
934.4144074826612,1.3137638922779822,1,0,0,PAYMENT,0
633.4683498267258,2.1585810284885425,0,0,0,PAYMENT,0
6364.020524158068,1.4129820521634284,0,0,0,TRANSFER,1
615.1955963739149,0.26447070763857733,1,0,1,WITHDRAWAL,1
917.5508291482779,0.8974802199805998,0,0,0,WITHDRAWAL,0
2253.0663970349606,0.5447664791136607,0,0,0,TRANSFER,0
318.0708611313223,1.1758641586977496,0,0,0,PAYMENT,0
2233.431977563149,0.5748149526150205,0,0,0,PAYMENT,0
1965.1956094928435,1.5280258727381553,0,0,0,PAYMENT,0
3902.315282064065,1.987186200813258,0,0,0,PAYMENT,0
2670.5627661141584,2.3221628915482593,0,0,1,TRANSFER,0
4023.785289506741,3.1064577597943894,0,0,0,TRANSFER,0
981.9870289823217,0.30937013876989966,0,0,0,TRANSFER,0
462.81605294690235,0.43201281602101055,1,0,1,PAYMENT,1
9045.162958485067,7.7637901035353165,1,0,0,PAYMENT,0
238.246150374193,2.0272224479523935,0,0,0,DEPOSIT,0
263.3507835192412,1.1701285092372098,1,0,0,PAYMENT,1
1929.7158450373067,1.022679616144058,0,1,0,DEPOSIT,0
5569.0850091376105,0.9609795953472567,1,0,0,PAYMENT,0
1325.5077146777803,0.258302838372408,0,0,0,PAYMENT,0
2978.883067574993,0.5823810192312412,1,1,1,PAYMENT,1
149.03739871352212,0.924693159321516,0,0,0,PAYMENT,0
665.4443665146629,0.6058626838947438,0,0,0,WITHDRAWAL,0
168.35118640866028,0.6639189545308817,0,1,1,PAYMENT,0
2393.2581475994275,5.996116414346002,0,0,1,PAYMENT,0
233.40349018665617,0.8384862224030692,1,0,1,PAYMENT,0
305.5706933492012,1.2149270159200884,1,0,1,PAYMENT,0
1833.579240906898,1.1850386611555352,0,0,0,TRANSFER,0
3171.0700084599252,1.5107733152471992,0,0,0,PAYMENT,0
935.4539240707059,0.7159836581397874,0,0,0,TRANSFER,0
1939.4748200781055,2.39381151940013,0,0,0,PAYMENT,0
1877.6723309317656,1.3640981789383246,0,0,0,WITHDRAWAL,0
884.1026188369535,0.40615717587200334,0,0,0,PAYMENT,0
366.9752903765899,0.9275089829179207,0,0,0,WITHDRAWAL,0
1929.2592634066546,0.8864736970466105,0,0,0,PAYMENT,0
2024.5357434761843,0.8583736208584596,0,1,0,TRANSFER,0
2681.21251749685,1.4283326165594603,0,0,0,TRANSFER,0
1498.2700538218148,1.559410136962692,0,0,0,PAYMENT,0
340.8696296776625,1.435706636995544,0,0,0,PAYMENT,0
2187.118408899647,1.267746291787615,0,0,0,TRANSFER,0
1095.119665423809,1.0617796287043677,0,0,0,PAYMENT,0
676.7233549701339,0.22182979000370492,0,0,0,PAYMENT,0
816.7754113868339,1.7237891125576414,0,0,0,TRANSFER,1
549.9035073260936,1.40754614640799,0,0,0,PAYMENT,1
2667.3580812478313,0.5019107852700079,0,0,1,PAYMENT,0
265.5718077423284,1.2170228565361711,0,0,0,PAYMENT,0
406.0653329263662,1.573900505506445,1,0,1,PAYMENT,0
789.363650624304,2.2702113789938414,0,0,0,WITHDRAWAL,1
5506.865404928517,1.429337442845995,0,0,0,WITHDRAWAL,0
3147.238085939233,1.2524745880279995,0,0,1,PAYMENT,0
212.54616179569743,1.9401021420888742,1,0,0,PAYMENT,0
4235.883011899614,0.8068818610852614,0,0,0,WITHDRAWAL,0
4227.728867026729,1.3342939208767322,0,0,0,TRANSFER,0
338.99714108840647,0.6474075756260563,0,0,0,PAYMENT,0
88.10609641917404,2.175389426836184,1,0,0,WITHDRAWAL,0
1020.2249055936417,0.3240693379784015,0,0,0,WITHDRAWAL,0
3369.1791206559337,1.7713040414537267,0,0,0,PAYMENT,0
5384.4043453755085,1.0124734255599832,1,0,0,WITHDRAWAL,1
459.05624268590924,1.9655480877813134,0,0,0,TRANSFER,0
6323.189987533542,0.5790415401863732,0,0,1,WITHDRAWAL,0
118.1633045040608,1.065014597000703,1,0,0,PAYMENT,0
758.9602361019361,1.043354562177457,0,0,0,PAYMENT,0
722.5519574194404,1.3548875907513815,0,0,0,PAYMENT,0
3471.48253399352,0.48032449825794765,0,0,1,PAYMENT,0
4017.0475277400255,1.5610373397628836,0,0,0,PAYMENT,0
2847.576769953944,0.2746862093706259,0,0,0,PAYMENT,0
284.13513465849815,0.626573345304896,0,0,1,PAYMENT,0
2598.3165454913446,0.33490411734771175,0,0,0,WITHDRAWAL,0
1824.4648106915008,1.785598368989214,0,0,0,PAYMENT,0
206.18330737066336,1.3232509428164443,0,0,0,WITHDRAWAL,0
138.7933548489103,1.376063728601248,0,0,0,PAYMENT,0
3096.3810026850697,2.8045204936998758,0,0,0,PAYMENT,0
915.8940563886454,0.8015890824733486,1,1,0,WITHDRAWAL,1
303.3289643645065,1.5322082216360786,0,0,1,PAYMENT,0
890.5400454044145,1.0473002295960114,0,1,1,PAYMENT,1
1578.2013336210198,0.9414216164368658,0,0,0,PAYMENT,0
1009.4378526306193,2.4958717886353345,0,0,0,TRANSFER,0
232.2963313377304,4.294415915188653,0,0,0,WITHDRAWAL,0
7226.838205766828,0.7393183514389448,0,0,1,PAYMENT,0
2993.5581302108103,1.7924864139272987,1,0,0,PAYMENT,1
784.1674238074795,1.2502978949141106,0,0,0,WITHDRAWAL,0
816.4007455058155,1.2608406685085929,0,0,1,TRANSFER,0
1571.0310377014146,1.1888951260443898,0,0,1,PAYMENT,0
354.3831258331169,0.792031120782174,1,0,0,TRANSFER,0
1514.2513487066008,0.08130998992709011,0,0,0,PAYMENT,0
289.8221801853687,2.928137417543554,0,1,1,TRANSFER,1
1021.9478919922328,0.6148894328203361,0,0,0,PAYMENT,0
340.8452289290541,0.8444328997674343,0,1,1,PAYMENT,0
358.49546774029864,0.8570962725356068,0,0,0,PAYMENT,0
5685.77439199764,0.5777220690915974,0,0,0,WITHDRAWAL,0
1163.5441109155101,1.1831354782929706,0,0,1,WITHDRAWAL,0
1349.3880675890211,0.9694574394033226,0,0,1,PAYMENT,0
146.73381146386095,0.6055760136753631,1,0,0,PAYMENT,0
603.6522224626319,1.1101680626499066,0,0,1,PAYMENT,0
1739.2549636536958,0.9771328242335063,0,0,0,PAYMENT,0
1331.5996807444578,1.9145584083927425,0,0,1,TRANSFER,0
127.2266547209169,0.3913050080414899,0,0,0,TRANSFER,0
1349.0257127911877,0.5690582231904109,0,0,1,PAYMENT,0
1582.1798127794839,1.6614792625718695,0,0,0,PAYMENT,0
3959.060379535904,0.6390196586203399,0,1,0,PAYMENT,0
569.5057509393696,0.5313248982278005,0,0,0,PAYMENT,0
116.50466089225706,0.6615275432644087,0,0,0,TRANSFER,0
404.73367094851096,0.9317552540973463,0,1,0,TRANSFER,0
366.1104124000918,0.9342368788962031,1,1,0,TRANSFER,1
2290.9202638805655,0.8633190950854871,0,0,1,TRANSFER,0
72.47657539148184,0.48675439576942625,0,0,0,WITHDRAWAL,0
700.3943544595359,1.7180866332197158,0,0,0,TRANSFER,0
4563.273298345474,2.5303403859232803,0,0,0,WITHDRAWAL,0
1104.5711762439626,0.26255358604464496,0,0,0,PAYMENT,0
2687.366014642641,0.3370653561746378,1,0,0,PAYMENT,0
212.34273981170813,2.0177840056697254,0,0,0,PAYMENT,0
220.9663631060596,3.000735539464704,0,0,0,PAYMENT,0
4615.809130764375,0.22527682939084867,0,0,0,TRANSFER,0
1213.440953243292,1.769692054419098,0,0,0,TRANSFER,0
1215.9419977979396,3.1472086606703913,0,0,0,PAYMENT,0
358.4707876896629,0.5467910260190384,1,0,0,PAYMENT,1
1212.914874654581,3.021542549080025,0,0,0,PAYMENT,0
348.64786556875237,0.8828535063493189,0,0,0,PAYMENT,0
3593.4587180988897,1.2463832575538345,0,0,0,TRANSFER,0
16778.11621258077,0.6044336831838631,0,0,1,PAYMENT,0
1779.2390531730505,2.015203067456565,0,0,0,PAYMENT,0
581.1759869640399,1.7934057797698961,0,0,0,PAYMENT,0
87.03772710173352,3.344430914830388,0,0,0,DEPOSIT,0
203.4735224196755,2.741280531190574,0,0,0,WITHDRAWAL,0
5191.935477564468,0.9936154375349375,0,0,0,PAYMENT,0
391.82219657612853,8.809802576096173,0,0,0,PAYMENT,0
756.850026569154,2.5742413103168165,0,0,0,WITHDRAWAL,0
2111.8634208547433,1.4598901957944075,0,0,0,WITHDRAWAL,0
4828.493529596183,0.4975754486234378,0,0,0,TRANSFER,0
898.2182499769461,0.34265782981018456,0,0,0,TRANSFER,0
731.6725884295314,0.36366596910503346,0,0,0,TRANSFER,0
1178.0561498825627,0.5201875596283897,0,0,0,TRANSFER,0
585.4391113553771,2.622457510166094,0,1,0,WITHDRAWAL,0
617.809894901539,1.4063001370329744,0,0,0,TRANSFER,0
1655.5360249768107,0.6509247542275591,0,0,0,TRANSFER,0
1319.8739489942618,0.9092744477765351,0,0,0,WITHDRAWAL,0
9242.847670087902,0.834917399274097,0,0,0,WITHDRAWAL,0
1700.7911712513214,1.7507345966420003,0,0,0,PAYMENT,0
3467.3488060963973,0.5405552463541742,0,0,0,DEPOSIT,0
375.6713993095317,1.2773408681416223,0,0,0,PAYMENT,0
1854.104835362761,1.2337521361130654,0,0,0,PAYMENT,0
532.1996247221508,0.5519997933301366,1,0,1,PAYMENT,0
1628.5629241436109,3.0392300808009525,0,0,0,PAYMENT,0
2183.1293281669336,0.8131010824011929,0,0,0,PAYMENT,0
1152.7075483590631,0.4991118364551708,1,0,0,DEPOSIT,0
12177.262002758336,1.8166896760894318,0,0,1,PAYMENT,0
4573.251729772891,1.0388838378689695,0,0,0,WITHDRAWAL,0
3559.0371822022066,1.3309591115738326,0,0,0,PAYMENT,0
2354.9768879538237,0.4363651613483145,0,0,0,PAYMENT,0
6395.569843658079,1.7659545684111928,0,0,1,PAYMENT,1
260.6114765138129,4.575426210563463,1,0,0,PAYMENT,0
4316.858069885492,0.41313386473597485,0,0,0,DEPOSIT,0
406.97659921380705,1.281390945621001,0,0,0,PAYMENT,0
623.6946345822029,0.5771132333549351,0,0,0,PAYMENT,0
1922.5206529168267,6.571382534030454,0,1,0,WITHDRAWAL,0
3763.9347508932774,2.381529038869636,0,1,0,PAYMENT,1
345.9946693091329,1.2183227772363157,1,0,0,PAYMENT,0
656.8496324312781,0.4233706539659942,0,0,0,PAYMENT,0
1208.9797154309695,0.5014560801705323,0,0,0,TRANSFER,1
910.1723664942147,1.6860561352888241,0,0,1,PAYMENT,0
2576.1003990086538,0.38529556481710714,0,0,0,TRANSFER,0
34061.65746013979,0.3938521510229092,0,0,0,WITHDRAWAL,0
1667.9001325025715,1.0062010329075266,0,0,0,PAYMENT,0
525.7383007494209,1.0978916608465321,0,0,0,TRANSFER,0
299.91277109536946,1.3047637436494897,0,0,0,WITHDRAWAL,0
792.1462916323967,0.7351595647213648,0,0,0,PAYMENT,0
428.26840519595436,1.9042773300321079,1,0,0,PAYMENT,0
1750.3127968027413,0.5470197894376952,0,0,1,TRANSFER,0
1723.3435991741708,1.55061410228546,0,0,0,TRANSFER,0
690.0967433212255,1.161700029658661,0,0,0,PAYMENT,0
7982.085632753015,1.5226532311026018,0,0,1,WITHDRAWAL,0
525.6064195019517,2.287360737076855,0,0,0,PAYMENT,0
973.1798755925759,0.727069911590562,0,0,0,PAYMENT,0
2078.0031050136004,0.6295473107323479,0,0,0,PAYMENT,0
2675.9370412087287,0.3067029377571406,0,0,0,WITHDRAWAL,0
3934.6472851306185,0.24333858120463253,0,0,0,PAYMENT,0
1683.274830759727,0.8841028202143119,0,0,0,TRANSFER,0
3136.6564940863523,0.9274967239754461,0,0,0,WITHDRAWAL,0
563.9084005704894,0.46754569731611634,0,0,0,PAYMENT,0
2746.4980982353663,0.5434759683271098,0,0,0,PAYMENT,0
2710.0683911889564,2.9049544203360935,0,0,0,WITHDRAWAL,0
4978.513715414984,1.84612315101006,1,0,0,PAYMENT,0
206.76109736995474,0.4134888158914342,0,0,0,PAYMENT,0
442.66659718157905,0.7337083770521315,0,0,0,TRANSFER,0
2497.7384198438313,1.3287011473918828,1,0,1,TRANSFER,1
77.37281721347291,0.6449930631487233,0,0,0,PAYMENT,0
1793.646852081327,0.5677428334577224,0,0,1,WITHDRAWAL,0
3164.671143053535,0.7891711601488782,1,0,1,TRANSFER,1
616.2327619369522,2.145693091423229,0,0,0,PAYMENT,0
713.2343156583636,2.2864054498001463,1,0,1,PAYMENT,0
374.6014469889851,0.5976124736610419,0,0,0,TRANSFER,0
650.9630490257922,1.380417191611836,0,0,0,PAYMENT,0
670.1030443108297,0.9955218300247237,0,0,0,PAYMENT,0
553.9966974979495,0.4937308023988417,0,0,0,PAYMENT,0
524.4351728584468,0.8122458942148789,0,0,0,TRANSFER,0
836.3065354793231,0.4127290594880785,0,0,0,PAYMENT,0
826.2485897395115,2.257230605343744,0,0,0,PAYMENT,0
7144.741423535736,2.9645653551785607,1,0,0,TRANSFER,1
739.3821144116346,0.7502107161077471,1,0,1,DEPOSIT,0
1547.1196892421276,0.6348569895372,1,0,0,PAYMENT,1
615.9199683133219,2.0921999213886817,0,0,0,TRANSFER,0
608.1394560439307,2.342700347496021,0,0,0,PAYMENT,0
199.46314097992357,0.45836568191121346,0,0,0,PAYMENT,0
227.83774985536417,0.9015576691875146,0,1,1,PAYMENT,0
327.99610074699416,0.9595826088534563,1,0,0,WITHDRAWAL,0
1317.7708456847495,0.5830144009035346,0,0,0,PAYMENT,0
3216.9006864555704,1.3102096805081742,0,0,0,WITHDRAWAL,0
183.7057831293096,0.6126498370522243,0,0,0,PAYMENT,0
633.2866724233071,0.6851054426093585,0,0,0,TRANSFER,0
279.52990755622864,0.9315178645304345,0,0,0,PAYMENT,0
841.9519161205212,0.3526272963375242,0,0,0,TRANSFER,0
3215.6008014991567,0.23704215392901845,0,0,0,DEPOSIT,0
701.4275379856995,1.9017806978237772,0,0,1,DEPOSIT,0
1045.7431163502697,0.5955760667677727,0,0,0,WITHDRAWAL,0
4699.579879640407,4.456683404475354,0,0,0,PAYMENT,0
1733.5054871998225,3.97604078905582,0,0,0,TRANSFER,0
512.8114040689555,0.7014995399819031,0,0,0,DEPOSIT,0
1285.5157592079304,5.14146005697654,0,0,0,PAYMENT,0
479.35957227153347,1.9276510141989647,0,1,0,PAYMENT,0
1669.838197071968,0.636532588949711,1,1,0,PAYMENT,1
1835.9918902082165,0.16409859908715152,0,0,0,TRANSFER,0
279.4547265974252,1.618837981217862,0,0,0,PAYMENT,0
1306.555308484064,1.0221488351257353,0,0,0,PAYMENT,0
974.9895392871937,1.3524978066283049,0,0,0,PAYMENT,0
1890.652709114014,0.8519858812839339,0,1,1,TRANSFER,1
2518.319394347557,0.44901461061719644,0,0,1,PAYMENT,0
1767.726619257181,0.7416197265521715,0,0,0,WITHDRAWAL,0
809.8156641308623,1.639917769715289,0,0,0,TRANSFER,0
2788.697781472147,0.7803109716393731,0,0,1,PAYMENT,0
458.031163185761,0.7770174271202454,0,1,0,TRANSFER,0
292.79655216659097,0.34522083625615557,0,0,0,PAYMENT,0
44.91237258339859,1.065922197099608,0,0,0,TRANSFER,0
1022.3498674766441,0.45916192238920206,0,1,0,WITHDRAWAL,0
482.24561575049955,1.9021186422158982,0,0,1,PAYMENT,1
1632.3149093581346,0.5981757749609006,0,0,0,PAYMENT,0
152.74541877602556,0.8130254522473752,0,0,0,PAYMENT,1
574.110248882719,4.548459007925022,0,0,0,TRANSFER,0
1755.0803281260255,0.8068625431490621,0,0,0,PAYMENT,0
391.56982563929836,0.7346196686665963,0,0,0,TRANSFER,0
1651.1986349958245,1.5067204329555048,0,1,0,PAYMENT,1
628.2746457937185,0.2865955583162478,0,0,1,WITHDRAWAL,0
1061.2382760056153,2.4002347024139032,0,0,0,PAYMENT,0
1988.544029395319,2.0052285221911204,0,0,0,TRANSFER,0
2843.5172213358605,1.4435656826085257,0,1,0,PAYMENT,1
1202.9021944772273,0.0940462830107004,0,0,0,PAYMENT,0
485.8936171183201,0.833944697367392,0,1,0,PAYMENT,0
693.6455794475725,0.41024269384412415,0,0,0,TRANSFER,0
2073.421381421467,2.196521008168839,0,0,0,DEPOSIT,0
394.9449612232985,2.0892241168177277,0,0,0,PAYMENT,0
917.7576916792428,1.3120711547852817,0,0,0,WITHDRAWAL,0
745.5453034983223,0.43077135090103086,0,0,1,PAYMENT,0
988.9445038797768,2.846260272054063,0,0,0,DEPOSIT,0
399.7012810538808,0.832282962091551,0,0,0,PAYMENT,0
172.09654849517577,3.5387011280286838,0,0,0,PAYMENT,0
1845.9376079099823,1.2041464152021961,0,0,0,TRANSFER,0
2875.930127415611,1.4258464155931982,0,0,0,PAYMENT,0
182.69626914293096,0.7245437959196922,0,0,0,DEPOSIT,0
1585.9298349001451,2.6774608582014348,0,0,0,WITHDRAWAL,0
3239.52798601614,1.5309733643988974,0,0,0,PAYMENT,0
1990.0420472413393,2.745667417522127,0,0,0,PAYMENT,0
722.9425954754306,1.1323315651651773,0,0,0,PAYMENT,0
426.88029325045557,0.9676091329942498,0,0,0,PAYMENT,0
1189.131014399423,1.5167821951636993,0,0,0,TRANSFER,0
1404.9894303358008,2.744992537459599,0,0,0,PAYMENT,0
1206.8965525337508,2.0374805397970577,0,0,0,PAYMENT,0
915.8616992124183,1.1015922850547877,0,0,0,PAYMENT,0
371.42548892704156,0.27251736140249916,0,0,0,WITHDRAWAL,0
1673.5263924033889,1.763446667039597,1,1,0,PAYMENT,1
1756.1066279408217,0.36527917373131275,0,0,0,TRANSFER,0
1340.5323973081584,1.0248067203593993,0,1,0,TRANSFER,1
1225.364518786734,0.9221601876872231,0,0,1,PAYMENT,1
5879.632199001859,0.37067191337696415,0,1,0,TRANSFER,1
587.350188631423,1.2979059563364863,0,0,0,PAYMENT,0
3949.858748793498,4.517787659438589,0,0,0,TRANSFER,0
526.3548109035298,0.8034632182017314,1,0,0,PAYMENT,0
3324.0878112049863,1.7093544142250727,0,0,1,PAYMENT,0
3764.4895376798754,5.201686433374848,1,0,0,DEPOSIT,0
818.0707273337117,1.829109530928033,0,0,0,PAYMENT,0
5773.091785656067,0.6367422633830568,0,0,0,PAYMENT,0
1752.9158612182398,1.1804672766895645,0,0,0,PAYMENT,0
456.10705826677867,1.4001034519994981,0,0,0,TRANSFER,0
754.340159059034,2.7282740503956053,0,0,0,TRANSFER,0
3404.190004373798,2.3392613998311154,0,1,0,PAYMENT,1
2760.2173396935477,0.1438594449321834,0,0,0,PAYMENT,0
380.68017945890085,0.5491722213707554,0,0,0,WITHDRAWAL,0
954.075384586869,0.9521633185272065,0,0,1,TRANSFER,1
1344.1578777880675,0.4912997032701925,0,0,0,WITHDRAWAL,0
660.102688084276,0.0750152321027486,0,0,0,PAYMENT,0
11588.86176769977,0.6017381221098824,1,0,0,PAYMENT,0
1385.2885598817272,0.9974757660086974,0,0,0,PAYMENT,0
1030.9003329751986,0.6923253478724949,0,0,0,PAYMENT,0
3607.7913304111357,0.49764899561224557,1,0,0,TRANSFER,0
761.1165235749808,1.0294505747511173,0,0,1,WITHDRAWAL,0
3003.181815033607,1.2714547567616457,0,0,0,TRANSFER,0
206.90662497485977,0.7203500678561267,0,0,0,PAYMENT,0
696.6937657600749,2.6122728750496162,0,0,0,TRANSFER,0
3130.8832066445634,1.0412272766501085,0,1,0,PAYMENT,0
5272.17210412454,0.5433185033094552,0,0,0,PAYMENT,0
506.08482166811814,0.4551282072051088,0,0,0,PAYMENT,0
450.4190464476294,0.8615011722723542,0,1,0,TRANSFER,1
1934.1948687436343,2.180151691149306,0,0,0,TRANSFER,0
588.1406412410034,0.5618153193217114,0,0,0,DEPOSIT,0
838.3386051075332,1.5175779936832894,0,1,0,PAYMENT,0
2634.3849673003206,1.068429525381646,0,0,0,PAYMENT,0
636.4448817339418,4.036036227952068,0,0,1,PAYMENT,1
153.63416870240695,1.3141315438969317,0,0,0,WITHDRAWAL,0
298.5434741866263,0.6133875233892521,0,1,0,PAYMENT,1
1107.6053103161698,1.6744063258710842,0,0,0,PAYMENT,0
170.13238197840482,1.7143181024107954,0,0,0,PAYMENT,0
814.7159971060959,0.7573667167181677,0,0,0,WITHDRAWAL,0
272.5721865399531,0.44272919535116134,0,0,0,PAYMENT,0
5652.985020645652,1.4553182916663479,0,0,0,PAYMENT,0
9558.084260139707,1.04546380944047,0,1,1,TRANSFER,1
380.6205311818624,0.34590709061545555,0,0,0,TRANSFER,1
1417.6540118541595,1.1950221243271995,0,0,0,TRANSFER,0
419.7235448498135,0.6402509765661678,0,1,0,PAYMENT,0
804.8729170563332,0.3461367228248347,0,0,1,PAYMENT,1
6657.300346351134,0.7815458666030966,0,0,0,PAYMENT,0
687.6716370501557,2.4547946544627965,0,0,0,DEPOSIT,0
823.8286322933999,2.3294753022755685,0,1,1,PAYMENT,0
427.2933299513283,1.9400746881977218,0,1,0,PAYMENT,0
3450.2065495388824,1.207392436488911,0,0,0,PAYMENT,0
41.96069293097441,1.5174905890967099,0,0,0,PAYMENT,0
704.2987862928387,1.0714910756241438,0,0,0,PAYMENT,0
1047.4499873304503,0.46137893982798345,0,0,0,WITHDRAWAL,0
566.1860136009929,0.5305445594847931,0,0,0,WITHDRAWAL,0
2600.724938722007,0.653752363776393,0,0,0,PAYMENT,0
3648.339034521236,2.6669922882354404,0,0,1,WITHDRAWAL,0
267.19012592882314,2.12481239077404,1,0,0,PAYMENT,0
8897.153328002345,0.46958108308012214,0,0,0,PAYMENT,0
264.2091899759212,1.0380809630548113,0,0,0,PAYMENT,0
3978.382790574129,0.7544056940335119,0,1,0,PAYMENT,0
1273.8864437633083,0.8971157558217087,0,0,0,PAYMENT,0
662.684429245889,0.6871312388036404,1,0,0,TRANSFER,1
728.2417522401295,2.675092972889591,0,0,0,WITHDRAWAL,0
1060.4909172116088,0.9868526161136816,0,0,1,WITHDRAWAL,0
1350.7534972848514,1.1633569674749316,0,0,0,PAYMENT,0
436.96174386848935,1.169973085025468,0,1,0,TRANSFER,0
867.8857159341635,0.48702534093815003,0,0,0,WITHDRAWAL,0
507.41396886720526,1.07894918268385,0,0,0,PAYMENT,0
325.36592529135766,2.1035402849398954,0,0,0,TRANSFER,0
484.29212928472987,2.8035422021177614,0,0,0,TRANSFER,1
347.2431889907417,0.4477722808798837,0,0,0,PAYMENT,0
720.4277171650997,0.34541079291608157,1,0,1,TRANSFER,1
1689.9849549286605,1.044453942758708,0,0,0,PAYMENT,0
1237.3290632291046,2.1737011266677833,0,0,0,PAYMENT,0
7897.841526751317,1.286232648389039,0,0,1,DEPOSIT,0
120.2468828350319,1.6099566501413984,0,0,0,PAYMENT,0
1753.4507214400912,0.38590104031216516,0,0,0,DEPOSIT,0
1103.6964546404183,0.6700578419940911,0,0,1,TRANSFER,0
2479.1482742589915,0.2149653097108236,0,1,1,PAYMENT,0
2245.0098873027246,0.9050712270358622,0,0,0,PAYMENT,0
929.8360217153805,0.21981838229585773,0,0,0,TRANSFER,0
1303.2954336619612,2.5417763609187576,0,0,0,PAYMENT,0
521.0941768267198,2.9694448838075296,0,0,1,PAYMENT,0
2025.7190022382533,1.1034597204786416,1,1,1,PAYMENT,1
167.5235515881378,0.3468713991463915,0,0,0,DEPOSIT,0
2384.6948237809033,1.300825233069235,0,0,0,PAYMENT,0
1071.5125803949038,3.6744107913362662,1,0,0,PAYMENT,0
673.8031205073994,1.395168016255265,0,0,0,TRANSFER,0
869.1074804713717,2.2921466800670265,0,0,0,TRANSFER,0
935.2405467122674,0.7120438957136168,0,0,0,PAYMENT,0
4013.03768310404,0.5434339899214419,0,0,0,PAYMENT,0
27819.5325659184,0.9516067508070746,0,0,0,PAYMENT,0
3714.0225894996297,0.25957911490224156,0,0,1,PAYMENT,1
623.0795592656634,4.878618048219191,1,0,0,PAYMENT,0
2058.6008341301094,1.1026926282037108,0,0,1,TRANSFER,0
2150.2280087012878,1.8344433207761843,0,0,0,PAYMENT,0
434.7796180562624,0.7239333347740345,1,0,1,TRANSFER,1
310.8158774015742,0.33954103889173626,0,0,0,PAYMENT,0
1029.3873218482483,2.713041638900439,1,1,0,PAYMENT,1
2459.485849223933,0.45526746530963685,1,1,0,DEPOSIT,1
218.80736533690774,1.2765832008953646,1,1,0,WITHDRAWAL,1
533.3096073468654,1.3636424176767714,0,0,0,TRANSFER,0
1944.289140898281,1.053129189357095,0,0,0,TRANSFER,1
1143.3566138706678,0.5774063782414641,0,0,0,TRANSFER,1
4520.0286920237495,0.9005563266387655,0,0,1,PAYMENT,0
267.3697537585454,0.5142552310904345,0,1,0,TRANSFER,1
11523.744599241994,1.7619556990794725,0,0,0,PAYMENT,1
235.56986978304258,1.4919482993168185,0,0,0,WITHDRAWAL,0
144.14738472286282,0.9851299641950986,0,0,0,PAYMENT,0
1033.893674526146,0.6717654513009845,1,0,0,TRANSFER,0
352.67292585157026,4.371571388089797,0,0,0,PAYMENT,0
1054.945447407895,0.40194308085239305,0,0,0,PAYMENT,0
1018.6903605452214,0.33917836219337716,0,0,0,PAYMENT,0
901.6494317256081,0.9442123543999468,0,1,0,PAYMENT,0
472.28799943507545,0.8347415453264735,0,0,0,TRANSFER,1
1690.291287579955,2.156114411782139,0,0,0,TRANSFER,0
798.4424442602477,1.5718944035910787,0,0,0,PAYMENT,0
3306.564026495702,1.0208829712182352,0,0,0,PAYMENT,0
915.6440958022936,1.4194031239110565,0,0,1,TRANSFER,0
417.94614191644433,1.4014620649245177,0,0,0,PAYMENT,0
202.81402946719686,4.360076940580476,0,0,0,WITHDRAWAL,1
923.2412428481331,1.19405415912969,0,0,0,TRANSFER,0
308.2143334058602,0.6207952305593503,0,0,0,TRANSFER,0
284.302310611659,1.1490675298784654,0,0,0,DEPOSIT,1
1858.3742198793755,0.1599209594430498,0,1,0,PAYMENT,0
185.3655717666864,0.9774058792270799,0,0,0,PAYMENT,0
4501.623454359736,2.1491829137165714,0,0,1,TRANSFER,0
1286.5459966370142,1.5242902367733657,0,1,0,TRANSFER,0
1049.592601170239,1.232431725849366,0,0,0,TRANSFER,0
389.6442173095433,1.5753341506207943,0,0,0,WITHDRAWAL,0
2355.179669550046,2.1646952326663698,0,0,0,PAYMENT,0
1093.4521344911363,2.71193766547932,0,0,0,WITHDRAWAL,0
552.1961665101146,1.367821229133042,0,0,0,TRANSFER,1
1339.1959782764527,0.8014938306968201,0,0,0,TRANSFER,1
203.81537194443035,0.19800452532107296,0,1,0,PAYMENT,0
213.72130826133917,1.9832192315139803,0,0,0,PAYMENT,0
357.74266486305885,1.4342495625866452,0,0,0,WITHDRAWAL,0
1555.4610371916172,1.1127802809513905,0,0,0,WITHDRAWAL,0
1093.0657896688622,0.6177718610009962,0,0,0,PAYMENT,0
3130.597830813115,1.9652243313429831,0,0,1,PAYMENT,0
437.0336296394888,0.8352155046080151,0,0,0,PAYMENT,1
1948.2130376795142,0.9761925006621407,0,0,0,PAYMENT,0
978.606330338927,0.9615660587955587,0,0,0,PAYMENT,0
427.0729344251327,1.3701170891431829,0,0,0,WITHDRAWAL,0
1612.1237219535326,0.4475162595572782,0,1,0,PAYMENT,0
1026.579972901233,1.4825836916300383,1,1,1,PAYMENT,1
584.5724970745084,0.6037338343572025,0,0,0,TRANSFER,0
1143.6716221321765,0.6187446603774959,0,0,0,TRANSFER,1
963.4008861997816,1.8583110420383167,0,1,1,TRANSFER,0
940.4062205940886,0.49831646954952746,0,0,0,PAYMENT,0
725.8960698417019,1.8559741021938816,0,0,1,PAYMENT,0
297.3920973186826,1.0735347486404463,0,1,0,PAYMENT,0
1181.7662447089406,0.3154378124954447,0,0,0,TRANSFER,0
491.4133496478351,2.59901647899406,0,0,0,DEPOSIT,0
395.3103419949498,1.242564773332336,0,0,0,TRANSFER,0
862.0386919397914,1.317700413169959,0,0,1,TRANSFER,0
2284.7834855867745,2.023987584789921,0,0,0,WITHDRAWAL,0
1320.2990034456275,2.856092755005851,0,0,0,PAYMENT,0
644.7468709590897,1.1511009443771123,0,0,0,PAYMENT,0
619.3397195763852,1.5404908905769794,0,1,0,PAYMENT,0
2071.054676764436,1.2967098236542207,0,0,1,WITHDRAWAL,0
99.80958597443293,0.7866220442179575,0,0,0,PAYMENT,0
2434.179430510325,0.3300848910404035,1,0,0,TRANSFER,0
168.33974433991833,1.1623518870500391,0,0,0,PAYMENT,0
266.2916380069433,2.6254609521620083,0,0,0,TRANSFER,0
655.7201968330882,1.5043081241877194,0,0,0,PAYMENT,0
9605.817110283613,0.4736928165687254,0,0,0,PAYMENT,0
5868.881561581941,2.1560224244671136,0,0,0,PAYMENT,0
2222.7217908050643,0.8052287372288159,0,0,0,PAYMENT,0
1566.4111316912354,0.2312124924058178,0,0,0,PAYMENT,0
170.32749618699754,2.0391492175130055,0,0,0,PAYMENT,1
1282.7457323730503,0.5159391551314504,0,0,0,PAYMENT,0
633.1950315733769,3.4781824093642597,0,0,0,PAYMENT,0
484.6033233957017,2.233213055245243,0,0,0,WITHDRAWAL,0
1280.240320875456,0.8526045043717171,0,1,0,PAYMENT,0
684.6378350928685,1.3792665771091304,0,0,1,PAYMENT,0
2615.732745805307,5.456147725477253,0,0,1,PAYMENT,0
158.2292977224571,2.013762628219212,0,0,0,PAYMENT,0
1182.0570025915338,1.1814470696363901,0,0,0,TRANSFER,0
455.27552106439003,7.5564975510623,0,0,0,WITHDRAWAL,0
728.0459549125761,1.0857887785107867,0,0,0,PAYMENT,0
1487.1642824536036,1.5027103433686073,1,0,0,TRANSFER,0
358.7738111410693,0.5192606882919952,0,0,0,TRANSFER,0
1292.3688604651554,0.3096529248691349,0,0,0,TRANSFER,0
886.8375275527019,0.8175349667326156,0,1,0,WITHDRAWAL,1
566.4637759503335,1.0272503392766739,0,1,0,PAYMENT,1
685.0059428986755,1.2592099608225054,0,0,0,PAYMENT,0
939.5942271419405,0.3701526715121342,0,0,0,PAYMENT,0
508.85519528266474,1.5879947003091428,0,0,0,PAYMENT,0
1104.4408583315371,0.559187821445531,0,0,0,PAYMENT,0
830.330138000807,1.5312954118294417,0,0,0,WITHDRAWAL,0
595.0928613911732,1.9240811670893414,0,0,0,PAYMENT,0
5376.765337211422,0.7581633895766872,0,0,0,WITHDRAWAL,0
1661.107657795941,0.5093228133333483,1,1,0,PAYMENT,1
747.9138274372127,2.9463128939764074,0,0,0,WITHDRAWAL,0
1268.842606948472,1.8423436169469098,0,0,0,PAYMENT,0
392.7525866956647,1.1122482682160533,0,1,0,PAYMENT,1
708.5555018770641,2.79518818800798,0,0,0,TRANSFER,0
796.2574391400211,1.0600151566867768,0,0,0,PAYMENT,0
315.19960036018847,0.6476822569270764,0,0,0,WITHDRAWAL,0
1615.426113129801,0.4959940020056201,0,0,1,PAYMENT,1
661.4188480781872,0.9273173837260024,0,0,0,PAYMENT,0
768.5712967246094,1.716357537564864,0,0,0,TRANSFER,0
620.9683664094372,2.6454242530475396,0,0,0,PAYMENT,0
21143.558821488925,1.0165933160736516,0,0,0,TRANSFER,0
565.315990383775,2.3377465429882465,0,0,0,PAYMENT,0
138.56271598275293,0.8607177867862229,0,0,0,TRANSFER,0
221.42147878272965,0.5786146233630393,0,0,0,TRANSFER,0
2343.2698920949906,0.40074928820138744,0,0,0,DEPOSIT,0
4173.259614960533,0.7016167433820396,0,1,0,PAYMENT,0
554.5754181468507,0.4114531162171076,0,0,1,PAYMENT,0
3940.0538497013204,4.08229014844386,0,0,0,PAYMENT,0
2302.129860773494,1.360031006542723,0,0,0,TRANSFER,0
907.3423835481349,0.9352602984113715,0,0,0,PAYMENT,0
845.1834600099281,3.3380981666901945,1,0,0,WITHDRAWAL,0
1314.0512829663348,0.4018858611040504,0,1,0,DEPOSIT,0
2637.154627138832,0.9084640295802728,0,0,0,DEPOSIT,0
1631.5643632293688,4.0542740857786965,0,0,1,PAYMENT,0
557.3490465787727,0.9040882020525522,0,0,0,PAYMENT,0
921.3066673421403,5.544295963227056,1,0,1,PAYMENT,0
7952.673613706898,1.7331202342961203,0,0,0,WITHDRAWAL,0
1409.8150397651775,2.4946492447209816,0,0,0,TRANSFER,0
2615.800444234978,2.5457527350248546,0,0,1,PAYMENT,0
1881.6136031609024,1.0011223515392462,0,0,1,PAYMENT,0
1441.3821289234986,0.710527117622535,1,0,0,WITHDRAWAL,0
1222.5558434446536,0.9223705630985105,0,0,0,PAYMENT,0
2690.2532827647083,0.5011485312275844,0,0,0,TRANSFER,0
2249.9026673578032,0.954875781909031,0,0,0,TRANSFER,0
1427.8048558749422,0.996920516893635,0,1,1,PAYMENT,0
547.9792791440008,3.2624044886915806,0,0,0,PAYMENT,0
1612.5286332208705,1.5148145125559789,0,0,0,WITHDRAWAL,0
1025.5579280490247,5.226972771164497,0,0,0,PAYMENT,0
805.726285482253,0.2205389692647961,0,0,0,TRANSFER,0
15974.931239280304,0.42659056495968545,0,0,0,WITHDRAWAL,0
235.3205653089542,0.7797813420015509,0,0,0,PAYMENT,0
2859.8168378620016,2.8426767469356475,1,0,0,PAYMENT,0
462.8157634339059,0.9261639203382922,0,0,0,TRANSFER,0
1250.3708788183699,0.35790818750505654,0,0,0,PAYMENT,0
14308.191996209114,0.8423268936840511,0,0,0,PAYMENT,0
418.8994877790061,0.4324369340671081,0,0,0,PAYMENT,0
531.7254821536281,0.37698946444084697,0,0,0,DEPOSIT,0
1077.5942216573121,4.051873927916993,1,0,0,TRANSFER,1
470.0236639980393,0.7818235473472378,0,0,1,PAYMENT,0
2654.6188152030477,1.128858566378363,0,1,0,PAYMENT,0
642.5666610128956,0.9370023928443681,0,0,0,WITHDRAWAL,0
2109.085331171439,0.8385786218591013,0,0,0,WITHDRAWAL,0
290.2698095482348,0.5551800948757174,0,0,0,PAYMENT,0
180.038100483785,0.8045724803717859,0,0,0,TRANSFER,0
872.196742895793,1.2662564051976584,0,0,0,PAYMENT,0
228.48993516870257,2.6994410105457636,0,0,1,PAYMENT,0
5005.381500724727,1.9410031859619141,0,0,0,WITHDRAWAL,0
237.50686053128405,0.42598683871784604,0,0,0,PAYMENT,0
388.5078254484534,1.9976524032930558,0,0,0,PAYMENT,0
1658.4187804134194,1.3948775143278227,0,0,0,PAYMENT,0
610.1080361560171,0.6457746336217712,0,0,0,PAYMENT,0
240.23365929898407,1.1359484801962383,0,0,1,DEPOSIT,0
8433.474795459375,1.4927215963873806,1,0,1,PAYMENT,0
402.77020840096276,1.0334854932099076,0,0,0,TRANSFER,0
901.2135036327286,1.3995773999991417,0,0,1,TRANSFER,0
889.6316315336995,0.5465848559142436,0,0,0,TRANSFER,0
2231.231941314269,4.034903682675949,0,0,0,TRANSFER,1
1741.2394403555456,0.2591108516278432,0,0,1,TRANSFER,0
479.7182547364688,1.498546826691474,0,0,1,PAYMENT,0
791.6922812629236,1.2927017707409758,0,1,0,PAYMENT,1
873.9975447649635,1.5684068758495555,0,0,0,DEPOSIT,0
2319.1580706139466,0.6090473607986252,0,0,0,PAYMENT,0
340.9303094018858,2.2669559034425406,0,1,0,PAYMENT,0
8251.172222044388,0.9271995454697747,0,0,0,PAYMENT,0
513.2774886823506,0.43589649641937384,0,0,0,PAYMENT,0
1087.0801323783157,0.4646981277730284,0,0,0,PAYMENT,0
343.7829710994305,1.0912169574662385,0,0,0,PAYMENT,0
299.41811915057946,0.32707523227636887,0,1,0,PAYMENT,0
457.40608772974383,3.5266703719526635,0,1,0,TRANSFER,0
415.4975768277867,2.0839078319047,1,0,0,DEPOSIT,0
724.6892743236549,3.5922941040070304,0,0,1,PAYMENT,0
412.00478824515824,3.336747207155121,0,0,0,DEPOSIT,0
2198.5479996563267,0.7816606958573122,0,0,0,PAYMENT,1
501.2054539175214,0.5441498427324793,0,0,0,PAYMENT,0
448.6237245969687,0.15344073503031475,0,0,0,PAYMENT,0
740.2819564687455,0.7524927722225697,0,0,0,TRANSFER,0
2959.687237404324,3.4416706208210397,0,0,0,DEPOSIT,0
1359.5053150271292,0.5601809288243419,0,0,0,PAYMENT,0
992.5828350761093,0.8633417219973439,0,0,0,TRANSFER,0
261.63626300642716,0.6782772343767225,0,0,0,TRANSFER,0
349.7755070051554,1.3001720573603301,0,0,0,PAYMENT,0
305.3901257151354,2.460240917150331,0,0,1,PAYMENT,0
4051.535498473016,0.34046347350488065,0,0,1,PAYMENT,0
1864.1549568202388,0.3892851435149089,0,1,0,PAYMENT,1
463.30217689114346,2.831011384499522,1,0,0,WITHDRAWAL,0
623.6743493944567,1.670539807322599,0,0,0,PAYMENT,0
480.4435903782299,0.8339628742150351,0,0,0,WITHDRAWAL,0
452.2064320369898,3.3034188038111387,0,0,0,TRANSFER,0
1737.6710718591394,0.384612009458849,1,0,0,PAYMENT,0
822.5948369009717,1.9190867922075119,0,0,0,PAYMENT,0
8788.222434063535,0.953356201816356,0,0,1,TRANSFER,0
3829.0033428704846,1.5289491742275236,0,0,0,TRANSFER,0
4062.201473398135,0.18805769433186972,0,0,0,TRANSFER,0
2145.9915270882834,0.8331910162104736,0,0,0,PAYMENT,0
718.6259094559815,1.6749071002899416,0,0,0,WITHDRAWAL,0
1993.7865218398827,0.9566371118825259,1,0,0,PAYMENT,0
773.6869276101936,2.407787897083601,0,0,0,TRANSFER,0
5598.623543619992,2.3519940611185217,0,1,0,PAYMENT,0
1643.0004354158457,0.5111999173207668,0,0,0,TRANSFER,0
1425.6175376772248,1.7803230844183289,0,0,1,PAYMENT,0
1245.2264282334852,0.4991423965758095,1,1,0,PAYMENT,1
6249.56054439049,1.0385347326673648,0,0,0,PAYMENT,0
261.45172702128053,1.5829493347056662,0,0,0,DEPOSIT,0
6893.180218345603,0.5572741042774176,0,0,1,PAYMENT,0
910.3655230526634,1.7347240120741303,0,0,0,PAYMENT,0
268.7686639225886,0.7020511444232764,1,0,0,PAYMENT,0
516.8694191131442,0.6659849081135648,0,0,0,PAYMENT,0
210.43835024394903,1.639933493840911,0,0,0,WITHDRAWAL,0
2108.341177735271,0.557005001033839,0,0,1,PAYMENT,0
388.2723590390792,0.5375224090711757,0,0,0,WITHDRAWAL,0
1298.1139290846277,2.072611130416415,0,0,0,PAYMENT,0
3409.1457652335594,1.078951791434087,0,0,0,PAYMENT,0
560.0259217145378,0.36135889457380027,0,0,0,TRANSFER,0
838.7362602885368,1.820204695595344,0,0,1,PAYMENT,0
297.8629228031987,0.7522994251268267,0,1,0,WITHDRAWAL,0
743.7038399855354,0.37452027535410504,0,0,0,PAYMENT,0
14386.184643280516,0.17288640687351095,0,0,0,PAYMENT,0
2387.335487234599,1.882103450284513,0,1,0,PAYMENT,0
841.5703249690611,0.5477465241146684,0,0,0,PAYMENT,0
594.8516006814903,0.4186620114177878,0,0,0,TRANSFER,0
1050.8625733590115,1.564524558373588,0,0,0,PAYMENT,1
1248.9403517673588,1.7577843385424907,0,0,1,PAYMENT,0
721.2099537285761,0.5763892305510906,0,0,0,PAYMENT,0
1863.215794787848,1.894298265905701,0,0,1,PAYMENT,0
422.65342202690454,4.214053642021182,0,0,0,PAYMENT,0
420.57058499947294,2.566811044413697,0,0,0,PAYMENT,0
1587.9441275890147,2.3019117345827063,0,0,1,PAYMENT,0
340.82128412914034,1.2459401499863325,0,0,0,TRANSFER,0
2273.366957757739,0.7330050087712139,0,0,0,TRANSFER,0
1081.083856383257,0.9616350780513914,0,0,0,WITHDRAWAL,0
176.28302169584845,1.3614075429014594,0,0,0,PAYMENT,0
1223.5345554047692,0.41467575762502107,0,1,0,PAYMENT,0
203.3346970766308,0.5835837335491418,0,0,0,PAYMENT,0
2193.7375448913667,0.36809099583542076,0,0,0,TRANSFER,0
855.1575070559074,1.178957573326869,1,0,0,PAYMENT,0
6981.954818519905,1.0598609769235767,0,0,0,TRANSFER,0
3201.301882627388,0.6332461525571367,0,1,0,PAYMENT,0
379.67191331244754,1.7759747795508882,1,0,0,TRANSFER,0
145.3667902251837,0.4813212963227845,0,0,0,TRANSFER,0
515.3770368595976,0.6170011951009619,0,1,0,PAYMENT,0
323.3519625066822,1.7269701927107985,1,0,0,PAYMENT,0
6807.2131538494405,1.9158685028025317,0,0,0,PAYMENT,0
1085.3798975910345,0.5729204847903749,0,1,0,PAYMENT,1
2788.9453823085887,1.1763657621086245,0,0,1,PAYMENT,0
824.6582742128489,0.5797460775993746,1,0,0,PAYMENT,0
916.2896364748708,0.8709787727914983,0,0,1,PAYMENT,0
1061.4306824365392,1.1059295199691535,0,0,1,WITHDRAWAL,0
3316.0822455702937,1.4803171260359276,0,0,0,TRANSFER,0
1497.6084613909265,1.2489351514824054,1,0,0,WITHDRAWAL,0
380.94924709280826,1.2107180803009556,0,0,0,WITHDRAWAL,0
5555.335732195534,0.47003466298062296,0,1,0,TRANSFER,1
818.2635729427803,1.3123161736658748,0,0,0,TRANSFER,0
695.3948933833354,1.4707106889589017,0,0,0,PAYMENT,0
64.74747461609172,1.619721419298642,0,0,0,TRANSFER,0
2068.128955262775,0.6043123217935575,0,0,1,PAYMENT,0
1213.1949820301127,1.898207332560067,0,0,0,TRANSFER,0
1211.8769760910288,0.39769718569573664,0,0,0,PAYMENT,0
733.0217169145566,0.7396540457582932,0,0,1,TRANSFER,0
616.946407216125,0.824594641027296,0,0,0,TRANSFER,0
757.8000565205681,0.41325669409620003,0,0,0,PAYMENT,0
1742.647645653164,0.8158720742557877,0,0,0,TRANSFER,0
2077.9098196124087,1.167700744924911,0,0,1,PAYMENT,0
870.4135222248858,0.2785826410731927,0,0,1,TRANSFER,0
2832.56373597392,0.7585990753337282,0,0,0,TRANSFER,0
1013.3589844183573,0.29408670134509424,0,0,1,TRANSFER,1
662.3363986142164,4.174844654142173,0,0,0,TRANSFER,0
1337.310217049294,1.1603757230482554,0,0,0,PAYMENT,0
281.6354717877032,1.0920760291706157,0,0,0,TRANSFER,0
1383.9794794479917,1.1763911305229275,0,0,0,WITHDRAWAL,0
234.58497628752525,1.526785342075277,1,0,0,PAYMENT,0
392.3965909711493,1.9831934418566541,0,0,0,TRANSFER,0
145.6648730630512,0.3347110187043801,1,0,0,PAYMENT,0
920.4687464768488,2.502084834635534,0,1,0,PAYMENT,0
5484.239445589109,2.3918753076292254,0,0,1,PAYMENT,0
975.4738363243133,0.9546193278005471,0,0,0,TRANSFER,0
2087.213870764552,0.9202498373410111,0,0,0,PAYMENT,0
11525.461348616593,0.11395717516211892,1,0,0,TRANSFER,0
1642.633208474366,0.4186191117989074,0,0,0,PAYMENT,0
510.19242343537417,1.43791549709771,0,0,0,PAYMENT,0
585.4796332837898,2.3173683881823877,0,0,0,DEPOSIT,0
1097.3552089946995,1.665600710550426,0,0,1,PAYMENT,0
582.3696332073854,0.9483794946244629,1,0,0,PAYMENT,1
627.6062630573094,3.8501453098202716,0,0,0,PAYMENT,0
2937.3230233271893,2.0210615424797833,0,0,0,PAYMENT,0
3059.95742292312,0.7590569335602135,0,0,0,TRANSFER,0
211.2637848743322,4.606541950667704,0,1,0,PAYMENT,0
483.87687414923175,0.4642569705129243,0,0,0,TRANSFER,0
689.5199377690736,0.3569041022713646,0,0,1,PAYMENT,0
1996.3762600898954,0.744700041166117,0,0,0,TRANSFER,0
3439.4800424953123,0.5879883615190149,0,0,0,PAYMENT,0
16349.750794356942,0.7745662140486513,0,0,0,PAYMENT,0
688.3701511962965,1.7483342674691844,1,0,0,TRANSFER,0
723.6235406371226,0.9764949500844462,0,0,0,PAYMENT,0
1975.4865780763694,0.9942090949709866,1,0,0,PAYMENT,1
554.342807259389,1.0420296224127414,0,0,0,WITHDRAWAL,0
952.4505012981647,0.19817043314473753,0,0,0,WITHDRAWAL,0
724.1234516773385,0.34621948492574084,0,0,0,PAYMENT,0
79.7060966694534,0.7635948849126815,0,0,0,WITHDRAWAL,0
1240.4546320475513,0.5542994798523088,0,0,0,TRANSFER,0
913.8249576516885,0.8502275656781667,0,0,0,WITHDRAWAL,0
3909.7591407738455,2.6721672992942307,0,0,0,WITHDRAWAL,0
1102.6706804477717,0.9492200342594529,0,0,0,PAYMENT,0
312.70258204398965,0.3963261671181089,1,0,0,WITHDRAWAL,0
847.1697832305124,0.5739747626801963,0,0,0,PAYMENT,0
135.49261769276862,3.311506216855925,0,0,1,PAYMENT,0
326.7130180107191,2.923395490800047,0,0,0,PAYMENT,0
2070.4183517889546,1.5175758177155478,0,0,0,PAYMENT,0
856.3332062573835,0.3349620123735471,1,1,0,PAYMENT,1
2758.6818098592084,1.2395686479888246,0,0,0,PAYMENT,0
153.4090294186954,1.3081160461601145,0,0,0,WITHDRAWAL,0
860.5215016033432,1.018038916588086,0,0,0,TRANSFER,0
681.6303496634603,0.6709855086257844,0,0,0,PAYMENT,0
2852.207636235343,0.7758145799538892,0,0,0,TRANSFER,0
2149.0104689308164,0.6390321997488225,0,0,0,WITHDRAWAL,0
2084.432990170839,0.44863224923877915,0,0,0,PAYMENT,0
5122.562279585285,2.6017687048075397,0,0,0,PAYMENT,0
758.9325380064937,1.8545084168032446,0,0,0,WITHDRAWAL,0
4167.538427343434,0.8191806793045632,0,0,0,PAYMENT,0
385.98320151253773,1.2795709364735512,0,1,0,PAYMENT,0
372.084973000927,1.313625173490138,0,0,0,PAYMENT,0
2327.957543829385,5.155264835567834,0,0,0,DEPOSIT,0
243.53465715932168,1.8419007903559104,1,0,1,PAYMENT,0
1944.5106458227692,1.7938044098975252,0,0,0,WITHDRAWAL,0
1213.5596675079628,1.0269432887794323,0,0,0,TRANSFER,0
3203.030681830376,0.7377894664547476,0,0,0,PAYMENT,0
1033.3446310764093,2.632403156942613,0,0,0,WITHDRAWAL,0
1159.8534574034652,1.5786822535238239,0,0,0,PAYMENT,0
1824.8717561137728,0.55951811880124,0,0,0,TRANSFER,0
565.2965439127644,1.3739730619467112,0,0,0,PAYMENT,0
541.2025957167791,1.7970928248027542,0,0,0,WITHDRAWAL,0
1762.3958484166455,0.23059746381569246,0,0,0,PAYMENT,0
1064.9809502233916,0.5243107401828387,0,0,0,PAYMENT,0
729.7383773362086,1.289088498393031,0,1,1,TRANSFER,1
1009.5055144587218,0.2599871914899913,0,0,0,WITHDRAWAL,0
5402.188930073877,0.2904592999001021,0,0,1,WITHDRAWAL,0
704.1430934603112,0.8275189942019501,0,0,0,PAYMENT,0
684.0153690339401,1.4106928707184798,0,0,0,PAYMENT,0
198.8509949850139,1.4571006349942803,0,0,0,PAYMENT,0
1051.1573369808652,3.0273258948102115,0,1,1,PAYMENT,1
2115.155288492981,1.0592750102450135,0,0,0,WITHDRAWAL,1
2530.5656041305447,0.7703910796484836,0,0,0,TRANSFER,0
1221.967570870874,0.40045586819876144,0,0,0,TRANSFER,0
2852.1648262539156,0.7639603939805827,0,0,0,TRANSFER,0
2278.4038292248524,1.640942079448891,0,0,0,PAYMENT,0
3337.409645031389,1.6936831605155744,0,0,0,PAYMENT,0
2934.530212239156,1.2034991894056606,0,0,0,WITHDRAWAL,0
5271.014860298468,1.4666493636956872,0,0,0,PAYMENT,0
925.4747355092376,2.443590542208038,0,0,0,TRANSFER,0
290.88906007846583,1.0541031284732656,0,0,0,PAYMENT,0
2129.662389770405,2.604193906472553,0,0,0,PAYMENT,0
2393.5985675328398,0.601305119145489,0,0,0,PAYMENT,0
5271.105508164142,0.9499900851004867,0,0,0,PAYMENT,0
3949.287082527778,0.7142064156299186,0,0,1,TRANSFER,0
7673.072922136092,1.741755638557616,1,0,0,DEPOSIT,1
2038.2644813764382,0.4915758083084987,0,0,1,PAYMENT,0
1378.5818322217963,0.7983279246056308,1,0,1,WITHDRAWAL,0
274.5180126563896,0.2720488743884743,0,0,0,PAYMENT,0
1492.3338779473863,1.5159817666905933,1,0,0,PAYMENT,0
631.12039403475,2.3934915345822345,0,0,0,TRANSFER,0
1354.9366960395855,1.8917372105222527,0,0,1,PAYMENT,0
1158.0735679654308,1.7662158665104521,0,0,0,PAYMENT,0
1757.6510902721986,1.799628540444584,0,1,1,PAYMENT,0
994.9269232200387,1.631966419274948,0,0,0,PAYMENT,0
2793.415139880505,1.5373757981650558,0,0,0,WITHDRAWAL,0
72.0129300647187,1.6083992348827845,0,0,1,PAYMENT,0
1326.094685630806,0.6319294688807175,1,0,0,PAYMENT,0
3650.0267640006114,0.8692405231667755,1,0,0,TRANSFER,1
7115.626132836836,1.0503992001096856,1,0,0,PAYMENT,0
2280.0698065440033,0.7905759115992091,1,0,0,PAYMENT,0
5912.848787375496,0.3340659851380336,0,0,1,PAYMENT,1
1298.4622981530829,0.4212594809655234,1,0,0,WITHDRAWAL,1
1099.77685149193,1.174665328852023,0,0,0,WITHDRAWAL,0
1862.017103276106,1.8852173816955864,0,0,1,WITHDRAWAL,1
1093.135790657499,1.006560764555296,0,0,0,PAYMENT,0
501.51952105711734,6.92664315964301,0,0,1,PAYMENT,0
655.0815658307089,0.5252748124234565,0,0,1,WITHDRAWAL,0
360.6280496964409,1.3654164851798798,0,0,0,WITHDRAWAL,0
1860.0843122847211,2.4690706566100666,0,0,0,PAYMENT,0
1109.197225626791,2.1084940764125157,0,0,0,TRANSFER,0
764.8761178344206,1.5817736856140359,0,0,0,PAYMENT,0
622.2340095720767,2.1152600958310224,0,0,0,PAYMENT,0
1817.2076546338108,1.0395376462203914,0,0,0,PAYMENT,0
2393.347232024967,3.202773718437213,0,0,0,WITHDRAWAL,0
354.06694431687214,2.4552077341980842,0,0,0,WITHDRAWAL,0
302.5708092441556,0.5507031732616692,0,0,0,PAYMENT,0
2848.3921484333796,1.2524448941771746,0,0,0,PAYMENT,0
277.2353436440427,0.33854182289127355,0,0,0,PAYMENT,0
1895.9718465192782,2.9015709037090094,1,0,0,PAYMENT,0
5524.2855110361115,1.169951165116876,0,0,0,PAYMENT,0
5537.147765510682,2.5706042573104644,1,0,1,PAYMENT,1
2293.5877890504457,0.9263063631328793,0,0,0,WITHDRAWAL,0
2227.8884117990906,0.27269883829907726,1,0,1,WITHDRAWAL,0
10424.430847331554,6.335427405039543,0,0,0,WITHDRAWAL,0
106.22976441551008,1.0961038997022303,0,0,1,TRANSFER,1
689.2915451171879,0.4965127895656435,0,0,0,TRANSFER,0
2561.867718695334,2.230071397718499,0,0,0,TRANSFER,0
782.6714408525385,4.15827405214644,0,0,0,TRANSFER,0
3788.7002928165116,0.8678757479252686,0,0,0,PAYMENT,0
1054.314360830813,0.9328884111276474,0,0,1,PAYMENT,0
1251.0567339746585,1.1813198901003776,0,0,0,PAYMENT,1
833.2430161995645,0.4594710042133134,0,0,0,TRANSFER,0
650.3359276722631,0.6166416520110973,0,0,0,PAYMENT,0
634.5334705660944,3.481099196776809,0,0,0,PAYMENT,0
1438.22687469846,0.9116086375247123,0,0,1,WITHDRAWAL,0
505.44287956223275,0.5563877227884315,0,0,0,PAYMENT,0
2844.677215880671,0.728746512111112,0,0,0,PAYMENT,0
2107.4330557500152,2.119068448714915,0,1,0,DEPOSIT,1
3292.5461195307953,0.2507928900802686,1,1,1,PAYMENT,1
354.63023106868724,1.1951299546689305,0,0,0,PAYMENT,0
200.44170437302628,5.604406265805556,0,0,0,TRANSFER,1
1092.0525134278416,4.144341206743745,0,0,0,DEPOSIT,0
19906.48055163983,1.4936786152071173,0,0,0,PAYMENT,0
3890.172492189538,2.51308184589622,0,0,0,PAYMENT,0
629.8953481208952,2.4962220262044688,0,0,0,PAYMENT,0
1676.5814271096401,0.915672599393327,0,1,0,PAYMENT,1
2270.117582163067,1.9104821836201755,0,0,0,WITHDRAWAL,0
279.1116160278294,3.497359003205913,0,0,0,DEPOSIT,0
4314.021751611699,0.4128654317675488,1,0,0,WITHDRAWAL,1
927.577058692826,1.4972882134139598,0,0,0,PAYMENT,0
1001.5650999024297,1.2879255376945171,0,0,1,TRANSFER,0
1123.0288667439524,1.0748865697298011,0,0,0,TRANSFER,0
3444.521026238185,1.0102959562967058,0,0,0,PAYMENT,0
515.3353438171521,1.1760589558805161,0,0,0,TRANSFER,0
198.94531644239188,1.2471993760674152,0,0,1,PAYMENT,0
1514.673666210708,2.1880936931385206,0,0,1,TRANSFER,0
142.07312840772929,1.3959291686437176,0,0,0,TRANSFER,0
811.5097525924167,0.8829262391194221,0,0,0,PAYMENT,0
3593.472520432044,0.5554675873310799,0,0,0,TRANSFER,0
1956.8550623398694,0.7184136493814001,0,1,0,PAYMENT,0
3109.9317690651847,1.200593805135749,1,0,0,PAYMENT,0
2039.278535470046,0.610028551899447,0,0,0,PAYMENT,0
12213.955724334268,1.9388867382512953,0,0,0,DEPOSIT,0
608.9647427422981,1.3512614971591552,0,0,0,PAYMENT,0
1632.9307362027782,2.2265853840386836,0,0,0,WITHDRAWAL,0
707.60040085673,0.6394329860130866,0,0,0,PAYMENT,0
2854.926192993732,0.5589208738811106,1,0,0,PAYMENT,1
1031.1450099673095,2.2149726557507248,0,0,1,PAYMENT,1
6117.109007143718,1.0952337049428902,0,0,0,PAYMENT,0
644.9572558488419,0.8678277833972056,1,0,0,WITHDRAWAL,1
4478.872079390623,1.6307863910205358,0,0,1,PAYMENT,0
1984.5342494332706,1.588856328316947,0,0,0,TRANSFER,0
1061.6068451074236,0.41518352993107654,1,0,0,TRANSFER,0
1886.4317070225754,2.6359709238150866,0,0,0,PAYMENT,0
1424.055957972997,0.7502979682201322,0,0,0,PAYMENT,0
1565.490825391199,3.2871227347207093,0,0,0,PAYMENT,0
891.6992632463548,0.3931814654664168,0,0,0,TRANSFER,0
543.707540243262,1.2487951640527588,0,0,0,WITHDRAWAL,0
784.4076759526214,0.8781526489061129,0,0,0,TRANSFER,0
203.742108901214,0.25090917109096356,1,0,0,PAYMENT,0
2545.158821985143,1.5852554866202382,0,0,0,TRANSFER,0
318.8867511947539,0.2600826227288609,0,0,0,TRANSFER,0
882.1419153001048,0.8153263612245809,0,0,0,PAYMENT,0
2096.5429260048586,2.1662397587603084,0,0,0,PAYMENT,0
2538.672833849016,0.690026563637481,0,0,0,PAYMENT,0
185.92587321245952,0.5312014739540519,0,0,0,TRANSFER,0
1000.3967244671296,1.7511093990504278,0,0,1,TRANSFER,0
1736.7046190997578,0.8397402716526616,0,0,0,PAYMENT,0
1155.1853765587311,0.7531116517460371,0,0,1,WITHDRAWAL,1
4205.1908493764595,2.441212236131451,0,0,0,WITHDRAWAL,0
482.1200262105775,0.44171291804614865,0,1,0,PAYMENT,0
141.31039725337095,0.7248974525942483,0,0,0,PAYMENT,0
2465.9342401638874,1.8340248213672796,0,0,0,PAYMENT,0
640.9259197194534,0.4221632679650555,0,1,0,TRANSFER,1
188.94564902636222,3.4651052654349996,0,0,0,PAYMENT,0
935.8803240982197,0.8591659039094846,0,0,0,WITHDRAWAL,0
3753.927769174723,1.8444279348267185,0,0,1,PAYMENT,0
310.05428101126284,1.8417286690394765,0,0,0,TRANSFER,0
11338.915683230874,0.8988837647802993,0,0,0,WITHDRAWAL,0
474.4320504933656,0.7151174541129343,1,0,0,PAYMENT,0
1196.3264564058989,0.9703725652238424,0,0,0,WITHDRAWAL,0
324.0401999943422,1.646874045629087,0,0,0,WITHDRAWAL,0
1143.2271194039263,0.5013266517916124,0,1,0,PAYMENT,0
959.3463606524455,0.4307269087413466,0,0,0,PAYMENT,0
247.27624133425056,2.826225017805605,0,1,0,WITHDRAWAL,0
18505.568558771934,0.5978600698597929,0,0,0,DEPOSIT,0
668.2503180618676,1.2812788970173425,0,0,0,PAYMENT,0
668.835033279153,0.8680178966887131,1,0,0,PAYMENT,1
2890.0696447734963,0.89538102248364,0,0,0,PAYMENT,0
6729.491639777072,2.721743873870762,0,0,1,PAYMENT,0
3382.7249706536218,0.9421239498969775,0,0,0,TRANSFER,0
329.9099957053838,0.7789734703283216,1,0,0,TRANSFER,0
1358.1910859113473,0.8279512978136514,0,1,0,TRANSFER,0
167.10586230731226,0.7029841783315478,1,0,1,WITHDRAWAL,0
2701.885337124581,0.6255878665515537,1,1,0,PAYMENT,0
213.75101609567292,0.7049609949298141,0,0,0,PAYMENT,0
491.17411422490824,3.203509985085092,0,0,0,PAYMENT,0
1093.1278969991477,1.6454965272434465,0,0,0,TRANSFER,0
1711.2965201735692,0.7853407458759852,0,0,1,TRANSFER,0
844.770824197603,1.9880593148504557,0,0,1,WITHDRAWAL,0
5009.461367053106,0.3292178264019328,0,0,0,PAYMENT,0
2260.2700633672475,2.6194774366012683,1,0,0,WITHDRAWAL,0
2089.5933445971878,2.475912559267919,0,0,0,PAYMENT,0
320.7298237017651,4.784750157324991,0,0,0,PAYMENT,0
5999.118960703447,2.03010193759111,0,0,1,WITHDRAWAL,0
491.2410065416248,1.3580694656074819,0,0,0,PAYMENT,0
6232.559941914069,2.4689631110568486,0,0,0,TRANSFER,0
8284.943057928447,0.6452828043255814,1,0,1,PAYMENT,1
1831.0713878506576,0.7582125344449147,0,0,0,PAYMENT,0
3077.9316176972943,0.9560248496436992,0,0,0,PAYMENT,0
50.25350204472563,2.6070441542958314,0,0,0,DEPOSIT,0
902.3455903186489,0.549297633448217,0,0,0,TRANSFER,0
3301.6104379627204,0.5099496986129325,1,0,0,PAYMENT,0
2764.2103025910815,1.1800734174793164,1,0,0,DEPOSIT,0
323.8487746417453,1.6524703464995998,0,1,0,PAYMENT,1
817.5221196916353,0.6113067480492077,0,0,0,PAYMENT,0
86.80241942162351,1.5988627047032151,0,0,0,WITHDRAWAL,0
1657.379202673882,2.6061643414509237,0,0,0,PAYMENT,0
166.77933623598994,2.3171157138420746,0,0,1,PAYMENT,0
3396.4221332641696,1.2805695475240253,1,0,0,WITHDRAWAL,0
3578.5925538703204,0.9385506791794854,0,0,0,PAYMENT,0
682.4117301583173,3.3700802089391653,0,0,0,PAYMENT,0
1846.922335753597,1.0108411400051098,0,0,1,PAYMENT,0
882.6257538529652,1.9314059973538915,0,0,1,PAYMENT,0
1396.756993091661,3.9384885597322388,0,0,1,TRANSFER,0
348.1873081403198,1.7944304180600856,0,0,0,DEPOSIT,0
2043.6498353943173,0.4975974495688119,0,1,0,TRANSFER,1
212.47296776939885,0.4200775478896032,0,0,0,PAYMENT,0
175.92712339554708,0.8119304509370092,0,0,0,PAYMENT,0
970.7526353192126,1.6432062872708653,0,0,1,PAYMENT,0
887.8090804548812,1.3652671268146432,0,0,0,WITHDRAWAL,0
1439.86081342079,4.6877721384995565,0,0,0,TRANSFER,0
572.7747367074865,1.3560002873564736,0,1,0,PAYMENT,0
7227.812176163445,0.7951624451131041,0,1,0,PAYMENT,0
1287.6897359125953,0.45233172105666763,0,0,0,PAYMENT,0
1384.20573628682,2.2848632244095306,0,0,0,WITHDRAWAL,0
1335.7308542569742,0.9957661277701968,0,0,1,TRANSFER,0
2989.644816762253,0.3484370007349563,0,0,0,PAYMENT,0
1950.8440703350118,1.0157044610427817,0,0,0,TRANSFER,0
1706.189669388988,0.4980689898142205,0,0,0,PAYMENT,0
2289.2604684843236,0.7423412341389162,0,0,0,TRANSFER,0
176.86475827099864,1.0043437905363815,0,0,0,PAYMENT,0
183.67214532841402,0.5306648451094559,0,0,0,PAYMENT,0
1016.3176782398318,0.7108193798225902,0,0,0,PAYMENT,0
899.9382207148835,0.59399529300831,0,0,0,TRANSFER,0
1958.2565558420085,0.6052568065222887,0,0,0,DEPOSIT,0
1118.8055278430145,0.4938051059573913,0,0,0,PAYMENT,0
1962.2850881836523,0.7132415078580736,0,0,0,PAYMENT,0
315.5776378392679,0.5345719695374862,0,0,0,WITHDRAWAL,0
1084.9133809818898,1.5077355374812769,0,0,1,WITHDRAWAL,0
286.8453619582217,1.1509181757074798,0,0,0,PAYMENT,0
1614.6248769966146,2.3078137723340517,1,0,0,TRANSFER,1
167.62258890518007,3.746014119766067,0,1,1,PAYMENT,0
1553.5689298702207,1.6066118326327534,0,0,0,TRANSFER,0
252.39633730777916,1.3698632498679866,0,0,0,TRANSFER,0
747.3041070539824,1.6790633204999854,0,0,0,TRANSFER,1
2683.6355197219855,1.386263740881789,0,0,0,PAYMENT,0
1376.6110384960325,1.0357642311196875,1,0,0,PAYMENT,0
211.5242768956486,0.9796812018812856,0,0,0,PAYMENT,0
559.8148786878672,0.4891094576192724,0,0,0,PAYMENT,0
244.35485059284264,1.7990229068937764,0,0,0,WITHDRAWAL,0
201.38963221709196,0.9783318350044764,0,0,0,PAYMENT,0
1233.56443992615,2.7584344264707505,0,0,0,PAYMENT,0
1920.4183723690153,1.8976098726472892,1,0,0,TRANSFER,0
1703.7822654203187,0.6452185801808992,0,0,0,PAYMENT,0
2003.451685786472,2.3933252880063276,0,0,0,PAYMENT,0
1083.6488052546122,0.16654006472111385,0,0,1,PAYMENT,0
834.3139590754104,3.8618950997112176,0,0,1,WITHDRAWAL,0
375.001742616777,0.3918360782315867,0,0,0,DEPOSIT,0
706.2154269346312,1.4142205417317226,0,0,0,PAYMENT,1
292.5546874022521,1.348767640029597,0,0,0,PAYMENT,0
470.9888745728863,2.1959215594946717,0,0,0,TRANSFER,0
1198.620834742447,0.7944638732318012,1,0,0,TRANSFER,0
974.7625593412239,0.2227148711588052,0,0,1,PAYMENT,0
23499.34994641036,0.795247781562954,0,0,1,PAYMENT,0
285.4892578074911,0.8577748626676487,1,0,0,PAYMENT,0
967.6798307113264,0.23825007738735623,0,0,0,PAYMENT,0
264.0841728274211,1.0322698611852754,0,0,0,PAYMENT,1
744.128789508251,0.4709063476181823,0,0,0,PAYMENT,0
775.0339368549053,1.5751642808904083,0,0,0,PAYMENT,0
2552.631396367859,0.8417638097479497,0,0,0,PAYMENT,0
699.4773832058816,3.946252600476014,0,0,0,PAYMENT,0
905.674889419756,0.8358341591586548,0,0,0,PAYMENT,0
713.14305435101,1.3515794701369805,0,0,0,PAYMENT,0
270.1421375749971,0.8614398422567665,0,0,0,PAYMENT,0
571.2903808037925,0.32100848219354317,0,0,0,PAYMENT,0
748.4940726942589,0.8664948584037483,0,0,0,TRANSFER,0
1180.6564583500442,1.694502875153899,0,0,0,TRANSFER,0
1917.8255308924972,1.5240829180679818,0,0,0,WITHDRAWAL,0
867.3160908179949,0.8144132069927555,0,0,0,WITHDRAWAL,0
852.2021262014642,0.36069257298625484,0,1,0,PAYMENT,0
196.21026042596554,1.5700712671408101,0,0,0,WITHDRAWAL,1
1881.330498075373,1.3413017663571674,1,0,1,WITHDRAWAL,0
546.8103936732712,1.8046877726786341,0,1,0,PAYMENT,1
2314.9034010228256,0.8254071191052222,0,0,1,PAYMENT,0
4090.5714080745424,0.3075669921028355,0,0,1,PAYMENT,1
908.7635808788367,1.4530025334029395,0,0,0,WITHDRAWAL,0
394.1331195981482,0.9936205004165585,1,0,1,PAYMENT,0
1078.472952728783,2.6489905459746677,0,0,0,PAYMENT,0
1554.1778920406832,1.020316754497504,0,0,0,WITHDRAWAL,0
799.8946238089792,0.9686743202168655,0,0,0,WITHDRAWAL,0
623.8822138028352,1.3392076462553566,0,0,0,TRANSFER,0
1926.6388028350877,0.6584598390713565,0,0,0,PAYMENT,0
1803.6691299712127,0.6366119423127261,0,0,0,PAYMENT,0
775.6569592890644,0.9337685408160952,1,0,0,TRANSFER,0
209.7536684320501,0.5250381166994356,0,0,0,TRANSFER,0
1730.8678089295804,0.8518312579425332,0,1,0,PAYMENT,0
509.1144309751113,3.887214950606294,0,0,0,TRANSFER,0
1358.7780407246182,2.0747561085129154,0,0,0,PAYMENT,0
1275.581244408309,1.2406389869922068,0,0,0,PAYMENT,0
165.8448268152173,2.9629164862871553,0,0,0,PAYMENT,0
1189.2542207736933,0.5613406892301152,0,0,1,DEPOSIT,0
1834.509689082481,5.71622092108646,0,0,0,PAYMENT,0
2073.829993972671,0.7244433136642308,0,0,0,PAYMENT,0
1233.1976015323125,4.066017937809568,0,0,0,PAYMENT,0
151.83796857489523,4.053505788402657,0,1,0,DEPOSIT,0
3932.698310177235,0.2930943040986198,0,0,0,DEPOSIT,0
1654.1170940447023,2.7925760917414366,0,0,0,TRANSFER,0
329.2050044793579,0.8197659565402757,0,0,0,PAYMENT,0
498.8158351740304,0.6719455825254579,0,0,0,TRANSFER,0
1381.9132199889684,1.4437540263753519,0,1,0,TRANSFER,1
2164.152682796272,0.49384146846908633,0,0,0,PAYMENT,0
673.1964194846796,1.4210527377365654,0,0,0,PAYMENT,0
2503.7012284241414,0.5175981357050261,0,0,0,PAYMENT,0
182.58816840346478,1.1319654923009572,0,0,0,PAYMENT,0
386.6581575702075,2.5465864246359424,1,0,0,PAYMENT,1
139.16161981431762,1.3107015848461239,0,0,0,PAYMENT,0
447.0162096388813,0.7773581377229732,0,0,0,TRANSFER,0
4954.62708973314,1.4608051810694167,0,0,0,TRANSFER,0
8585.2615138471,0.37361247965292294,0,1,0,WITHDRAWAL,0
1386.5729362199183,0.5558801592188034,1,0,1,PAYMENT,0
579.1553753205873,0.7399378799249815,0,0,0,PAYMENT,0
878.6266813849643,1.7346318007384,0,0,0,PAYMENT,0
1760.4766774693362,1.3285114802255849,0,0,0,TRANSFER,0
229.7562922781599,1.4544335587907846,1,0,0,PAYMENT,0
618.6259593314487,0.981014749621942,0,0,0,WITHDRAWAL,0
4604.977554183381,0.5759872510057367,0,0,0,PAYMENT,0
385.403150538932,2.833979352486567,0,0,0,TRANSFER,0
518.5181857051241,0.613573376965521,0,0,0,PAYMENT,0
1111.197627080833,1.3408815419555078,1,0,0,PAYMENT,0
1455.5545769155601,0.9245267840287863,0,1,1,TRANSFER,1
586.9830558863729,1.4830417526263762,1,0,1,PAYMENT,1
1184.3677693903883,0.6545280158047136,1,0,1,PAYMENT,1
2014.1237851722244,2.089393876394752,1,0,0,TRANSFER,1
7796.668638081626,2.624248425847746,0,0,0,PAYMENT,0
966.5718348020364,2.0015585613380806,0,0,0,TRANSFER,0
1052.267548528793,1.1166551326904026,0,0,0,TRANSFER,0
5051.559800575332,0.7374273734667366,0,0,0,DEPOSIT,0
633.2302763555107,7.210067034600474,0,0,0,TRANSFER,0
291.6769829673654,0.49950524455782813,0,0,1,PAYMENT,0
1408.4554756842083,1.8531014339594791,1,0,0,TRANSFER,1
3216.9050929798623,1.2623176317742228,0,0,0,TRANSFER,0
1573.483350405022,0.9571681386185985,0,0,0,PAYMENT,0
995.2404263106558,1.1383889462127812,0,0,0,TRANSFER,0
257.65117284889703,0.6996670413219662,0,0,0,PAYMENT,0
1034.4557838763262,1.3484272054497874,0,1,0,TRANSFER,1
3763.6892028321727,1.2482931524656098,0,0,0,PAYMENT,0
319.2207655563543,6.5166292499271385,0,0,1,PAYMENT,1
858.5567880982497,2.1161016478078047,0,0,0,PAYMENT,0
744.3529130332496,1.434932687561135,0,0,0,PAYMENT,0
545.8233722502487,1.4961441820991954,0,0,0,DEPOSIT,0
1405.1832559154898,3.624355063087229,0,0,1,TRANSFER,0
1708.3875326355003,0.5069724605448686,0,1,0,PAYMENT,1
1690.5799332019233,0.879929999555722,0,0,0,PAYMENT,0
412.8937254098657,0.26315891772757544,0,0,0,WITHDRAWAL,0
211.45586607394358,1.4786680103218,0,0,1,TRANSFER,1
1425.6575666253573,1.810714693050945,0,0,0,PAYMENT,1
661.2162608075477,0.4981171261372312,0,0,1,PAYMENT,1
6893.349461908439,2.730694609643676,0,0,0,PAYMENT,0
7219.274167491412,0.6045831934415319,0,0,0,PAYMENT,0
8027.99265020729,0.786842107637966,0,0,0,PAYMENT,0
428.32793221429927,1.0872984581145064,0,0,0,TRANSFER,0
1937.9172381039136,3.0524283492921582,0,0,0,PAYMENT,0
2620.060052388628,0.5484065033152823,0,0,0,PAYMENT,0
2341.0486138359806,1.2261424084668697,0,0,0,WITHDRAWAL,0
769.3931258171349,1.720106879871046,0,0,0,PAYMENT,0
3940.9019718800296,1.4887384963068528,0,0,0,PAYMENT,0
1097.1541679542047,1.5277265619798144,0,0,0,PAYMENT,0
1246.5139882663702,1.704122227386794,0,0,0,PAYMENT,1
235.6073264364545,0.678204843767146,0,0,0,TRANSFER,0
2089.677380346443,3.2590829456227084,0,0,0,TRANSFER,0
845.2126786746369,0.9251452019381866,0,0,0,PAYMENT,0
1745.469516078204,0.843079733776967,0,0,0,PAYMENT,0
1387.298624795077,2.568540531235515,0,1,0,PAYMENT,0
1314.1384734875237,0.6431374546091964,0,0,0,WITHDRAWAL,0
1047.6307107391267,1.2513146685759104,0,0,0,PAYMENT,0
2408.1154139478067,0.6029118752514192,0,0,0,TRANSFER,0
898.8421752055011,5.832612836041911,0,0,0,WITHDRAWAL,0
255.90405281796077,5.033211057817033,0,0,0,PAYMENT,0
1937.1161130070036,0.9257336811920904,0,0,0,TRANSFER,0
488.3314983292042,1.4389303447973536,0,0,0,TRANSFER,0
291.7035822275642,1.0036464958809421,0,0,1,PAYMENT,0
394.554257568762,0.7834722452392979,0,1,0,DEPOSIT,1
1455.831333044193,1.0873483754364281,1,0,0,TRANSFER,1
995.7350388127095,0.9719790729350111,0,1,0,PAYMENT,0
129.97173065742567,0.34491157981075815,0,0,0,TRANSFER,0
747.2083462950455,1.202155655835083,1,0,0,PAYMENT,0
3530.628660890146,0.9708289248061074,0,1,0,PAYMENT,0
698.3387701438111,1.2442591837024783,0,0,0,WITHDRAWAL,0
929.3853434046376,0.9471834908431015,0,0,0,TRANSFER,0
3111.908359263169,0.7770601220633951,0,0,0,PAYMENT,0
2429.617844197121,1.8449220775179709,1,0,0,WITHDRAWAL,1
3046.5073663336807,1.4523661914812587,1,0,0,PAYMENT,0
68.5419790182491,2.6570941741910072,0,1,0,PAYMENT,0
6207.559102260004,1.41384201929188,1,0,0,PAYMENT,1
2072.2711017386187,0.8708159909530055,0,0,0,WITHDRAWAL,0
12854.849524417781,1.5399315514527085,0,0,0,PAYMENT,0
501.5352876960373,0.24996628968612755,0,0,0,PAYMENT,0
188.02019821091724,4.360452873831053,0,0,0,PAYMENT,0
1104.5777969436353,1.211750611813879,0,0,1,TRANSFER,0
832.6618940227156,4.614110581078747,0,0,0,PAYMENT,0
2108.3564380254666,0.5441439017797421,1,0,0,WITHDRAWAL,0
3212.8971389632406,0.45732921348036737,0,0,0,PAYMENT,0
1004.9628504870907,1.2918603417086576,0,0,0,PAYMENT,0
862.0316217773225,1.2888808967206142,0,0,0,DEPOSIT,0
1849.5910128858466,1.2671513404895425,0,0,1,PAYMENT,0
848.6707774976664,1.138917605226267,0,0,1,WITHDRAWAL,0
780.5649084136264,0.6442412490835997,0,0,0,WITHDRAWAL,0
3093.736735136886,0.3535433904717284,0,0,0,TRANSFER,0
3865.2353697505728,1.2192127818004233,0,0,0,PAYMENT,0
3242.06659644574,0.40745923007226315,0,0,0,PAYMENT,0
926.8301165923357,0.38140083046077194,0,0,1,PAYMENT,0
129.05143066683732,0.7661002378982925,0,0,0,PAYMENT,0
945.575667146029,1.3518327843129885,0,0,1,TRANSFER,0
513.8955256590764,4.020601290027255,0,0,0,PAYMENT,0
963.213394771189,1.984727276041745,0,0,0,PAYMENT,0
560.544765991273,2.727136918272178,0,1,0,PAYMENT,0
1074.1233768920245,1.5802185832196374,0,0,0,PAYMENT,0
387.8909993979271,1.2927834451244644,1,0,0,PAYMENT,0
304.686251420439,5.777974682911934,0,0,0,TRANSFER,1
3724.5133670852524,0.3961355098293901,0,0,0,PAYMENT,0
415.85738902053987,0.7488165728816739,0,0,0,PAYMENT,0
1096.9968899887006,0.7908667059850434,0,0,0,TRANSFER,0
2848.4060799016643,1.8691614633002815,0,0,0,TRANSFER,0
2736.141858402262,0.5040177817010476,0,0,0,WITHDRAWAL,0
2428.0608288048775,1.7064253182640965,0,0,1,WITHDRAWAL,1
1484.5493163511142,1.5004347241784943,0,0,0,PAYMENT,0
2261.9969505111494,1.767106042840069,0,0,0,PAYMENT,0
4328.98391850558,1.7448282605560583,0,0,0,WITHDRAWAL,0
1677.437472603704,2.9353413379318054,0,0,0,TRANSFER,0
174.65238956594098,0.9661399069396657,0,0,0,WITHDRAWAL,0
646.431213239632,1.449343270073892,0,0,0,PAYMENT,0
2200.346378491376,0.5971514576292033,0,0,0,DEPOSIT,0
585.7564367851179,0.5089749350365215,0,0,0,DEPOSIT,0
5541.9745846442365,3.4396858661039293,1,0,0,PAYMENT,0
1029.4913989399429,0.5663839062290444,0,0,0,PAYMENT,0
1194.2202863421267,1.566616900440398,0,0,1,PAYMENT,0
3377.0039798514445,1.4502413047493816,0,0,1,PAYMENT,0
913.3782631104702,2.2761527469664347,0,0,0,PAYMENT,0
